bg_geoid,pop_total,nh_white,med_income,med_income_moe,tenure_total,renter,under18
360050001001,6600,817,,,0,0,97
360050002002,1542,56,74050.0,55140.0,491,291,419
360050020011,2830,0,,,980,980,1107
360050020021,815,0,62370.0,47143.0,353,196,62
360050023001,2121,0,26724.0,11050.0,904,904,384
360050024000,0,0,,,0,0,0
360050025002,1185,9,17938.0,9704.0,474,474,444
360050025004,1375,104,51300.0,13134.0,336,321,466
360050027012,1490,10,18171.0,2117.0,554,554,615
360050027023,1302,23,,,472,456,459
360050028002,1905,40,51288.0,6783.0,873,723,334
360050031001,1858,29,42228.0,11185.0,687,583,547
360050033003,1027,0,18295.0,8330.0,443,404,163
360050035003,1755,18,30086.0,19424.0,654,593,687
360050039001,1578,0,17583.0,12590.0,708,708,478
360050039003,1794,116,,,555,536,615
360050040011,1425,89,61450.0,12954.0,489,288,314
360050041003,64,0,,,15,15,0
360050048001,2003,0,,,698,698,598
360050050012,1528,0,20640.0,8510.0,479,459,466
360050050021,2339,5,29071.0,2792.0,792,724,847
360050050024,1217,11,44338.0,16255.0,364,333,267
360050051003,1971,0,15395.0,7317.0,777,777,705
360050053001,2893,20,16233.0,4674.0,1056,1056,1148
360050054001,726,2,45898.0,24408.0,211,177,76
360050054004,1026,0,21350.0,15030.0,379,379,198
360050056003,667,5,56042.0,16850.0,185,135,111
360050060001,1266,11,38871.0,5389.0,370,314,282
360050061002,2835,121,50341.0,7925.0,1496,933,179
360050062001,1062,26,26902.0,13358.0,460,433,450
360050062004,1579,0,54613.0,26197.0,495,464,571
360050063011,591,43,54722.0,45266.0,264,261,124
360050063014,2521,539,45303.0,15805.0,900,745,682
360050063021,0,0,,,0,0,0
360050068003,978,0,56250.0,15567.0,345,248,309
360050069003,1509,0,,,597,597,97
360050070002,633,0,50428.0,26311.0,187,179,157
360050071002,2049,65,41087.0,14760.0,786,604,692
360050072002,2368,128,34107.0,14731.0,578,476,620
360050073001,1751,13,13704.0,9552.0,636,616,661
360050074001,1342,0,98085.0,55930.0,397,230,328
360050075001,1026,0,,,375,226,240
360050075004,922,21,27188.0,17249.0,334,327,208
360050076003,1075,7,48841.0,12511.0,322,248,382
360050077001,2037,61,48177.0,13018.0,575,402,469
360050078002,2908,200,54028.0,28790.0,863,700,1032
360050079001,1523,0,29500.0,17654.0,540,540,347
360050079004,1374,0,63370.0,43466.0,456,405,435
360050083001,1025,28,68634.0,29956.0,407,329,191
360050083004,1396,0,40133.0,4714.0,515,389,348
360050084001,919,0,62823.0,15654.0,267,121,195
360050090000,0,0,,,0,0,0
360050090003,685,8,,,250,250,225
360050092001,1273,12,39271.0,13728.0,434,365,297
360050092003,2051,55,55610.0,10827.0,595,480,554
360050093011,784,50,,,260,232,166
360050093014,973,30,37188.0,19715.0,335,283,234
360050093020,0,0,,,0,0,0
360050096001,2093,143,53796.0,9227.0,554,327,420
360050098002,1364,56,,,247,43,167
360050098005,1234,0,41290.0,10719.0,584,584,212
360050115021,1275,23,20362.0,9551.0,391,343,531
360050115023,1743,0,25469.0,24229.0,513,483,660
360050117020,0,0,,,0,0,0
360050118001,2795,1455,125759.0,41367.0,559,232,210
360050119001,2456,58,43409.0,22002.0,662,662,463
360050119004,754,0,15795.0,8403.0,338,338,165
360050130001,1462,500,78125.0,50223.0,461,180,264
360050131003,1623,65,,,621,575,487
360050132001,873,179,69700.0,27182.0,406,117,149
360050132004,938,252,,,299,182,258
360050133002,1970,47,55408.0,34354.0,714,573,455
360050135001,457,0,,,183,149,106
360050138000,0,0,,,0,0,0
360050138002,1227,270,75223.0,29268.0,539,374,259
360050141003,2487,120,28317.0,16499.0,1072,935,579
360050144002,680,0,24815.0,22883.0,402,402,94
360050144005,1194,61,23054.0,7189.0,429,413,470
360050145002,2178,0,18456.0,14181.0,637,637,1049
360050147011,2845,0,40711.0,11829.0,909,909,644
360050147021,617,17,12708.0,7155.0,293,288,207
360050147024,1665,37,46190.0,42129.0,592,592,488
360050149003,2194,60,28618.0,14260.0,659,645,646
360050151002,1242,0,26526.0,4723.0,584,558,376
360050159001,1434,12,25250.0,21610.0,466,425,323
360050160001,1620,714,68047.0,11734.0,681,413,233
360050160004,532,176,94479.0,24299.0,270,99,10
360050161003,1124,11,19956.0,10924.0,414,414,183
360050162002,888,236,98000.0,52692.0,278,98,184
360050165001,1028,0,26989.0,4998.0,320,316,345
360050166002,701,131,76667.0,41235.0,264,80,176
360050169001,1658,14,45017.0,7392.0,541,476,440
360050173002,831,0,13631.0,9800.0,284,226,141
360050175001,2323,37,,,770,770,707
360050175004,1275,32,26512.0,17260.0,614,614,304
360050177011,2184,0,34295.0,22660.0,670,593,758
360050177021,1382,0,42222.0,18949.0,306,172,370
360050177024,1159,0,,,435,413,324
360050179013,1542,23,50481.0,21819.0,445,445,447
360050179023,1823,3,50819.0,27840.0,483,483,699
360050181012,935,10,,,325,306,235
360050184004,1005,764,102625.0,35193.0,276,141,309
360050185022,3512,36,22593.0,4507.0,836,836,1062
360050189001,1973,47,,,581,545,723
360050189004,1996,32,24536.0,10421.0,577,558,659
360050193002,1412,0,,,544,544,563
360050194001,2285,309,63816.0,3347.0,718,412,605
360050195003,1765,0,29857.0,7112.0,601,601,565
360050197002,1546,8,,,611,611,317
360050197005,429,0,,,179,179,60
360050199003,759,0,8880.0,8752.0,297,297,335
360050199006,893,28,36917.0,23763.0,395,293,76
360050200003,25,0,,,25,25,0
360050201001,1728,68,43673.0,3013.0,577,577,387
360050202001,1301,85,63068.0,12965.0,453,345,204
360050204002,1068,48,71188.0,40434.0,217,156,465
360050205012,1431,18,33497.0,6675.0,505,505,400
360050205015,2022,0,17245.0,7221.0,964,964,523
360050210017,2174,86,55260.0,18102.0,1029,815,243
360050210023,336,6,21250.0,3350.0,165,101,0
360050210026,985,17,56875.0,23286.0,481,292,231
360050210028,1342,16,62679.0,16264.0,513,509,172
360050211003,1186,36,16780.0,13436.0,499,493,347
360050212002,1073,0,101179.0,2931.0,479,187,143
360050212005,496,11,,,239,209,66
360050213021,1999,0,19648.0,13431.0,924,924,519
360050213024,1847,0,23192.0,14450.0,673,651,616
360050215013,2067,46,94148.0,77420.0,519,493,513
360050215023,1344,0,22440.0,12063.0,443,414,438
360050216011,1728,33,35938.0,11334.0,586,517,562
360050216014,934,83,34792.0,15241.0,289,276,341
360050216023,324,12,110128.0,80232.0,124,78,86
360050216026,830,0,64792.0,8989.0,236,236,218
360050217002,1240,45,49038.0,8509.0,450,450,333
360050222002,790,66,70066.0,17277.0,212,132,113
360050223001,1080,0,33203.0,22919.0,297,297,399
360050223004,2247,14,16973.0,9260.0,894,894,630
360050224031,568,107,40208.0,31388.0,263,263,77
360050224042,1088,188,60990.0,18492.0,545,469,113
360050225002,2113,240,49821.0,46961.0,308,259,874
360050225005,856,0,45129.0,21259.0,275,275,205
360050227012,2115,45,18086.0,15793.0,861,861,542
360050227031,1858,72,66683.0,15892.0,659,647,691
360050228003,1776,337,55745.0,15433.0,583,583,686
360050229011,1020,11,47778.0,8159.0,524,524,194
360050229014,543,0,,,269,269,120
360050229022,1225,15,53942.0,15760.0,394,195,286
360050230002,1337,417,73625.0,24431.0,431,294,378
360050232002,1358,336,52604.0,17199.0,401,241,456
360050233013,781,0,,,324,296,223
360050237041,998,0,18250.0,4912.0,365,365,361
360050238001,85,17,,,29,0,32
360050239001,922,11,51250.0,5259.0,252,226,198
360050239003,1188,0,44024.0,16257.0,378,378,410
360050239006,722,2,,,193,193,319
360050240002,987,268,,,243,121,318
360050241002,1359,48,,,567,567,218
360050241005,2192,115,,,734,734,687
360050243003,1162,19,30471.0,9297.0,438,438,322
360050244002,1389,418,53417.0,12388.0,499,217,259
360050245013,1062,0,54205.0,22330.0,318,318,186
360050245022,287,0,,,106,106,50
360050246001,890,318,51346.0,18256.0,350,191,236
360050247002,1092,24,56146.0,16560.0,449,441,198
360050248003,702,333,92250.0,48065.0,260,93,82
360050250002,834,513,79635.0,21728.0,320,99,259
360050254002,1043,504,73393.0,33891.0,375,178,250
360050255003,1738,144,51250.0,31560.0,570,517,476
360050257001,1732,52,48708.0,18945.0,699,676,334
360050263002,1448,0,29011.0,3652.0,520,520,376
360050263004,1149,0,80388.0,73676.0,393,379,254
360050264002,1014,491,80694.0,54376.0,347,168,315
360050265001,2386,165,63103.0,43807.0,642,609,492
360050265004,1352,0,51000.0,17016.0,404,388,394
360050266013,741,242,69100.0,36190.0,270,161,181
360050266023,949,680,69149.0,18096.0,540,328,67
360050267011,1553,13,,,538,532,562
360050267021,2220,52,47292.0,13909.0,712,712,433
360050267024,611,43,128529.0,769.0,498,69,0
360050269001,1097,3,,,858,858,100
360050273003,2409,58,21354.0,19992.0,855,855,441
360050274012,738,616,,,276,44,177
360050279003,1967,78,48068.0,20154.0,573,459,476
360050279006,1823,39,78088.0,31276.0,586,586,422
360050281003,1269,437,60114.0,45099.0,563,238,119
360050284001,527,291,,,0,0,0
360050285003,396,132,,,206,206,36
360050286002,430,219,90833.0,12914.0,210,101,47
360050287003,1120,204,55298.0,19597.0,415,415,205
360050288002,701,390,178125.0,148420.0,185,0,98
360050289001,1141,71,,,412,412,297
360050289004,732,258,56080.0,13106.0,374,374,88
360050293012,862,408,136250.0,63390.0,296,34,138
360050293023,1887,1154,106890.0,39373.0,816,513,587
360050295002,1074,516,96311.0,9538.0,470,157,173
360050296001,1422,295,48919.0,3865.0,767,670,195
360050297002,1422,938,96591.0,34170.0,712,403,251
360050300002,1559,474,122230.0,62958.0,525,277,99
360050300004,1092,195,53597.0,34490.0,539,450,172
360050307014,1571,1151,175417.0,91650.0,657,448,453
360050309002,559,529,250001.0,-333333333.0,250,29,159
360050310001,1300,667,88517.0,12397.0,350,88,124
360050312001,913,175,107546.0,23547.0,303,70,299
360050314002,1196,335,86912.0,22710.0,330,104,122
360050316002,1018,365,83571.0,56406.0,362,159,148
360050319000,0,0,,,0,0,0
360050323002,1235,806,103077.0,11027.0,628,58,215
360050323005,214,16,,,68,68,31
360050326001,1258,478,86111.0,45895.0,394,189,192
360050328001,1019,246,36838.0,22133.0,414,374,238
360050328004,1263,251,40313.0,22358.0,410,352,503
360050330003,2162,1496,41845.0,30191.0,789,741,569
360050332011,1813,380,,,959,766,283
360050332021,1226,113,41538.0,23866.0,576,410,163
360050332024,778,54,11815.0,2372.0,274,264,46
360050335002,574,355,128824.0,30391.0,200,46,97
360050269003,728,1,51417.0,26711.0,265,258,247
360050340004,795,8,82667.0,14636.0,276,186,195
360050342002,780,48,104659.0,42358.0,241,83,138
360050344001,1019,32,81131.0,33942.0,303,53,262
360050345002,1464,530,109474.0,103588.0,456,334,300
360050348002,2892,0,23256.0,6906.0,1130,1130,998
360050350001,853,45,92813.0,32632.0,272,109,170
360050351002,1314,417,70720.0,28464.0,713,491,173
360050356002,1055,8,76724.0,31383.0,376,161,142
360050358003,1061,57,,,295,163,372
360050358005,923,31,74176.0,53198.0,310,35,145
360050359001,2107,20,26619.0,6872.0,781,743,727
360050360003,1182,123,87228.0,86158.0,331,82,244
360050361003,1073,5,,,431,431,299
360050363001,1108,56,,,471,416,248
360050363004,1438,0,,,397,349,785
360050364001,986,0,68661.0,53997.0,343,131,185
360050370002,722,13,58750.0,38151.0,254,73,142
360050371002,914,32,,,412,382,156
360050372001,842,0,42188.0,23078.0,340,257,214
360050373002,1667,3,,,374,307,640
360050374001,937,11,,,283,278,244
360050374003,562,20,,,308,308,162
360050375042,983,0,12255.0,7102.0,378,378,336
360050376002,1144,27,69286.0,37316.0,372,195,171
360050378003,660,10,20786.0,8544.0,256,236,195
360050379003,833,0,,,268,268,293
360050380001,1034,20,51786.0,23870.0,562,233,126
360050380004,1511,13,34158.0,14412.0,651,553,429
360050381003,730,0,47132.0,38352.0,222,222,196
360050381005,1120,12,48955.0,12518.0,491,439,222
360050382002,1487,18,,,473,214,472
360050383013,2390,7,47791.0,5143.0,687,665,591
360050383041,2398,17,12948.0,12317.0,795,757,832
360050388001,1560,14,62083.0,16747.0,530,278,535
360050389002,1106,416,17386.0,10290.0,370,370,247
360050389004,992,37,48043.0,14259.0,296,274,209
360050390002,1328,0,62969.0,29808.0,489,432,261
360050391003,991,15,18409.0,11829.0,338,289,284
360050391006,1299,369,68225.0,20627.0,316,287,440
360050393001,2046,56,34347.0,19464.0,833,811,719
360050393004,2064,61,42525.0,40896.0,611,611,774
360050394001,934,0,41250.0,17289.0,355,355,202
360050394004,1020,24,,,320,248,295
360050395002,976,14,55357.0,52249.0,374,256,189
360050396001,936,3,36641.0,27498.0,283,171,212
360050396004,845,138,30417.0,24966.0,287,287,139
360050398001,2031,12,,,559,271,468
360050399011,1096,8,36583.0,17329.0,330,330,366
360050399014,1742,0,36701.0,25659.0,489,489,422
360050403041,832,0,23810.0,23696.0,288,288,278
360050404001,1776,0,96250.0,28768.0,536,141,499
360050405011,1770,31,36285.0,22189.0,543,543,579
360050405021,1375,0,46328.0,12428.0,469,408,234
360050405024,1327,9,,,373,345,446
360050406001,1878,2,41845.0,35053.0,604,387,444
360050407011,1032,20,25724.0,18973.0,371,365,283
360050407021,571,40,,,285,285,97
360050407024,1342,51,47589.0,30956.0,454,454,390
360050408002,637,0,,,208,134,198
360050409001,2780,263,56815.0,18462.0,1163,969,621
360050411001,1633,144,42625.0,36310.0,539,510,306
360050413001,2462,246,62292.0,10843.0,823,722,586
360050413004,948,40,,,363,349,196
360050413007,1602,155,54419.0,22572.0,633,555,220
360050414003,1062,30,49559.0,5494.0,338,216,266
360050419004,970,92,42237.0,32543.0,326,326,276
360050419007,640,128,43155.0,25086.0,331,331,34
360050420003,1860,0,35833.0,27830.0,556,539,338
360050421003,455,18,12578.0,7299.0,237,216,151
360050422001,1256,36,49750.0,26199.0,537,214,279
360050423002,1479,373,42232.0,9767.0,519,503,299
360050424002,1181,21,80054.0,10393.0,429,213,299
360050425003,704,0,51579.0,37742.0,246,246,188
360050425005,562,197,110403.0,85680.0,130,130,222
360050426001,1266,0,101935.0,52052.0,339,120,116
360050426004,1263,0,118333.0,67770.0,362,118,117
360050428001,934,22,,,390,80,137
360050429012,1186,36,48881.0,5243.0,348,312,407
360050429022,873,44,21745.0,13805.0,311,311,212
360050430002,850,0,,,334,40,258
360050431012,467,0,32699.0,17415.0,182,182,98
360050442004,1505,0,,,494,85,349
360050444002,753,10,93021.0,50247.0,258,140,145
360050448001,1143,0,97438.0,34556.0,359,83,230
360050449012,1061,893,81250.0,30528.0,452,255,135
360050451011,420,360,77917.0,30690.0,254,193,27
360050451022,1344,942,75125.0,15019.0,585,380,317
360050456003,951,231,,,304,99,159
360050458003,125,0,,,68,68,0
360050460001,2461,115,35745.0,26352.0,750,693,658
360050462032,476,0,62965.0,13655.0,351,55,0
360050462042,758,70,,,470,137,70
360050462051,427,0,98199.0,91526.0,356,234,0
360050462054,540,59,,,297,161,0
360050462062,1756,149,48039.0,31755.0,901,488,455
360050462071,409,0,90516.0,52737.0,173,0,100
360050462081,1088,0,,,338,225,333
360050516012,802,684,100927.0,27193.0,487,113,13
360050516015,0,0,,,0,0,0
360050027011,1182,0,16458.0,8956.0,473,471,329
360050056001,910,50,13836.0,11008.0,509,453,132
360050078004,1434,7,58846.0,52759.0,546,318,273
360050093013,2120,45,44323.0,26561.0,582,579,625
360050343001,863,323,95139.0,9099.0,251,96,165
360050391001,1091,0,,,402,293,201
360050420002,1552,19,,,811,761,282
360050223002,796,72,,,403,403,104
360050223003,1045,5,27292.0,11363.0,399,399,161
360050224011,1137,41,51047.0,20961.0,493,392,318
360050224012,1333,173,44340.0,17397.0,554,554,249
360050224032,2352,387,55893.0,28715.0,967,804,459
360050224041,763,136,72900.0,60907.0,272,208,193
360050224043,2533,218,56554.0,10192.0,1022,701,498
360050225001,1199,76,55518.0,17211.0,431,431,235
360050225003,1351,69,44188.0,17505.0,392,362,301
360050225004,389,0,38841.0,32948.0,106,106,92
360050225006,3029,40,47949.0,29105.0,708,708,1127
360050227011,920,20,38333.0,34449.0,436,436,199
360050227013,1713,6,34479.0,19560.0,637,593,488
360050227021,1494,0,26633.0,15918.0,538,512,284
360050228001,1433,377,53837.0,4028.0,677,317,209
360050228002,1885,200,83958.0,24752.0,732,709,411
360050228004,1144,192,59331.0,11125.0,465,465,241
360050229012,704,12,,,298,267,40
360050229013,957,38,31579.0,27078.0,292,292,278
360050229015,1972,35,25648.0,23712.0,544,501,683
360050229021,1165,22,32833.0,29110.0,376,341,375
360050229023,1026,0,28953.0,11786.0,340,340,439
360050230001,1484,129,25599.0,19390.0,589,550,425
360050231001,1569,62,41635.0,11192.0,427,411,429
360050232001,1024,380,47442.0,13710.0,376,212,182
360050233011,546,11,50596.0,29863.0,291,251,71
360050233012,1734,0,47054.0,13596.0,657,571,337
360050233014,794,0,29114.0,21853.0,329,329,200
360050233021,1673,36,55484.0,20458.0,378,378,506
360050233022,1908,20,18272.0,16503.0,535,535,697
360050235011,1505,0,33667.0,17329.0,600,600,471
360050235012,915,18,,,344,344,222
360050235013,802,0,51201.0,34097.0,243,243,146
360050235021,1869,0,41710.0,4469.0,593,533,673
360050235022,1165,0,31477.0,13721.0,400,400,431
360050235023,505,0,49375.0,42438.0,220,205,30
360050235024,807,0,42961.0,11822.0,273,273,155
360050236001,943,104,,,327,266,242
360050236002,666,159,55288.0,29014.0,215,162,226
360050237021,1395,23,46346.0,22330.0,414,408,437
360050237031,3359,49,23542.0,19182.0,1019,1008,929
360050237032,1408,17,18269.0,14735.0,344,344,434
360050237033,895,0,33682.0,2466.0,230,230,370
360050237042,1448,1,20900.0,14386.0,494,480,388
360050237043,1392,0,47798.0,21392.0,373,373,375
360050238002,997,168,65833.0,24240.0,324,180,251
360050238003,1199,189,58625.0,10971.0,403,289,227
360050239002,998,0,42344.0,6010.0,339,339,119
360050239004,1750,0,45735.0,43254.0,408,408,586
360050239005,1673,0,20208.0,2971.0,520,520,648
360050239007,694,0,48324.0,25849.0,281,281,145
360050240001,1630,343,45255.0,29952.0,586,456,420
360050240003,1315,30,56467.0,42613.0,461,236,142
360050241001,1086,0,40417.0,8880.0,286,262,186
360050241003,903,101,31089.0,7760.0,333,301,308
360050241004,1006,77,44797.0,12617.0,354,354,348
360050243001,1158,0,21027.0,17613.0,541,541,278
360050243002,1533,16,45672.0,12704.0,422,398,522
360050243004,1614,29,24219.0,7620.0,517,499,525
360050244001,626,294,60375.0,19560.0,321,247,45
360050245011,1414,0,16000.0,7736.0,444,444,352
360050245012,1186,68,33008.0,15691.0,333,314,399
360050245014,1142,0,19471.0,11947.0,301,294,481
360050245021,1569,75,,,550,542,388
360050245023,1776,12,39188.0,13446.0,547,532,541
360050246002,1205,415,90500.0,18534.0,398,229,206
360050247001,814,7,47400.0,34307.0,302,295,189
360050248001,1090,557,87969.0,51481.0,271,211,93
360050248002,1386,590,53405.0,28277.0,611,555,228
360050249001,0,0,,,0,0,0
360050250001,1770,873,70859.0,46801.0,663,342,298
360050251001,1518,39,27396.0,23247.0,375,375,619
360050251002,725,25,41612.0,30999.0,299,239,106
360050251003,749,0,,,232,160,206
360050251004,897,91,47670.0,46234.0,247,235,143
360050251005,1494,5,48875.0,22955.0,523,276,177
360050251006,119,0,,,41,0,0
360050251007,928,0,43157.0,14967.0,463,404,70
360050252001,1287,463,70833.0,29749.0,466,298,334
360050252002,1390,536,68750.0,42732.0,470,282,267
360050253001,2425,0,38964.0,18268.0,715,658,773
360050253002,1494,21,,,461,461,504
360050253003,1190,0,51845.0,18483.0,411,411,342
360050253004,1046,0,,,290,290,273
360050254001,869,561,45897.0,5349.0,396,193,139
360050255001,2771,75,45175.0,28659.0,835,759,599
360050255002,3217,10,44006.0,17935.0,993,981,886
360050256001,702,221,52500.0,26088.0,280,196,91
360050256002,845,137,48000.0,32624.0,332,233,212
360050261001,1994,112,50913.0,10239.0,1108,180,368
360050263001,838,0,,,264,264,259
360050263003,1253,54,45500.0,14410.0,382,304,406
360050263005,1626,327,13153.0,5060.0,782,773,73
360050264001,1649,435,60625.0,29436.0,593,215,628
360050264003,1673,565,,,513,160,302
360050264004,1075,276,37125.0,10705.0,542,423,84
360050265002,1822,33,36484.0,28996.0,580,580,539
360050265003,1866,11,50870.0,19335.0,514,514,498
360050266011,1857,402,47093.0,15226.0,828,737,443
360050266012,510,153,80486.0,46252.0,265,170,84
360050266021,1287,378,31078.0,27194.0,711,539,242
360050266022,1869,231,54587.0,31728.0,722,632,492
360050266024,413,123,,,247,236,51
360050266025,711,182,52620.0,14855.0,249,210,247
360050267012,1423,26,24926.0,8735.0,526,526,420
360050267013,1010,19,47670.0,23146.0,217,199,428
360050267022,1089,0,15150.0,8890.0,322,322,379
360050267023,1377,98,35125.0,17965.0,455,455,345
360050267025,1030,0,59655.0,8025.0,268,250,335
360050267026,1535,48,19369.0,3174.0,532,532,594
360050269002,1827,21,43295.0,28015.0,612,444,257
360050273001,929,197,62677.0,11890.0,484,386,114
360050273002,2171,79,93343.0,29896.0,793,631,347
360050273004,1803,79,19296.0,14192.0,747,626,211
360050274011,752,600,44250.0,28485.0,270,138,295
360050274013,2352,1712,102204.0,18324.0,811,109,589
360050274014,1200,515,88409.0,50622.0,376,150,283
360050274020,0,0,,,0,0,0
360050274021,1585,1086,90655.0,16770.0,490,166,329
360050274022,492,436,,,209,71,139
360050274023,1365,578,136295.0,56809.0,566,247,112
360050276000,0,0,,,0,0,0
360050276001,261,183,2499.0,-333333333.0,146,146,10
360050277001,1172,228,50288.0,49564.0,405,392,516
360050277002,791,197,63396.0,13287.0,341,319,143
360050277003,460,26,51766.0,26659.0,151,151,98
360050277004,2080,89,21563.0,5071.0,919,897,369
360050279001,634,83,105952.0,91901.0,204,172,227
360050279002,960,46,107978.0,78400.0,471,254,90
360050279004,1562,392,53319.0,13803.0,560,265,375
360050279005,938,229,40217.0,5130.0,366,195,249
360050281001,1230,505,72786.0,13929.0,598,353,177
360050281002,1300,259,45625.0,13439.0,585,229,209
360050283001,968,76,12244.0,8297.0,403,403,333
360050283002,1118,236,98625.0,77143.0,435,400,168
360050285001,1223,506,62852.0,8872.0,573,507,251
360050285002,484,195,26944.0,23527.0,330,150,43
360050285004,1435,576,83659.0,19600.0,588,368,125
360050286001,519,157,77578.0,26513.0,260,154,84
360050287001,1755,382,68194.0,44272.0,621,364,431
360050287002,371,70,,,191,167,40
360050288001,1569,980,76142.0,29407.0,487,204,348
360050288003,455,362,54688.0,41628.0,198,157,119
360050288004,526,380,74671.0,21541.0,204,136,107
360050289002,1526,9,26288.0,16749.0,534,534,576
360050289003,1210,326,58846.0,17877.0,504,237,178
360050293010,0,0,,,0,0,0
360050293011,910,838,128750.0,39045.0,565,89,60
360050293021,1038,816,145038.0,31715.0,570,132,197
360050293022,1489,630,92841.0,45875.0,722,241,329
360050293024,1132,667,110343.0,26071.0,558,141,173
360050295001,1496,703,82188.0,32356.0,817,461,211
360050295003,1290,483,99200.0,59496.0,506,241,335
360050295004,541,118,91852.0,34191.0,322,195,80
360050296002,385,201,76023.0,47417.0,71,17,76
360050297001,1662,1277,82250.0,19629.0,800,309,472
360050297003,862,477,97386.0,39971.0,281,122,167
360050300001,1265,253,122838.0,40574.0,304,183,257
360050300003,862,166,68971.0,45623.0,442,313,176
360050300005,797,508,58689.0,22660.0,349,185,188
360050300006,832,328,66381.0,13787.0,346,257,229
360050301001,819,525,100500.0,27874.0,424,144,143
360050301002,644,309,19063.0,6224.0,211,168,16
360050302011,1850,235,,,642,306,199
360050302012,851,25,,,319,135,50
360050302013,1112,0,55417.0,18162.0,611,294,145
360050302021,1716,20,62468.0,21112.0,779,459,216
360050302022,0,0,,,0,0,0
360050302023,2971,0,67016.0,6226.0,1437,801,614
360050302024,441,19,34020.0,10598.0,240,162,17
360050307011,519,390,173846.0,75668.0,242,40,21
360050307012,2874,1652,125288.0,35633.0,1051,701,829
360050307013,862,547,,,407,195,243
360050309000,0,0,,,0,0,0
360050309001,1676,1139,38971.0,13556.0,148,138,0
360050309003,1242,868,73068.0,45465.0,662,491,156
360050309004,915,491,117083.0,69575.0,367,88,211
360050310002,1396,294,125625.0,65867.0,350,161,56
360050310003,1856,604,100352.0,12324.0,608,127,274
360050312002,618,340,74620.0,43158.0,257,164,78
360050314001,889,277,92500.0,51057.0,302,98,172
360050316001,960,300,75441.0,28258.0,322,166,181
360050318001,1105,73,132463.0,32780.0,277,126,142
360050318002,1110,479,135625.0,125518.0,288,69,147
360050319001,141,69,,,0,0,15
360050323001,864,623,101679.0,27385.0,670,144,15
360050323003,468,257,55563.0,54313.0,313,112,33
360050323004,1648,1236,57049.0,52157.0,913,466,242
360050324001,1282,104,17849.0,14602.0,674,674,253
360050324002,2004,199,35547.0,31875.0,515,341,340
360050326002,1493,313,95813.0,5916.0,416,280,274
360050326003,944,373,98750.0,37643.0,227,70,185
360050328002,931,79,30417.0,23348.0,399,399,273
360050328003,776,39,51875.0,13485.0,252,174,168
360050330001,1452,111,,,478,435,416
360050330002,847,587,41401.0,18482.0,375,360,262
360050330004,995,31,46829.0,19941.0,490,409,223
360050332012,2054,142,45962.0,30436.0,874,750,722
360050332013,1436,645,24598.0,14907.0,718,587,252
360050332022,1330,228,74360.0,17469.0,537,337,304
360050332023,487,43,41653.0,2021.0,258,227,86
360050334001,13,1,,,4,0,0
360050335001,345,317,250001.0,-333333333.0,69,13,151
360050335003,1123,694,92109.0,44092.0,434,232,89
360050336011,1622,47,41280.0,8136.0,663,663,340
360050336012,959,0,44127.0,31975.0,340,257,241
360050336013,1089,33,43400.0,9945.0,314,314,389
360050336014,1451,103,,,806,806,232
360050336021,1678,58,51400.0,20906.0,676,393,496
360050337001,653,413,,,233,94,153
360050337002,1082,659,136042.0,45585.0,349,85,222
360050337003,897,726,108333.0,36042.0,352,98,200
360050338011,686,48,60785.0,4348.0,294,250,160
360050338012,1575,69,75885.0,23062.0,497,326,538
360050338021,1687,142,50239.0,19433.0,551,532,487
360050340001,1295,46,51492.0,16432.0,497,412,384
360050340002,2268,93,54583.0,16087.0,710,573,786
360050340003,1325,178,59250.0,29225.0,338,293,391
360050342001,918,93,61250.0,1198.0,360,205,251
360050343002,797,177,71331.0,18330.0,319,270,223
360050344002,1183,10,48558.0,29259.0,323,186,373
360050345001,930,392,69432.0,17560.0,461,238,102
360050345003,884,719,135170.0,30474.0,370,115,225
360050348001,1048,0,97970.0,55533.0,281,90,318
360050348003,882,60,113885.0,42302.0,325,77,35
360050348004,1092,72,,,342,17,249
360050350002,1274,156,61996.0,25116.0,443,261,308
360050351001,1292,995,122625.0,28567.0,117,14,89
360050351003,1113,464,82019.0,20482.0,437,258,251
360050356001,1116,21,97827.0,33927.0,329,87,148
360050358001,1395,0,,,594,103,173
360050358002,1630,1,77540.0,10998.0,441,191,209
360050358004,879,20,78318.0,27049.0,308,174,161
360050358006,2077,219,150128.0,89474.0,635,151,309
360050358007,626,22,,,233,138,54
360050360001,878,49,79826.0,24582.0,257,76,246
360050360002,1058,159,71161.0,14713.0,355,41,105
360050361001,633,0,,,294,294,124
360050361002,1626,18,20057.0,16913.0,631,606,594
360050361004,958,0,42781.0,42284.0,247,247,384
360050361005,1537,4,23478.0,9413.0,468,468,331
360050363002,467,30,61250.0,36766.0,176,176,0
360050363003,1300,12,,,412,412,348
360050363005,920,20,14656.0,13103.0,440,420,318
360050363006,1788,105,27756.0,9914.0,473,434,484
360050364002,850,1,47000.0,46594.0,250,116,180
360050364003,782,5,80511.0,47192.0,275,128,115
360050365011,1078,12,17115.0,17054.0,524,490,130
360050365012,1928,12,40682.0,20780.0,564,518,721
360050365013,980,0,40871.0,6040.0,283,265,340
360050365021,1139,15,31029.0,15348.0,392,359,357
360050365022,1343,9,26875.0,11828.0,366,362,344
360050367001,779,8,67500.0,24573.0,206,125,228
360050367002,1361,39,24773.0,15137.0,426,366,401
360050368001,1207,0,51618.0,26219.0,334,147,261
360050368002,997,23,76731.0,20577.0,236,141,276
360050369011,1286,8,18472.0,10667.0,410,342,502
360050369012,755,0,25125.0,11514.0,356,356,151
360050369021,635,0,14813.0,14297.0,215,215,205
360050369022,1451,62,16667.0,3892.0,564,542,452
360050370001,1086,6,75429.0,17338.0,278,64,181
360050370003,508,6,83750.0,22360.0,168,58,72
360050371001,1356,53,54453.0,22884.0,419,376,349
360050371003,1240,0,12303.0,5090.0,653,630,267
360050371004,732,12,48821.0,16505.0,311,265,139
360050372002,1332,29,52125.0,22603.0,489,341,292
360050373001,1230,1,51615.0,20364.0,439,279,356
360050373003,1203,27,,,316,316,350
360050373004,2091,11,14491.0,2999.0,770,770,866
360050374002,1576,30,35854.0,8592.0,568,385,241
360050374004,617,0,24954.0,16149.0,335,326,196
360050375041,876,100,,,239,230,246
360050375043,1502,26,34034.0,9313.0,603,587,432
360050376001,1123,101,39438.0,22550.0,403,307,262
360050378001,1573,4,58831.0,22635.0,527,500,434
360050378002,917,22,42261.0,29914.0,287,183,292
360050379001,2024,0,30987.0,19771.0,530,530,1060
360050379002,633,60,,,74,37,112
360050379004,588,30,30038.0,16633.0,197,167,105
360050379005,1470,0,24957.0,12343.0,445,445,524
360050380002,1242,31,,,294,151,454
360050380003,1458,111,20366.0,8783.0,468,324,509
360050381001,810,14,56939.0,29957.0,228,228,179
360050381002,1853,0,31667.0,3536.0,558,558,583
360050381004,742,0,55188.0,44345.0,241,182,241
360050381006,2621,30,37064.0,20881.0,773,773,991
360050382001,1530,24,53214.0,33414.0,498,231,340
360050383011,1196,14,49792.0,45485.0,332,332,267
360050383012,1448,29,36389.0,27462.0,622,612,386
360050383031,1727,0,22576.0,5817.0,564,559,497
360050383032,1974,16,17683.0,4547.0,718,681,616
360050385001,842,8,,,279,279,296
360050385002,522,0,78594.0,42886.0,143,115,159
360050001000,0,0,,,0,0,0
360050002000,0,0,,,0,0,0
360050002001,1385,12,,,447,189,210
360050002003,1240,9,68333.0,16895.0,402,84,344
360050004000,0,0,,,0,0,0
360050004001,491,129,,,171,48,102
360050004002,728,44,61463.0,12428.0,301,167,92
360050004003,3817,143,94913.0,30350.0,1401,268,879
360050004004,648,55,107083.0,71806.0,237,78,57
360050016001,3066,33,31449.0,6001.0,1218,1209,734
360050016002,644,89,45208.0,31677.0,209,58,115
360050016003,1308,34,45580.0,10640.0,474,474,383
360050016004,899,73,46957.0,38615.0,252,153,86
360050019011,1910,259,61711.0,15310.0,784,776,446
360050019021,1334,201,53882.0,10884.0,329,269,388
360050019031,0,0,,,0,0,0
360050019032,0,0,,,0,0,0
360050019040,0,0,,,0,0,0
360050019041,0,0,,,0,0,0
360050019042,0,0,,,0,0,0
360050020012,1198,0,12269.0,7585.0,418,418,479
360050020013,809,0,50391.0,50348.0,256,256,141
360050020022,2426,0,87582.0,53508.0,810,531,534
360050020023,1527,0,10403.0,9956.0,702,562,376
360050023002,939,1,22105.0,13889.0,296,296,410
360050023003,1457,6,,,674,674,307
360050024001,0,0,,,0,0,0
360050025001,929,7,38325.0,17158.0,329,311,126
360050025003,1411,8,25075.0,5031.0,536,536,393
360050025005,794,130,,,257,222,127
360050027021,1095,0,20845.0,14386.0,387,387,182
360050027022,867,0,43785.0,19983.0,163,163,216
360050027024,1240,0,7181.0,6574.0,448,448,486
360050028001,1215,0,54890.0,53923.0,441,286,358
360050028003,1141,0,51313.0,17850.0,625,606,163
360050028004,769,25,56364.0,21268.0,462,462,69
360050033001,782,26,50465.0,34666.0,286,240,308
360050033002,1331,0,,,479,460,553
360050385003,1665,0,20964.0,8628.0,500,481,836
360050385004,1370,18,17821.0,7469.0,713,711,360
360050386001,1299,5,113722.0,36653.0,347,37,320
360050386002,678,0,69110.0,13599.0,182,151,153
360050386003,661,0,28790.0,13416.0,311,311,129
360050386004,1030,0,102808.0,44531.0,395,17,36
360050386005,1010,0,90568.0,60444.0,263,121,319
360050386006,927,0,60060.0,38631.0,344,344,456
360050386007,2358,0,28724.0,7612.0,675,675,819
360050386008,1518,0,55406.0,30537.0,317,259,401
360050387001,973,104,37188.0,10338.0,453,453,169
360050387002,1070,58,41382.0,16815.0,391,369,270
360050387003,1636,247,36975.0,11469.0,415,408,500
360050388002,1328,53,73854.0,18640.0,395,115,271
360050389001,1183,249,47608.0,12951.0,375,367,294
360050389003,1285,546,,,525,525,303
360050389005,765,28,44201.0,25729.0,255,245,146
360050390001,1525,66,46346.0,8580.0,604,478,309
360050391002,2010,403,25953.0,21236.0,933,917,475
360050391004,1441,80,,,454,454,224
360050391005,727,0,20927.0,8001.0,313,313,147
360050392001,1036,0,51855.0,27768.0,404,313,273
360050392002,612,12,50597.0,13893.0,231,161,126
360050393002,1596,0,,,596,573,428
360050393003,1075,92,17621.0,12139.0,454,454,493
360050393005,441,61,12368.0,8713.0,268,246,71
360050393006,928,0,33885.0,17248.0,295,263,223
360050394002,1975,0,56147.0,10438.0,579,476,638
360050394003,1440,57,85918.0,13866.0,423,218,144
360050395001,1388,0,,,521,512,555
360050395003,829,0,,,331,277,247
360050395004,964,18,32870.0,15317.0,366,357,175
360050396002,1686,0,48339.0,11300.0,445,357,523
360050396003,1052,0,43800.0,23158.0,366,247,409
360050397001,3080,2019,19881.0,5781.0,280,280,58
360050397002,523,0,45353.0,12771.0,268,263,59
360050398002,897,0,34298.0,27897.0,328,206,235
360050398003,1224,0,54966.0,24333.0,322,159,397
360050399012,741,6,28911.0,28599.0,283,283,204
360050399013,1501,60,48167.0,27095.0,420,410,497
360050399015,559,44,,,183,183,173
360050399021,1475,20,40512.0,4950.0,429,429,449
360050035001,534,28,27500.0,24359.0,230,224,124
360050035002,1449,0,17639.0,11251.0,490,490,526
360050037001,222,0,,,145,145,39
360050038001,1169,0,51442.0,47829.0,333,188,289
360050039002,428,113,,,171,171,20
360050039004,599,0,85000.0,79178.0,164,164,147
360050039005,2337,77,,,643,609,895
360050041001,1023,12,12281.0,3401.0,516,473,189
360050041002,1941,247,28583.0,20789.0,717,483,244
360050041004,2837,0,35108.0,23839.0,1006,1006,1018
360050042001,822,0,83704.0,27010.0,415,209,0
360050042002,1748,47,10969.0,10000.0,584,584,653
360050042003,2333,0,82100.0,17874.0,682,656,1022
360050042004,1227,0,107998.0,68419.0,373,373,371
360050042005,987,0,99432.0,35177.0,525,381,276
360050042006,0,0,,,0,0,0
360050042007,672,0,,,296,236,93
360050043001,1658,27,19729.0,12576.0,615,615,395
360050043002,1466,23,26802.0,9803.0,694,654,288
360050043003,1382,0,17774.0,6390.0,429,334,476
360050043004,915,23,41770.0,15739.0,391,359,148
360050044001,860,0,11596.0,3774.0,351,347,306
360050044002,610,0,,,257,257,137
360050044003,1848,46,16356.0,6199.0,550,500,529
360050044004,1083,74,16780.0,12253.0,441,441,393
360050046001,1854,34,22596.0,18472.0,697,516,579
360050048002,2754,22,33924.0,11844.0,757,631,757
360050050011,885,43,33723.0,4673.0,278,213,214
360050050013,861,4,,,203,203,399
360050050014,1191,10,47563.0,24761.0,419,333,297
360050050022,965,44,32025.0,19915.0,367,367,276
360050050023,1770,0,39702.0,26693.0,471,423,644
360050051001,342,0,,,115,115,117
360050051002,3545,0,22088.0,9938.0,1259,1259,1149
360050052001,639,0,19286.0,5274.0,254,188,293
360050052002,1240,0,19138.0,10651.0,574,574,274
360050053002,2249,0,23182.0,10754.0,730,730,1141
360050054002,2272,20,35700.0,16861.0,794,645,558
360050054003,1330,74,41850.0,24098.0,329,231,556
360050056002,536,6,49348.0,41729.0,192,109,138
360050059021,1031,129,68857.0,28798.0,416,236,206
360050059022,1604,76,24989.0,8955.0,693,561,408
360050399022,879,6,,,249,240,369
360050399023,1305,15,52701.0,5094.0,428,428,290
360050399024,1137,7,39188.0,18396.0,321,321,297
360050399025,778,0,48750.0,28524.0,274,274,188
360050401001,1232,9,29153.0,17503.0,409,409,292
360050401002,825,13,33015.0,20087.0,288,288,191
360050401003,647,152,26135.0,3741.0,318,318,184
360050401004,938,0,56218.0,45411.0,386,375,248
360050401005,955,48,,,431,431,279
360050403021,2382,33,41335.0,7421.0,797,786,635
360050403022,1255,0,36542.0,9303.0,307,307,523
360050403023,1488,17,,,476,476,484
360050403031,1794,18,27029.0,13113.0,482,482,667
360050403032,1494,0,68889.0,13884.0,456,374,244
360050403033,1047,22,24236.0,9014.0,419,419,239
360050403042,1219,10,38929.0,19966.0,506,496,352
360050403043,1164,14,18000.0,10059.0,408,393,434
360050404002,482,15,37619.0,35289.0,192,124,101
360050404003,1256,0,79904.0,16663.0,372,215,226
360050405012,915,0,36712.0,15424.0,305,305,239
360050405013,1443,0,45027.0,14392.0,491,414,302
360050405022,1751,69,46241.0,5970.0,536,479,574
360050405023,532,11,41172.0,31873.0,287,281,64
360050405025,597,0,,,186,186,133
360050405026,1711,2,48205.0,34399.0,514,473,723
360050406002,944,29,33026.0,26557.0,342,292,179
360050406003,791,0,48790.0,19014.0,344,245,203
360050407012,299,13,35714.0,25181.0,176,176,57
360050407013,1770,21,44173.0,4021.0,670,670,326
360050407022,1565,0,26324.0,13974.0,792,787,240
360050407023,2177,119,26944.0,19246.0,770,753,662
360050407025,986,0,,,453,377,138
360050408001,509,0,21310.0,9761.0,220,220,92
360050408003,1267,134,40769.0,23766.0,410,337,285
360050408004,2296,119,40288.0,31020.0,895,817,395
360050409002,512,432,105100.0,49104.0,212,43,153
360050411002,449,56,28148.0,19558.0,172,161,98
360050411003,1483,86,36862.0,6445.0,574,468,445
360050413002,608,8,75598.0,21202.0,227,227,191
360050413003,824,14,44792.0,24071.0,291,291,213
360050413005,1237,77,42212.0,39516.0,349,349,367
360050413006,1223,50,60101.0,30245.0,383,365,456
360050060002,0,0,,,0,0,0
360050061001,0,0,,,0,0,0
360050061003,1150,0,62434.0,26193.0,575,284,145
360050061004,0,0,,,0,0,0
360050062002,1679,0,,,699,699,197
360050062003,2333,67,21471.0,10743.0,714,714,565
360050062005,342,0,50000.0,46708.0,138,110,33
360050063012,737,235,42083.0,39600.0,401,259,152
360050063013,819,21,48279.0,9053.0,341,341,217
360050063015,0,0,,,0,0,0
360050063016,73,0,49323.0,17240.0,35,6,5
360050064001,2070,21,54271.0,15089.0,659,339,630
360050064002,394,7,53421.0,34717.0,138,130,41
360050064003,569,19,2499.0,-333333333.0,272,255,153
360050064004,916,119,30855.0,17216.0,320,320,230
360050065001,989,139,,,356,348,341
360050065002,2624,154,20151.0,9249.0,1073,1056,960
360050065003,886,42,,,276,246,187
360050065004,895,15,,,216,216,283
360050067001,798,10,18034.0,2930.0,300,217,141
360050067002,1989,19,,,627,627,482
360050067003,742,0,13333.0,8180.0,342,342,174
360050067004,1437,0,16186.0,12871.0,446,446,624
360050067005,397,0,10787.0,1496.0,246,246,42
360050067006,1319,0,12339.0,11018.0,507,490,336
360050068001,1538,0,37656.0,17999.0,399,313,410
360050068002,631,0,,,234,166,203
360050069001,3560,101,48290.0,5599.0,1019,815,1068
360050069002,980,76,,,604,575,159
360050069004,1321,0,,,624,624,413
360050070001,2850,258,52837.0,19605.0,755,611,809
360050070003,986,0,,,343,174,152
360050071001,828,12,73841.0,20474.0,288,97,158
360050072001,2281,68,53598.0,12414.0,655,470,356
360050072003,1132,44,46114.0,35811.0,359,294,347
360050072004,667,87,72386.0,43473.0,137,89,156
360050073002,1179,0,26250.0,7705.0,319,319,415
360050073003,1299,21,21612.0,16376.0,479,479,416
360050074002,1313,55,21438.0,8718.0,417,246,352
360050074003,839,20,40729.0,17904.0,516,288,87
360050075002,3680,0,32128.0,12155.0,1213,988,1062
360050075003,717,0,21920.0,9231.0,313,281,155
360050414001,1572,288,127910.0,16364.0,496,264,230
360050414002,1027,31,34620.0,13118.0,446,347,145
360050414004,1545,66,52163.0,20084.0,507,335,237
360050415001,971,76,21797.0,8822.0,464,443,191
360050415002,642,123,60707.0,15319.0,191,191,174
360050415003,274,53,34962.0,26133.0,159,159,92
360050415004,804,5,57983.0,35937.0,395,353,71
360050415005,1796,15,55536.0,44241.0,586,586,424
360050415006,1616,259,58389.0,38075.0,630,630,515
360050418001,691,29,69458.0,33331.0,185,179,174
360050418002,1557,34,75865.0,74309.0,417,196,347
360050418003,759,22,51044.0,8572.0,323,260,236
360050418004,548,0,41492.0,26457.0,283,283,9
360050419001,1209,63,55330.0,29975.0,397,361,343
360050419002,718,41,95094.0,76954.0,247,247,141
360050419003,942,39,19583.0,13452.0,498,498,97
360050419005,646,41,25167.0,17215.0,300,300,114
360050419006,965,42,,,366,366,209
360050420001,848,107,50612.0,18314.0,287,260,281
360050421001,1058,299,71414.0,21356.0,439,351,307
360050421002,991,96,32028.0,11185.0,336,314,226
360050421004,1963,24,30972.0,17047.0,681,681,530
360050421005,1055,102,45744.0,35221.0,345,345,390
360050422002,1608,44,61204.0,34393.0,616,389,259
360050423001,1088,78,39722.0,23610.0,316,316,328
360050423003,1466,195,71500.0,28301.0,454,440,499
360050424001,1427,66,86042.0,26207.0,369,123,384
360050425001,828,333,,,267,267,214
360050425002,1736,363,,,555,555,296
360050425004,786,16,,,245,221,117
360050425006,536,91,38387.0,12515.0,200,200,178
360050425007,1096,203,21649.0,9176.0,407,407,381
360050426002,1359,2,48909.0,26555.0,567,340,139
360050426003,1398,69,97382.0,8799.0,340,202,299
360050426005,1136,0,67500.0,13895.0,356,110,294
360050426006,739,0,236053.0,197455.0,214,19,71
360050428002,1042,34,90536.0,8507.0,372,159,263
360050429011,1278,114,,,643,643,242
360050429013,760,142,20500.0,7854.0,328,294,139
360050429021,2202,72,37895.0,8547.0,978,875,537
360050429023,790,53,46115.0,13654.0,359,332,216
360050430001,1329,22,,,408,139,215
360050076001,1169,29,76810.0,24549.0,412,381,245
360050076002,959,0,49438.0,15908.0,316,251,150
360050076004,1372,161,24727.0,19794.0,563,337,369
360050076005,561,24,66625.0,41990.0,167,95,101
360050078001,1706,18,119918.0,15886.0,475,347,320
360050078003,1112,0,45679.0,29863.0,327,327,346
360050079002,477,22,,,188,188,106
360050079003,1605,8,,,475,475,655
360050079005,589,0,2499.0,-333333333.0,249,249,136
360050079006,1227,0,,,437,437,463
360050083002,825,11,40027.0,27452.0,307,304,233
360050083003,962,72,30145.0,21775.0,389,252,263
360050083005,1021,20,36761.0,32634.0,283,283,369
360050083006,719,0,,,286,286,152
360050084002,2098,64,63393.0,44250.0,715,151,465
360050085001,656,1,85286.0,46999.0,303,303,125
360050085002,2407,38,26316.0,11306.0,914,732,679
360050085003,696,16,32813.0,25324.0,357,213,188
360050085004,348,0,20815.0,10222.0,171,162,59
360050085005,1309,7,26908.0,5768.0,383,383,346
360050086001,1127,129,54236.0,45669.0,485,232,104
360050086002,1256,0,22841.0,10754.0,518,498,354
360050086003,1374,0,12552.0,9040.0,534,534,276
360050087001,1677,67,31563.0,22569.0,536,518,462
360050087002,1848,24,20804.0,14816.0,548,508,514
360050087003,890,0,29018.0,16187.0,286,279,248
360050087004,807,0,28750.0,23222.0,302,302,196
360050087005,1008,17,17500.0,9665.0,384,384,325
360050089001,1136,19,18635.0,3259.0,595,552,267
360050089002,1862,3,51058.0,18991.0,622,568,464
360050090001,21,0,,,6,0,0
360050090002,449,74,,,110,61,201
360050090004,918,3,85667.0,43080.0,216,24,250
360050090005,1501,0,19196.0,13119.0,596,596,401
360050092002,983,79,,,255,109,291
360050092004,919,19,63182.0,58401.0,292,239,135
360050092005,779,22,49350.0,27710.0,303,210,143
360050093012,990,0,,,405,374,309
360050093015,0,0,,,0,0,0
360050093016,476,0,41290.0,21309.0,102,102,257
360050093021,579,44,,,0,0,0
360050093022,0,0,,,0,0,0
360050430003,1317,32,73159.0,5937.0,475,338,409
360050431011,1777,194,35945.0,23782.0,491,491,389
360050431013,1460,135,37341.0,7444.0,451,451,254
360050431014,1989,73,,,633,582,615
360050431021,1969,304,31149.0,22289.0,880,682,226
360050431022,853,0,23250.0,7730.0,303,303,227
360050431023,1793,0,38527.0,11774.0,573,542,683
360050434001,1157,24,70583.0,22875.0,374,131,228
360050434002,945,0,121714.0,47073.0,322,189,110
360050434003,571,0,,,194,108,172
360050434004,1123,12,71250.0,50704.0,474,386,92
360050435011,757,14,32500.0,10077.0,336,336,319
360050435021,0,0,,,0,0,0
360050435031,0,0,,,0,0,0
360050436001,1031,25,75417.0,3387.0,381,144,267
360050436002,896,89,43708.0,40679.0,319,168,206
360050442001,787,18,28857.0,19987.0,286,247,146
360050442002,756,0,66986.0,4546.0,232,174,206
360050442003,529,0,56949.0,14971.0,197,107,207
360050442005,445,1,,,103,34,101
360050444001,1573,74,98803.0,23734.0,482,87,314
360050444003,1045,8,75556.0,20388.0,316,131,79
360050444004,1101,27,,,379,191,130
360050448002,925,48,116250.0,86733.0,302,118,147
360050449011,701,399,68203.0,12823.0,314,142,125
360050449021,1100,499,92266.0,39165.0,431,232,133
360050449022,949,639,66641.0,20637.0,451,336,186
360050451012,1101,854,52390.0,40539.0,605,433,204
360050451021,742,604,94907.0,61029.0,270,136,163
360050456001,1180,39,83098.0,19128.0,403,55,235
360050456002,1270,51,111085.0,41451.0,370,168,272
360050458001,1024,0,,,355,355,288
360050458002,1445,26,28466.0,2765.0,537,537,547
360050458004,2944,0,21997.0,4132.0,1076,1076,842
360050460002,670,0,75678.0,16706.0,251,187,103
360050462031,5200,626,33852.0,24342.0,2220,1152,1087
360050462033,2003,292,,,622,450,199
360050462041,2498,54,92312.0,27924.0,865,423,424
360050462043,431,0,,,130,130,290
360050462044,2882,153,82199.0,11516.0,959,465,460
360050462052,908,0,42081.0,16106.0,589,250,63
360050462053,721,46,95606.0,30762.0,384,267,0
360050096002,701,91,44464.0,41052.0,246,202,159
360050098001,543,22,103264.0,76643.0,207,76,107
360050098003,1016,53,76897.0,22825.0,327,167,194
360050098004,862,47,102826.0,55661.0,230,52,262
360050110000,0,0,,,0,0,0
360050110001,0,0,,,0,0,0
360050115022,1279,18,16848.0,15362.0,444,444,324
360050117011,1360,11,35278.0,25429.0,474,451,291
360050117012,0,0,,,0,0,0
360050117021,0,0,,,0,0,0
360050118000,0,0,,,0,0,0
360050118002,1280,1129,81336.0,19109.0,492,58,269
360050118003,1570,513,80033.0,29384.0,545,332,440
360050119002,1043,0,,,357,310,225
360050119003,423,109,36413.0,23598.0,106,64,170
360050119005,723,21,,,300,288,302
360050121011,1069,18,37778.0,12635.0,354,317,281
360050121012,2003,17,46287.0,12000.0,587,397,518
360050121021,1338,2,23750.0,4610.0,533,521,370
360050123001,1426,9,22333.0,18752.0,634,626,336
360050123002,1967,32,46926.0,23697.0,529,392,636
360050123003,978,5,36709.0,4853.0,347,347,197
360050123004,0,0,,,0,0,0
360050123005,0,0,,,0,0,0
360050123006,0,0,,,0,0,0
360050125001,2705,35,36513.0,6985.0,863,688,674
360050125002,1154,8,49432.0,45581.0,397,267,238
360050127011,1042,27,26583.0,17767.0,393,345,282
360050127012,1004,9,66050.0,27821.0,339,237,293
360050129011,1151,114,33269.0,7242.0,402,312,305
360050129012,3526,0,26691.0,8559.0,1188,1188,1162
360050131001,1490,11,,,698,673,308
360050131002,1248,0,28382.0,10379.0,522,522,280
360050131004,860,79,53472.0,44624.0,257,114,166
360050132000,0,0,,,0,0,0
360050132002,1988,188,146007.0,18962.0,661,266,361
360050132003,1515,423,77414.0,46059.0,564,155,362
360050132005,2053,528,157955.0,57612.0,666,214,336
360050133001,1046,0,18750.0,4039.0,483,483,220
360050133003,509,0,24276.0,18893.0,269,269,148
360050133004,2260,0,58750.0,23864.0,810,784,547
360050135002,1760,0,20197.0,17334.0,800,800,703
360050462055,302,0,,,283,283,0
360050462061,999,30,,,494,330,0
360050462063,84,84,,,84,84,0
360050462064,1298,65,,,519,250,0
360050462072,1491,82,28284.0,23719.0,687,175,299
360050462073,4550,184,53967.0,6419.0,2117,851,1075
360050462082,1425,23,67500.0,31325.0,314,229,333
360050462083,1997,99,147974.0,74213.0,414,132,279
360050462084,1076,0,65981.0,22574.0,394,245,234
360050462091,850,0,,,202,202,287
360050462092,1114,0,126021.0,3483.0,312,173,347
360050462093,2775,0,24188.0,18757.0,933,903,1062
360050484011,2064,53,85515.0,27712.0,632,275,492
360050484012,562,23,38894.0,32878.0,275,159,28
360050484013,1436,1,129135.0,58474.0,365,233,367
360050484021,0,0,,,0,0,0
360050504000,0,0,,,0,0,0
360050504001,0,0,,,0,0,0
360050516010,0,0,,,0,0,0
360050516011,699,434,124023.0,8249.0,251,123,128
360050516013,1502,794,150227.0,90869.0,584,157,262
360050516014,1319,641,55461.0,48930.0,552,327,322
360050516020,0,0,,,0,0,0
360050516021,0,0,,,0,0,0
360050135003,1416,0,,,490,427,381
360050138001,1626,981,67756.0,14401.0,613,66,192
360050141001,925,0,17768.0,8427.0,429,429,298
360050141002,2340,7,33750.0,19245.0,1026,1020,575
360050143001,1647,13,21125.0,8620.0,649,634,430
360050144001,519,0,9847.0,1632.0,460,460,0
360050144003,761,0,19795.0,10179.0,303,303,291
360050144004,1107,0,32143.0,27257.0,440,440,388
360050144006,1218,50,123346.0,110626.0,359,78,351
360050145001,2239,166,38951.0,4375.0,771,746,620
360050145003,810,47,29229.0,12834.0,417,417,146
360050145004,1885,0,35876.0,5723.0,530,530,357
360050147012,1348,28,30445.0,25145.0,403,403,183
360050147013,1969,0,19167.0,11657.0,714,714,617
360050147022,2229,0,,,757,757,509
360050147023,763,0,,,251,251,230
360050149001,1378,29,12257.0,4550.0,523,523,591
360050149002,1039,9,31743.0,13683.0,302,163,353
360050151001,888,26,28242.0,26108.0,305,305,336
360050151003,1560,47,20848.0,2155.0,737,651,317
360050151004,1475,5,65993.0,15264.0,401,216,295
360050152001,1238,398,85333.0,22957.0,408,119,324
360050152002,1366,459,62065.0,26506.0,554,318,269
360050153001,2369,15,28523.0,15500.0,910,792,749
360050153002,984,0,50151.0,37202.0,420,420,244
360050153003,958,0,45365.0,23689.0,315,253,286
360050155001,2346,2,26667.0,11167.0,852,832,771
360050155002,588,0,34531.0,15768.0,230,197,61
360050157001,0,0,,,0,0,0
360050157002,1762,44,19801.0,16959.0,537,474,485
360050157003,1474,49,43426.0,18694.0,560,512,285
360050157004,1625,0,33147.0,21552.0,553,528,467
360050158001,1307,573,64712.0,18716.0,441,233,355
360050159002,681,0,,,306,268,29
360050160000,0,0,,,0,0,0
360050160002,785,585,101250.0,35386.0,244,65,159
360050160003,832,360,,,293,73,116
360050161001,1256,0,39073.0,25564.0,483,479,492
360050161002,1208,13,,,526,515,181
360050161004,1045,0,17455.0,5257.0,457,457,345
360050162001,951,420,82250.0,12272.0,259,189,232
360050163001,0,0,,,0,0,0
360050164001,1019,634,66875.0,28194.0,415,144,198
360050166001,1528,458,93627.0,2961.0,512,240,388
360050167001,996,12,73482.0,24620.0,363,313,220
360050167002,2572,16,28739.0,1970.0,722,709,1023
360050171001,0,0,,,0,0,0
360050173001,875,129,74340.0,22434.0,257,257,228
360050173003,882,5,29123.0,16280.0,370,323,252
360050173004,3375,0,14778.0,9735.0,1183,1183,642
360050175002,492,0,23317.0,22892.0,323,323,4
360050175003,1424,100,23006.0,10946.0,614,614,142
360050175005,559,0,34138.0,19638.0,258,258,64
360050175006,511,0,15972.0,7427.0,279,279,137
360050177012,887,10,,,280,280,182
360050177013,1430,32,22670.0,11099.0,273,273,221
360050177022,1504,61,44464.0,28315.0,383,383,553
360050177023,1156,53,38173.0,12427.0,415,349,170
360050179011,2887,0,38971.0,15365.0,988,872,622
360050179012,526,10,64028.0,63503.0,172,172,247
360050179021,1667,6,40287.0,27876.0,499,499,580
360050179022,476,17,,,270,270,68
360050181011,1741,4,45524.0,37238.0,486,459,714
360050181013,775,17,,,198,187,332
360050181021,1296,75,,,683,649,265
360050181022,1908,24,35851.0,29626.0,486,486,736
360050181023,798,0,17500.0,13322.0,312,312,264
360050181024,1402,22,57956.0,15453.0,619,598,194
360050183011,1773,74,35080.0,7903.0,903,883,306
360050183012,1015,0,53324.0,27319.0,399,399,182
360050183013,1702,364,62500.0,20132.0,772,360,357
360050183021,2098,9,47250.0,25179.0,841,841,572
360050183022,690,0,48359.0,20422.0,272,272,153
360050183023,715,2,58051.0,28949.0,293,233,136
360050184001,1055,457,109231.0,23035.0,392,170,244
360050184002,1074,398,82500.0,35124.0,390,263,178
360050184003,863,211,102625.0,58082.0,380,249,211
360050185011,2764,68,38839.0,19311.0,1115,1100,783
360050185021,953,0,26797.0,25980.0,489,434,138
360050185023,1055,0,,,391,391,397
360050185024,875,0,41109.0,30705.0,307,276,188
360050189002,2368,350,51566.0,39870.0,765,702,1068
360050189003,1775,41,29886.0,13613.0,830,821,445
360050193001,2167,19,,,886,844,441
360050193003,1178,7,29121.0,6017.0,468,414,315
360050193004,1532,0,,,542,542,339
360050195001,2566,72,36179.0,12444.0,975,975,799
360050195002,1955,56,36645.0,18987.0,664,640,173
360050195004,811,38,,,332,272,37
360050197001,1989,27,,,711,711,730
360050197003,2248,0,35561.0,11129.0,630,618,667
360050197004,914,0,65833.0,53346.0,284,284,204
360050199001,1587,41,34472.0,13162.0,582,582,488
360050199002,1677,52,47155.0,37053.0,746,746,302
360050199004,1735,18,,,684,684,492
360050199005,1286,0,,,441,426,567
360050200001,1089,38,70438.0,50676.0,333,194,316
360050200002,2257,76,31250.0,7419.0,645,635,713
360050200004,1379,29,42875.0,5568.0,463,356,387
360050201002,1065,60,44089.0,5551.0,373,373,270
360050201003,1094,0,31548.0,24105.0,338,338,388
360050202002,1086,16,25583.0,8051.0,422,395,290
360050204001,776,100,46250.0,18445.0,326,275,119
360050204003,1435,120,65602.0,21196.0,451,369,283
360050205011,0,0,,,0,0,0
360050205013,2457,98,,,753,753,856
360050205014,1000,0,18295.0,18205.0,475,435,242
360050205021,890,12,10818.0,4417.0,506,494,135
360050205022,277,0,146328.0,93694.0,75,33,26
360050205023,1118,14,60179.0,43353.0,414,302,139
360050206011,1291,8,49470.0,9602.0,508,453,321
360050206012,1178,115,31750.0,29124.0,356,193,255
360050209001,658,48,20174.0,14964.0,379,379,98
360050209002,1065,19,,,391,391,318
360050209003,1495,0,41144.0,5564.0,473,473,415
360050209004,1248,41,53419.0,10570.0,605,605,284
360050210011,440,23,52690.0,24574.0,209,209,16
360050210012,983,0,41563.0,27715.0,432,350,137
360050210013,1954,35,115539.0,17211.0,732,460,434
360050210014,1179,28,47861.0,24280.0,481,361,398
360050210015,910,0,79598.0,41982.0,387,377,189
360050210016,849,19,52617.0,50567.0,396,343,275
360050210021,2219,16,59578.0,10384.0,789,693,784
360050210022,534,0,58770.0,16639.0,225,179,108
360050210024,1566,0,82946.0,72270.0,633,575,432
360050210025,639,0,109010.0,14916.0,254,184,90
360050210027,337,14,,,203,171,69
360050211001,1203,0,35511.0,11976.0,357,323,454
360050211002,2240,19,35540.0,10312.0,639,609,883
360050211004,1013,0,41786.0,26580.0,308,267,247
360050212001,912,0,69583.0,54652.0,384,298,202
360050212003,1159,31,34083.0,27257.0,663,536,103
360050212004,1291,0,58857.0,11699.0,558,511,303
360050213011,235,0,50750.0,26076.0,98,98,15
360050213012,940,66,26699.0,26576.0,311,210,285
360050213022,1178,0,11348.0,6235.0,652,622,209
360050213023,345,2,34675.0,22092.0,157,157,22
360050215011,1164,0,31538.0,12816.0,420,420,345
360050215012,1247,45,,,380,380,300
360050215021,2029,0,40263.0,11463.0,605,605,596
360050215022,1173,0,21875.0,21061.0,441,441,252
360050215024,762,0,,,288,226,269
360050215025,1089,12,22829.0,20743.0,335,320,317
360050216012,1285,0,,,364,183,384
360050216013,489,0,29115.0,13384.0,229,229,63
360050216021,23,0,,,23,23,0
360050216022,812,0,48681.0,17194.0,282,175,250
360050216024,2262,48,56099.0,6019.0,813,631,598
360050216025,1629,97,76591.0,42730.0,722,530,195
360050217001,2074,63,35240.0,17665.0,736,736,337
360050217003,734,0,66250.0,17543.0,153,153,163
360050217004,1185,24,,,271,264,519
360050218001,1084,71,29362.0,19235.0,551,503,140
360050218002,1877,63,38139.0,9827.0,691,621,340
360050218003,1952,12,71910.0,21244.0,563,336,350
360050218004,567,0,84201.0,32801.0,221,172,34
360050218005,530,0,,,239,225,130
360050219001,857,24,27569.0,20458.0,379,379,171
360050220001,1985,30,35250.0,16973.0,620,606,527
360050221011,592,8,41003.0,3190.0,259,259,128
360050221012,1080,8,21900.0,16958.0,356,356,349
360050221013,2236,0,53071.0,6884.0,643,643,921
360050221021,2106,0,32070.0,18021.0,593,593,625
360050221022,1408,10,35096.0,16319.0,383,383,596
360050221023,1919,101,37944.0,16198.0,617,606,489
360050222001,968,54,39550.0,19721.0,361,295,342
360050222003,602,6,53542.0,20034.0,236,195,92
360050222004,704,50,65278.0,34159.0,198,188,194
360470133001,895,796,202868.0,119517.0,397,208,172
360470133004,917,733,163500.0,82584.0,386,254,264
360470134003,1566,1129,107963.0,16673.0,474,269,377
360470135003,1389,830,166933.0,56816.0,504,317,403
360470136003,1448,1170,,,481,232,465
360470137001,1408,854,210357.0,58892.0,494,288,364
360470138001,1513,975,68750.0,39594.0,480,319,402
360470139001,747,458,156917.0,39060.0,283,197,201
360470139004,859,471,70947.0,37491.0,333,299,265
360470141011,968,562,107697.0,26703.0,425,254,171
360470142001,1006,633,86298.0,38556.0,429,185,44
360470149023,1096,690,154688.0,19579.0,339,211,327
360470151001,1115,957,154961.0,57924.0,453,150,226
360470151003,1388,838,145313.0,60236.0,577,356,367
360470152002,972,414,,,360,181,94
360470153002,745,535,125000.0,82688.0,326,176,148
360470154001,10,0,,,10,0,0
360470155003,910,578,139517.0,22391.0,431,203,189
360470157002,773,736,157692.0,102044.0,310,170,211
360470159001,1175,941,137875.0,72184.0,606,498,226
360470159004,1014,824,221731.0,79258.0,476,207,138
360470160001,1488,751,91645.0,20249.0,601,488,241
360470160003,746,426,,,364,188,90
360470161002,0,0,,,0,0,0
360470162001,1081,482,80436.0,12663.0,389,257,243
360470163002,1413,976,98375.0,35367.0,609,501,403
360470164000,0,0,,,0,0,0
360470169005,642,496,92750.0,80143.0,310,180,150
360470170003,1286,697,87963.0,6683.0,491,149,220
360470171002,711,599,181625.0,60168.0,261,62,198
360470172001,1867,694,84291.0,45644.0,609,450,354
360470174001,1241,621,100855.0,21673.0,443,101,295
360470176000,0,0,,,0,0,0
360470177001,0,0,,,0,0,0
360470179001,916,0,30800.0,9131.0,448,413,176
360470180001,1784,564,111607.0,33588.0,528,179,329
360470181002,881,540,186484.0,117176.0,397,280,281
360470182001,841,214,55147.0,13819.0,210,138,162
360470183001,1367,727,130625.0,27503.0,627,446,201
360470184001,1185,386,62782.0,20136.0,449,99,139
360470185012,942,9,23315.0,12585.0,529,529,179
360470186001,1398,463,64904.0,27118.0,433,239,229
360470188001,1150,576,77670.0,29665.0,434,239,161
360470194003,1002,271,107171.0,88527.0,391,100,204
360470195003,1701,603,74125.0,40159.0,941,182,272
360470196002,1212,615,51845.0,39502.0,487,228,147
360470197002,640,397,141806.0,51754.0,314,231,117
360470197004,972,432,149438.0,88884.0,449,245,185
360470199001,768,345,,,346,208,145
360470199004,1452,773,108170.0,62987.0,625,465,176
360470201001,622,205,106179.0,9767.0,355,203,74
360470201004,1050,630,100972.0,74804.0,455,311,237
360470203001,955,479,178750.0,26550.0,386,281,191
360470204002,794,619,105000.0,34426.0,326,52,147
360470205003,1196,815,102679.0,24484.0,459,243,300
360470206002,1179,755,113333.0,37242.0,380,41,260
360470207003,1058,686,200809.0,48236.0,573,318,58
360470208003,1404,366,32054.0,22391.0,521,307,320
360470210003,1094,438,65700.0,35882.0,314,269,400
360470216002,1217,1217,61324.0,37307.0,236,110,606
360470217002,2345,870,80147.0,39969.0,1098,862,397
360470218003,773,626,30000.0,9712.0,260,238,292
360470219003,1814,441,133688.0,40956.0,685,512,214
360470220002,966,507,49883.0,48613.0,261,177,417
360470221001,1581,523,44606.0,13544.0,519,496,151
360470222001,1436,1436,15625.0,6176.0,336,262,810
360470224001,1346,1346,35852.0,22201.0,265,144,845
360470224004,1183,915,50291.0,41026.0,386,188,391
360470227001,586,333,115956.0,50218.0,303,250,80
360470227004,1513,715,173333.0,94843.0,672,508,299
360470228003,645,567,94044.0,53514.0,111,62,363
360470229002,1046,398,116302.0,83155.0,451,255,157
360470230001,2091,1788,31190.0,16645.0,392,352,1275
360470231001,1436,646,82981.0,31518.0,651,453,228
360470232001,1266,1245,57679.0,41922.0,194,98,742
360470238002,1835,1694,32097.0,12266.0,506,456,783
360470240002,2060,1997,,,536,397,935
360470241002,1256,476,60905.0,19570.0,541,484,157
360470243001,1458,459,101399.0,20791.0,607,366,130
360470243003,970,259,,,590,517,81
360470244003,1623,1286,67589.0,36694.0,408,289,745
360470245003,690,295,106250.0,29293.0,350,286,66
360470246002,1197,466,60288.0,29228.0,311,115,321
360470247002,1026,337,47490.0,32820.0,543,494,115
360470249001,1150,393,60769.0,14388.0,500,362,98
360470249004,561,332,76912.0,29488.0,178,133,133
360470251001,1086,469,132750.0,128422.0,460,323,132
360470251003,1037,319,49034.0,18890.0,497,391,109
360470252003,1766,233,64357.0,10598.0,592,290,304
360470253002,1705,643,54348.0,24783.0,546,309,472
360470254002,513,197,78854.0,27995.0,203,114,36
360470261002,746,174,,,349,349,125
360470261005,1181,250,73929.0,41907.0,522,505,278
360470263001,2047,385,60168.0,22138.0,957,732,355
360470264002,969,449,82480.0,27602.0,323,263,198
360470265001,1314,219,72431.0,29181.0,603,477,153
360470265004,712,215,101455.0,34450.0,284,196,130
360470266003,1051,203,59489.0,49063.0,335,195,130
360470267003,1099,244,90037.0,33826.0,515,273,102
360470268002,1003,369,,,322,139,189
360470269001,1354,139,91809.0,33701.0,460,270,249
360470270001,917,553,41000.0,26583.0,392,261,173
360470271001,1724,285,66250.0,41862.0,619,470,471
360470272002,1868,678,85119.0,26387.0,606,480,254
360470273002,691,122,96250.0,22111.0,274,67,79
360470274002,2091,778,42097.0,17952.0,636,411,406
360470275003,804,186,105662.0,20998.0,345,237,71
360470281001,1475,76,30476.0,17933.0,458,430,429
360470282000,0,0,,,0,0,0
360470282003,661,298,64391.0,47747.0,251,138,78
360470283002,1425,299,,,589,455,204
360470284002,1176,446,60462.0,18061.0,574,551,177
360470285021,2937,5,40375.0,12193.0,1132,1132,572
360470286002,1058,645,43092.0,18455.0,479,479,285
360470286005,1148,528,45859.0,11977.0,443,382,303
360470287003,1136,71,34306.0,12941.0,507,440,308
360470288003,1235,389,55179.0,53564.0,343,286,397
360470289003,710,128,74167.0,40468.0,242,155,164
360470290002,1180,797,42500.0,15338.0,434,383,356
360470291001,1289,267,119333.0,27974.0,476,316,151
360470292000,0,0,,,0,0,0
360470292003,0,0,,,0,0,0
360470293003,799,234,97917.0,17167.0,314,167,130
360470299001,1135,114,68750.0,23012.0,444,297,242
360470300001,999,312,35255.0,14002.0,354,312,219
360470300004,890,131,,,281,112,189
360470301001,991,259,112500.0,95699.0,398,328,112
360470302001,1402,353,90774.0,25230.0,437,218,345
360470303001,2420,224,39018.0,11323.0,990,841,608
360470304000,0,0,,,0,0,0
360470304003,1486,435,38750.0,17151.0,574,474,314
360470305003,2301,928,95333.0,35319.0,992,904,318
360470306001,1852,741,50272.0,10014.0,637,258,354
360470307003,2484,519,,,1177,673,305
360470309002,1101,6,67440.0,49084.0,417,241,269
360470311003,541,165,,,281,214,35
360470313003,1583,175,87426.0,80914.0,956,872,234
360470314011,1453,938,95214.0,16582.0,514,316,189
360470314014,0,0,,,0,0,0
360470319003,508,48,54762.0,52250.0,272,272,101
360470321003,1319,301,96741.0,11796.0,565,509,259
360470323002,1544,215,111836.0,56386.0,557,361,317
360470325002,734,150,53398.0,41968.0,405,388,31
360470326002,994,185,14037.0,4330.0,431,431,235
360470326005,2559,348,,,574,208,769
360470327003,926,188,40582.0,9264.0,561,561,124
360470328003,694,69,,,396,253,118
360470329001,1409,825,39154.0,21191.0,469,369,387
360470329004,1181,366,145184.0,99662.0,447,341,281
360470330002,490,67,90096.0,38960.0,191,53,22
360470331002,2042,878,65417.0,39355.0,825,644,377
360470333002,1878,1428,58102.0,39665.0,473,325,728
360470335002,982,610,65833.0,49230.0,224,121,101
360470336001,957,605,58235.0,32065.0,304,182,264
360470336004,580,515,131359.0,64486.0,183,85,59
360470342003,1567,357,17148.0,7327.0,858,805,384
360470343002,914,196,63393.0,27610.0,485,292,46
360470343004,1841,7,14702.0,13460.0,552,552,386
360470347001,1061,117,,,641,380,167
360470348001,1530,405,64028.0,28451.0,417,345,550
360470349012,793,15,36250.0,17221.0,310,310,194
360470349023,1496,203,28859.0,18048.0,731,655,419
360470351011,2330,142,33542.0,23802.0,901,783,513
360470352000,0,0,,,0,0,0
360470353012,657,109,39313.0,17739.0,232,219,200
360470354001,2353,2171,47238.0,31853.0,1139,767,343
360470355001,2106,178,65125.0,38068.0,807,786,410
360470355003,1864,703,36901.0,8703.0,641,591,505
360470356022,2230,1966,56521.0,12918.0,1201,239,152
360470357021,0,0,,,0,0,0
360470359003,1731,31,31208.0,11854.0,595,595,328
360470360012,909,752,17381.0,7418.0,470,447,99
360470364002,1123,832,52895.0,35473.0,452,305,225
360470365021,1562,55,53594.0,27987.0,503,394,599
360470366003,1421,349,27340.0,23562.0,408,316,479
360470367003,607,13,41078.0,8204.0,308,231,126
360470369002,1168,88,69643.0,64404.0,426,329,284
360470370001,1285,710,74531.0,53412.0,369,173,346
360470370003,1012,373,55483.0,8973.0,309,221,228
360470371002,1083,233,92750.0,47527.0,328,152,341
360470371005,635,92,71442.0,27117.0,251,162,70
360470373003,891,246,54688.0,24143.0,402,310,150
360470374012,529,448,83750.0,60908.0,242,136,71
360470374015,1224,974,,,628,522,289
360470374023,860,560,,,405,405,150
360470375002,1694,315,67163.0,27734.0,711,659,397
360470377002,786,77,50824.0,11052.0,330,227,154
360470379001,1350,195,70625.0,55111.0,437,256,298
360470379003,2048,68,43650.0,23179.0,709,450,418
360470386001,1755,838,81688.0,9066.0,514,263,361
360470387002,903,228,,,377,298,198
360470388001,1371,621,65061.0,28409.0,641,606,324
360470388004,1528,1247,88798.0,43462.0,467,240,543
360470389002,903,400,81038.0,13790.0,364,364,66
360470390002,1107,956,66895.0,5856.0,368,144,399
360470392001,1238,1101,52727.0,46303.0,460,331,310
360470393002,1621,479,88750.0,35270.0,538,316,292
360470394002,788,615,42135.0,9039.0,251,110,310
360470395002,1623,488,71534.0,12713.0,528,467,363
360470396002,1368,1118,63309.0,26502.0,447,281,315
360470397003,1299,349,55363.0,50947.0,519,484,269
360470398002,852,135,80129.0,41332.0,237,102,170
360470399003,1206,45,,,705,648,250
360470400003,1253,317,48469.0,9908.0,389,222,348
360470401003,1316,139,48864.0,17802.0,576,319,167
360470408003,1297,254,86927.0,40476.0,409,123,293
360470409003,1472,140,29180.0,6697.0,470,392,457
360470410002,791,561,36607.0,9411.0,323,199,198
360470411003,1095,268,57533.0,46846.0,425,360,232
360470413001,1379,155,51111.0,41443.0,582,405,268
360470414011,933,643,68205.0,20794.0,250,160,419
360470414022,821,656,61250.0,36794.0,379,272,133
360470415003,849,88,34500.0,27589.0,380,339,254
360470417001,446,7,25125.0,11862.0,163,152,66
360470417004,670,153,,,364,340,107
360470419001,1792,145,,,607,550,467
360470419003,1078,302,79087.0,16969.0,343,272,203
360470421001,542,154,47292.0,19345.0,238,231,54
360470421004,1340,226,82574.0,40961.0,389,302,321
360470422003,642,321,51985.0,24311.0,231,165,102
360470423003,743,166,68553.0,36523.0,236,224,87
360470429002,1329,198,34628.0,13585.0,429,417,331
360470430001,899,426,50987.0,32715.0,347,270,218
360470431001,1351,327,76239.0,15490.0,549,525,144
360470431004,1491,526,43654.0,15289.0,632,618,202
360470432002,1860,650,51576.0,13130.0,659,536,413
360470433002,575,150,81156.0,57107.0,221,221,103
360470434002,1195,371,35000.0,18212.0,448,239,312
360470435002,2167,213,59048.0,26209.0,772,564,395
360470436002,1014,613,,,362,328,215
360470437002,1789,226,76295.0,32148.0,519,425,480
360470438001,1176,1063,56500.0,17183.0,418,371,314
360470439002,1335,117,51250.0,30395.0,442,336,234
360470440001,768,677,122930.0,56619.0,251,141,316
360470441001,1374,245,42093.0,20002.0,562,496,199
360470442001,1341,1248,78750.0,23904.0,359,178,583
360470443002,1289,417,91855.0,31501.0,549,498,236
360470449013,0,0,,,0,0,0
360470449022,0,0,,,0,0,0
360470452001,1121,1031,102868.0,9944.0,281,77,479
360470453002,755,312,57463.0,18919.0,331,331,56
360470456001,966,479,63583.0,16180.0,363,320,205
360470458002,465,319,211193.0,104793.0,121,19,139
360470460003,591,165,218452.0,148211.0,142,8,130
360470462021,853,672,66500.0,26923.0,378,209,162
360470464002,1488,1363,93000.0,62405.0,312,124,743
360470470001,1375,1333,51447.0,20053.0,338,140,614
360470472002,1136,1120,66442.0,27317.0,295,133,494
360470474002,891,882,59000.0,15170.0,286,119,347
360470476003,1359,1201,,,442,165,497
360470478001,1167,802,48750.0,39372.0,322,221,469
360470480001,1148,867,25089.0,15815.0,396,368,311
360470481002,540,291,64583.0,44457.0,349,332,15
360470488003,1841,556,59709.0,20682.0,670,321,284
360470489003,1349,122,17969.0,15598.0,734,734,171
360470490003,449,449,48798.0,25832.0,129,38,277
360470491003,2446,432,35355.0,31760.0,839,796,652
360470492002,736,202,114342.0,74723.0,250,97,109
360470493021,1209,421,74120.0,9438.0,607,589,121
360470493024,1076,272,,,404,404,267
360470494003,2061,1169,81847.0,21731.0,949,392,523
360470495002,1420,779,108281.0,54462.0,620,537,209
360470496001,1766,679,78317.0,19919.0,617,416,418
360470497001,935,565,101375.0,12738.0,462,428,92
360470498001,1299,491,56071.0,48207.0,476,397,320
360470499001,813,612,93362.0,35169.0,388,293,120
360470500012,944,479,99223.0,27774.0,409,271,131
360470501002,1420,848,66687.0,27533.0,642,432,211
360470502022,1331,803,84886.0,57853.0,609,285,204
360470508012,2346,295,56319.0,19862.0,809,784,472
360470508042,1794,642,62713.0,35946.0,981,905,225
360470509002,3844,3827,33728.0,6334.0,547,334,2563
360470510021,1924,168,52900.0,9783.0,708,683,544
360470511001,1485,242,46921.0,9045.0,709,604,150
360470511003,1570,476,50925.0,29127.0,733,680,247
360470512003,1632,185,,,599,599,390
360470513002,949,253,81016.0,37928.0,306,284,153
360470514001,889,73,57212.0,41534.0,270,248,290
360470514004,1974,85,46823.0,38182.0,606,588,602
360470516012,1219,120,63438.0,31463.0,523,523,243
360470516022,2086,165,54783.0,36720.0,742,698,410
360470518001,524,77,76458.0,19122.0,257,242,93
360470519001,2917,1710,180602.0,9952.0,1902,1689,176
360470519003,1311,736,190845.0,47550.0,608,490,152
360470520003,746,138,60972.0,44581.0,249,218,155
360470523003,1006,489,,,466,447,53
360470528002,972,396,87115.0,59855.0,286,151,181
360470529003,988,704,37813.0,34108.0,267,257,325
360470530002,1670,1168,88025.0,34601.0,438,338,492
360470531012,1152,1048,,,330,233,555
360470532001,1505,556,61379.0,20515.0,600,321,366
360470533002,1481,1453,63958.0,61865.0,360,310,774
360470533005,1037,1035,26908.0,10531.0,243,145,535
360470534003,1535,879,45025.0,24274.0,481,421,556
360470535002,809,728,,,188,148,413
360470537001,1008,1008,41250.0,13748.0,227,191,469
360470538002,2330,1142,93618.0,21577.0,821,600,817
360470539001,476,476,,,81,51,327
360470542002,986,712,80536.0,51008.0,349,268,341
360470544001,1269,1260,47917.0,25389.0,463,345,268
360470545001,47,47,,,23,23,0
360470545004,1151,1151,,,205,166,749
360470551003,1370,884,84795.0,46575.0,581,467,277
360470552001,1452,1163,75881.0,23443.0,673,527,301
360470553001,756,640,116648.0,79108.0,453,344,32
360470554001,1979,1516,43980.0,15355.0,801,655,453
360470555001,8541,4876,166622.0,18313.0,4139,3006,1182
360470556003,782,337,84375.0,82146.0,171,96,416
360470558001,1173,894,75313.0,34127.0,449,238,249
360470560002,1312,1084,54219.0,45468.0,546,376,237
360470561002,677,583,131806.0,52276.0,289,174,172
360470561004,978,592,114545.0,23561.0,416,338,147
360470563011,1115,685,150179.0,79630.0,352,215,300
360470563014,853,483,106898.0,56884.0,367,324,89
360470563022,1349,586,66513.0,19620.0,605,605,362
360470564003,419,185,112212.0,44593.0,123,6,110
360470565003,1071,781,105417.0,17369.0,577,537,179
360470568001,696,332,100208.0,40840.0,277,116,134
360470574001,1506,453,53750.0,23307.0,545,182,229
360470575002,945,661,92049.0,8169.0,552,476,47
360470576001,1521,464,70703.0,26148.0,511,280,292
360470578002,1307,658,45750.0,28294.0,559,433,159
360470579021,0,0,,,0,0,0
360470582001,935,188,54531.0,33595.0,283,250,239
360470582003,1091,646,62813.0,17578.0,389,276,286
360470586001,1283,305,70244.0,20097.0,497,249,236
360470588002,1729,1210,82375.0,28302.0,805,387,227
360470589021,0,0,,,0,0,0
360470591002,1092,883,119044.0,54517.0,573,505,74
360470592001,1159,720,,,507,402,213
360470593001,1307,945,90250.0,23750.0,523,395,268
360470594022,955,835,74167.0,32207.0,388,193,181
360470594031,1623,433,110719.0,27790.0,471,172,347
360470594033,767,452,43903.0,27502.0,399,268,51
360470594043,1415,1313,35984.0,17948.0,679,614,147
360470608003,1385,1139,82500.0,60047.0,590,418,275
360470610032,1313,355,41063.0,21791.0,403,272,233
360470610043,815,815,23176.0,14615.0,414,414,168
360470612001,1062,950,129688.0,24480.0,411,88,159
360470620001,1165,1104,84539.0,21376.0,463,187,206
360470622002,1188,754,57321.0,47194.0,468,301,137
360470628001,1503,1301,101118.0,22286.0,484,7,279
360470628004,1491,1210,96774.0,17059.0,468,72,516
360470632002,636,385,84821.0,20624.0,192,41,105
360470638002,1157,752,85833.0,28080.0,380,14,292
360470642001,1266,895,73482.0,25588.0,429,180,418
360470644002,138,109,,,25,0,71
360470646002,1093,673,81711.0,16144.0,417,95,245
360470650001,591,203,69236.0,32480.0,176,62,101
360470654001,790,709,109643.0,12652.0,294,69,187
360470676002,675,33,77863.0,44266.0,173,105,207
360470680001,1135,83,103340.0,5557.0,351,73,287
360470682002,1270,121,91771.0,80601.0,477,155,159
360470688001,1145,167,99338.0,53450.0,455,98,213
360470690002,1041,197,115250.0,25491.0,315,114,165
360470692002,843,128,114097.0,35179.0,311,88,187
360470696021,706,703,,,334,90,77
360470698001,778,415,133906.0,26964.0,207,0,272
360470700002,561,490,64107.0,41372.0,327,173,57
360470702013,894,655,89617.0,34930.0,381,11,167
360470702020,0,0,,,0,0,0
360470702031,0,0,,,0,0,0
360470706020,0,0,,,0,0,0
360470722001,1683,41,66588.0,14094.0,567,157,264
360470724002,985,7,81154.0,23648.0,400,149,134
360470728001,2709,45,59643.0,20181.0,1220,367,673
360470730002,1080,74,120750.0,26678.0,327,72,205
360470744002,1240,1078,116719.0,46654.0,339,56,380
360470748001,771,693,152083.0,55548.0,217,0,311
360470750002,1114,665,78214.0,20704.0,344,196,292
360470754001,616,598,95870.0,10640.0,210,62,189
360470756002,1078,996,138015.0,135406.0,419,156,370
360470760001,735,735,132950.0,39084.0,187,36,305
360470610022,2044,2022,61958.0,40611.0,799,233,432
360470762001,1149,420,71000.0,54681.0,442,394,297
360470764001,1010,273,76106.0,12555.0,503,425,174
360470766001,2056,314,71111.0,10758.0,682,502,412
360470768003,1220,779,62619.0,13703.0,426,319,407
360470772001,1681,187,70797.0,9871.0,607,267,414
360470774001,1070,250,81288.0,2609.0,371,230,122
360470776002,1605,85,79875.0,26550.0,836,321,163
360470780002,1201,40,87108.0,22179.0,320,131,356
360470784001,1002,19,106458.0,15822.0,340,93,138
360470786012,1293,168,58315.0,6907.0,568,409,310
360470796012,1670,346,62830.0,23492.0,828,760,157
360470798011,1548,678,66224.0,20165.0,928,735,159
360470798022,1663,370,66875.0,18537.0,929,929,167
360470800002,1077,452,,,446,252,149
360470802002,959,194,48257.0,21345.0,417,292,168
360470804002,1338,89,46777.0,6077.0,675,477,85
360470806002,1162,228,69153.0,25173.0,501,376,275
360470810001,1092,247,57708.0,23979.0,396,324,296
360470814002,1228,129,64205.0,29787.0,453,276,252
360470818001,2645,238,77739.0,23684.0,1223,951,377
360470820001,2205,114,60263.0,23770.0,730,711,660
360470822001,1723,403,75750.0,48303.0,564,537,144
360470822004,1181,151,,,468,371,170
360470824003,1199,0,77813.0,72064.0,384,309,243
360470826001,1407,22,77800.0,22182.0,589,462,272
360470826004,812,37,47143.0,24464.0,376,160,76
360470828003,1847,124,68884.0,12855.0,644,544,364
360470846002,707,50,74219.0,19586.0,319,86,45
360470850001,1609,0,69432.0,38894.0,467,100,314
360470854001,887,44,65069.0,11197.0,362,231,193
360470856002,1187,79,70341.0,41759.0,560,458,193
360470858002,1285,0,72981.0,14612.0,453,271,294
360470860003,1330,3,78125.0,30469.0,502,355,275
360470862003,709,25,40466.0,5516.0,372,349,104
360470866001,1249,82,54942.0,42732.0,452,222,232
360470868001,1196,0,47286.0,22160.0,434,270,263
360470870001,1135,124,44239.0,10326.0,414,241,251
360470870003,614,0,91382.0,70665.0,251,156,112
360470872003,1215,0,,,440,281,340
360470876001,1153,308,36782.0,9602.0,429,385,356
360470878002,108,0,104531.0,65766.0,62,26,0
360470880012,648,0,51076.0,15190.0,305,180,121
360470882002,883,62,,,403,358,136
360470892001,356,16,44318.0,37105.0,182,171,52
360470892004,1332,0,8921.0,1274.0,628,597,233
360470894003,878,118,29079.0,22234.0,276,251,281
360470896002,1574,14,10949.0,10296.0,972,929,219
360470898001,790,32,69063.0,22609.0,328,207,111
360470900002,161,0,17930.0,6976.0,101,101,37
360470900005,975,0,33511.0,19405.0,332,281,271
360470902001,973,0,19779.0,8407.0,373,373,264
360470902004,388,30,56083.0,48330.0,159,61,53
360470906002,1329,24,20489.0,15032.0,623,623,387
360470908002,711,0,,,461,461,34
360470910002,1198,0,26667.0,22875.0,524,524,354
360470910004,534,0,9759.0,4355.0,534,534,0
360470912003,3101,8,,,1083,1064,890
360470916003,492,0,,,205,122,89
360470918002,910,17,68625.0,6235.0,459,29,50
360470936001,871,14,61588.0,10676.0,387,156,181
360470938002,1445,38,84191.0,39963.0,471,201,241
360470944012,957,0,,,331,88,103
360470944021,3127,65,25313.0,7215.0,1330,1330,971
360470946003,845,5,63864.0,28069.0,276,77,233
360470954001,1260,19,81840.0,29565.0,439,171,229
360470956001,2070,18,102939.0,27864.0,687,388,586
360470958002,1831,86,60042.0,22851.0,739,346,300
360470964001,1064,46,80750.0,58072.0,379,138,177
360470966002,1150,25,52295.0,8589.0,369,212,357
360470970001,1374,141,111204.0,27430.0,422,220,291
360470974001,1707,88,81591.0,53826.0,310,134,180
360470982002,1608,0,19321.0,1900.0,685,685,442
360470986002,1299,3,100285.0,10693.0,490,277,196
360470990001,1697,119,88011.0,17221.0,517,211,468
360470996001,1677,51,71697.0,8779.0,573,339,401
360471022001,2157,400,67019.0,19336.0,762,355,592
360471028011,1652,20,95809.0,19768.0,522,171,285
360471034011,2128,53,18717.0,12323.0,981,981,544
360471034021,0,0,,,0,0,0
360471058013,1585,614,19743.0,6718.0,1034,1024,196
360471058043,2547,151,52926.0,7860.0,1093,1093,674
360471070020,0,0,,,0,0,0
360471078001,921,19,57729.0,46798.0,363,142,213
360471078004,1129,24,68715.0,18185.0,581,280,115
360471098002,920,36,51154.0,47682.0,238,149,90
360471098005,1530,78,59766.0,38415.0,419,339,473
360471104003,1231,27,51098.0,23375.0,412,230,206
360471106002,2119,0,15893.0,11677.0,979,979,550
360471116001,2850,50,33018.0,20146.0,725,511,810
360471118002,1423,152,34712.0,16356.0,529,341,394
360471122001,1908,27,37589.0,15803.0,759,431,434
360471132003,0,0,,,0,0,0
360471134003,1171,15,40946.0,7656.0,475,432,425
360471142012,493,23,,,168,127,99
360471144001,502,119,,,55,55,52
360471144004,458,0,24671.0,13087.0,187,187,135
360471150001,1137,12,39025.0,2495.0,286,215,562
360471152001,1018,171,60625.0,36722.0,269,196,322
360471156001,1026,3,37888.0,30437.0,393,311,287
360471156004,1137,0,16591.0,8545.0,578,529,377
360471158003,1072,27,30357.0,20406.0,396,256,301
360471160003,667,23,60217.0,11428.0,228,44,148
360471162003,1043,0,86131.0,65949.0,319,157,378
360471164002,1049,34,59081.0,23882.0,377,175,292
360471166002,1092,100,65184.0,19778.0,385,237,218
360471168002,708,2,48107.0,33499.0,305,236,226
360471172011,1279,25,56071.0,26381.0,466,244,245
360471184001,1392,142,45645.0,20397.0,552,441,464
360471186001,1651,38,73482.0,18971.0,366,167,426
360471188002,1227,89,55163.0,21183.0,347,276,219
360471190002,1121,46,,,387,309,488
360471192003,697,0,,,254,220,130
360471194002,2188,0,24063.0,20818.0,495,362,960
360471196002,922,7,44545.0,11624.0,350,247,213
360471198001,1111,44,48458.0,44767.0,303,303,280
360471200001,1319,17,35217.0,16957.0,402,295,370
360471202002,877,12,30977.0,13533.0,281,222,163
360471208013,1515,0,66418.0,65997.0,483,400,316
360471208022,1449,0,33636.0,15330.0,522,522,490
360471210002,2325,0,11368.0,5632.0,825,825,670
360471220001,2520,51,37888.0,16879.0,1148,1130,766
360471237002,3546,3301,48576.0,8336.0,597,483,2205
360471502002,965,845,138276.0,36799.0,312,145,334
360470001001,612,597,250001.0,-333333333.0,358,129,43
360470001003,1659,1059,159350.0,86829.0,851,585,312
360470003011,670,556,,,339,249,84
360470003014,690,605,170433.0,82243.0,341,73,157
360470005012,1132,801,189893.0,51202.0,693,322,135
360470005022,1151,1053,150721.0,17938.0,681,544,120
360470007003,1228,1002,149583.0,21250.0,502,329,356
360470018041,0,0,,,0,0,0
360470021001,1632,1259,250001.0,-333333333.0,707,408,378
360470022001,1038,118,65398.0,26000.0,274,264,280
360470022004,760,496,36333.0,7530.0,506,148,8
360470023003,980,0,28513.0,13149.0,348,348,151
360470029012,1045,57,18250.0,13884.0,322,322,94
360470031011,2959,1252,145000.0,38786.0,1246,625,428
360470031021,0,0,,,0,0,0
360470034000,0,0,,,0,0,0
360470034003,896,603,101563.0,65563.0,424,120,220
360470036001,914,348,86652.0,26213.0,381,206,116
360470037001,2568,1294,131688.0,19926.0,1397,1202,303
360470039001,1160,491,101250.0,72354.0,546,383,283
360470039003,678,322,161806.0,35332.0,235,178,220
360470041003,797,655,200313.0,90774.0,316,155,167
360470043003,605,482,169531.0,56663.0,283,218,27
360470050003,728,566,162375.0,59687.0,269,88,199
360470051003,746,555,128472.0,33270.0,287,164,158
360470052020,0,0,,,0,0,0
360470053010,0,0,,,0,0,0
360470053020,0,0,,,0,0,0
360470053023,48,15,,,15,15,11
360470054000,0,0,,,0,0,0
360470054003,904,616,56611.0,35547.0,421,385,140
360470056012,1194,880,75833.0,27164.0,662,265,165
360470058001,1002,648,57000.0,12123.0,476,382,132
360470059001,750,488,82875.0,15052.0,339,317,99
360470060002,828,356,112598.0,57756.0,410,254,84
360470062002,771,485,57292.0,25624.0,375,354,153
360470063002,1119,814,111719.0,57350.0,535,344,215
360470064002,858,507,76908.0,17366.0,293,72,193
360470065002,707,545,131974.0,71023.0,290,118,192
360470069012,934,831,141071.0,18288.0,426,316,188
360470070001,1412,875,68654.0,24855.0,704,213,143
360470071002,2432,207,35000.0,12495.0,952,930,719
360470072001,1738,188,47821.0,11172.0,529,449,463
360470074003,468,35,82454.0,46194.0,158,158,113
360470075002,998,734,175833.0,48047.0,338,188,300
360470075005,859,672,,,351,218,190
360470076003,1980,136,55231.0,21309.0,559,426,602
360470077003,1482,1171,154833.0,143275.0,680,331,409
360470078002,1360,363,38000.0,14688.0,404,370,444
360470078004,835,170,91477.0,44217.0,214,174,197
360470080003,833,96,51574.0,31933.0,290,187,247
360470082003,1067,84,,,316,280,352
360470084003,1020,43,26622.0,12686.0,450,427,131
360470085003,2431,20,12432.0,8172.0,1115,1115,664
360470088002,1067,423,97604.0,16875.0,439,228,92
360470098002,1750,55,76016.0,26191.0,552,500,409
360470100001,925,24,47917.0,38001.0,268,225,170
360470100004,1268,192,69826.0,68676.0,510,320,331
360470101003,1544,270,,,674,583,275
360470102003,1155,55,51500.0,18269.0,402,372,307
360470104012,1011,87,59750.0,9163.0,281,181,156
360470106011,1000,0,66914.0,39808.0,293,218,129
360470106022,786,96,38150.0,27033.0,203,115,225
360470108021,1012,122,48375.0,18474.0,373,296,131
360470110002,1313,473,69150.0,12561.0,389,237,417
360470112003,1498,756,47188.0,24118.0,472,413,379
360470114002,1235,565,55125.0,31006.0,381,266,353
360470116002,1573,84,40466.0,15739.0,465,343,349
360470117002,930,320,84688.0,65613.0,346,283,246
360470118001,0,0,,,0,0,0
360470119011,452,211,135000.0,54172.0,198,110,77
360470120001,1327,48,46000.0,40734.0,352,182,347
360470129013,588,238,191063.0,50045.0,229,148,52
360470129021,946,714,242955.0,75222.0,306,181,226
360470130002,1218,710,59000.0,29529.0,446,353,417
360470131001,1001,584,71314.0,26183.0,441,336,128
360470131004,1273,692,,,644,403,229
360470003012,1082,1001,,,473,245,174
360470030002,620,332,70625.0,16155.0,276,136,58
360470054001,1835,1188,76360.0,22876.0,927,566,237
360470080002,885,166,83036.0,29308.0,320,218,100
360470130001,1412,806,61321.0,26097.0,333,275,545
360470152003,831,315,67039.0,34450.0,305,148,176
360470174000,0,0,,,0,0,0
360470199002,686,431,131607.0,61773.0,307,257,137
360470221002,1399,462,52969.0,52620.0,673,388,105
360470245001,1115,355,93000.0,37020.0,432,211,344
360470265002,901,224,51087.0,30447.0,518,391,54
360470285011,386,102,56842.0,24443.0,152,152,39
360470300006,0,0,,,0,0,0
360470321002,847,53,,,315,315,57
360470391001,2279,201,85165.0,25117.0,857,741,419
360470413002,920,274,62300.0,18101.0,372,270,168
360470433003,1740,81,,,524,497,480
360470449023,0,0,,,0,0,0
360470491001,2170,878,32002.0,4194.0,821,594,514
360470531022,2225,2177,48080.0,36794.0,401,334,1189
360470554002,1336,999,86250.0,31582.0,555,526,328
360470610023,1423,1408,75625.0,37905.0,841,496,92
360470756001,949,720,73750.0,17171.0,386,124,176
360470856003,1662,14,65814.0,51555.0,592,488,440
360470900003,658,0,44355.0,33584.0,322,231,117
360470946002,659,2,97039.0,43336.0,235,32,153
360470261001,730,186,87895.0,52209.0,278,278,34
360470261003,1347,177,,,634,621,345
360470261004,794,169,63914.0,48388.0,378,343,24
360470262001,1422,403,69821.0,21748.0,451,312,304
360470262002,1091,283,75714.0,24474.0,332,122,229
360470264001,468,189,29861.0,5916.0,162,128,84
360470264003,1465,345,44722.0,7760.0,538,447,294
360470264004,1589,306,96111.0,44222.0,454,335,342
360470265003,1105,297,63528.0,41726.0,377,211,142
360470266001,1419,193,38264.0,4897.0,405,265,399
360470266002,1122,308,49444.0,12755.0,378,194,247
360470267001,780,247,66771.0,28835.0,373,285,56
360470267002,1190,461,84194.0,44799.0,578,423,178
360470267004,1208,322,95403.0,20655.0,452,261,167
360470268001,940,509,73598.0,36809.0,430,228,135
360470268003,1536,479,81021.0,30191.0,458,368,412
360470268004,820,354,36161.0,12285.0,313,215,162
360470269002,958,237,67230.0,16314.0,345,240,300
360470269003,1053,208,52250.0,32864.0,456,333,186
360470270002,1230,916,34722.0,22050.0,440,330,273
360470271002,1627,265,100197.0,61513.0,649,597,461
360470272001,585,190,49500.0,38080.0,198,96,155
360470272003,1272,514,48125.0,17274.0,515,227,272
360470273001,1256,350,60461.0,34096.0,475,279,298
360470273003,1704,73,50769.0,21880.0,636,522,385
360470274001,1286,515,135273.0,78800.0,359,129,265
360470275001,816,189,75536.0,14570.0,304,237,62
360470275002,1659,228,65938.0,29239.0,612,482,302
360470275004,1432,172,115129.0,21938.0,541,271,284
360470276001,1540,139,60184.0,14875.0,353,331,442
360470276002,902,432,53484.0,12760.0,360,313,176
360470276003,1196,261,62634.0,11714.0,495,390,247
360470277001,1725,154,45240.0,14366.0,594,508,540
360470277002,919,130,85188.0,28707.0,411,211,135
360470277003,488,121,82778.0,79082.0,218,196,71
360470277004,1317,134,40982.0,20862.0,459,341,388
360470278001,1321,661,52750.0,14472.0,492,410,290
360470278002,1820,521,59357.0,20874.0,670,372,251
360470279001,681,166,56563.0,9956.0,275,238,176
360470279002,1052,174,64722.0,64223.0,560,363,77
360470279003,874,103,74539.0,20998.0,366,293,70
360470279004,941,301,76058.0,45432.0,428,276,190
360470626002,2060,1355,64957.0,13968.0,817,273,316
360470628002,1069,769,74706.0,44160.0,402,62,302
360470628003,639,482,94167.0,52968.0,280,19,38
360470632001,861,755,80208.0,21545.0,425,84,106
360470636001,1242,836,123750.0,31237.0,409,25,292
360470638001,891,557,113393.0,34122.0,378,256,214
360470640001,846,668,134000.0,50051.0,254,35,270
360470640002,777,658,96607.0,50351.0,299,13,167
360470642002,977,777,55313.0,37550.0,415,307,134
360470644001,1251,811,93693.0,24794.0,369,119,497
360470644003,1591,818,71250.0,22524.0,468,187,550
360470646001,903,712,94722.0,40317.0,254,35,340
360470648001,1647,880,110859.0,17510.0,429,102,495
360470648002,702,584,119194.0,24211.0,224,29,181
360470650002,951,257,75246.0,8159.0,329,139,185
360470652001,1076,874,83750.0,29750.0,460,69,173
360470654002,661,371,97750.0,33168.0,248,5,95
360470656001,870,598,92000.0,20490.0,372,50,173
360470656002,882,595,93750.0,19729.0,272,41,301
360470658001,763,559,74120.0,33976.0,293,42,216
360470658002,977,570,105375.0,37509.0,356,53,190
360470660001,968,671,148417.0,59311.0,331,19,274
360470660002,1099,824,107917.0,18835.0,396,75,148
360470662001,1326,830,79125.0,28000.0,574,120,207
360470666000,0,0,,,0,0,0
360470666001,0,0,,,0,0,0
360470670001,740,92,108333.0,67145.0,254,114,212
360470670002,2148,565,80114.0,18193.0,820,400,356
360470672001,1832,186,74236.0,22502.0,570,114,341
360470674001,922,87,76667.0,31996.0,252,84,338
360470674002,926,141,128583.0,27342.0,301,61,124
360470676001,1098,80,99583.0,28077.0,372,137,126
360470678001,1519,166,96484.0,14613.0,485,225,196
360470678002,1603,73,99712.0,17733.0,467,162,380
360470680002,1018,47,85125.0,68981.0,329,131,265
360470682001,1210,245,98625.0,48242.0,408,61,227
360470686001,741,225,117768.0,68538.0,264,49,187
360470686002,855,595,61925.0,8317.0,361,132,195
360470688002,651,148,75776.0,10511.0,222,71,116
360470690001,953,95,95000.0,30395.0,284,65,233
360470692001,1591,81,128657.0,29458.0,527,103,319
360470696011,860,610,81319.0,38158.0,373,243,125
360470280000,0,0,,,0,0,0
360470280001,1002,390,61875.0,17141.0,345,82,151
360470280002,867,320,101528.0,9202.0,308,211,152
360470281002,1888,122,23977.0,4417.0,678,646,728
360470281003,1375,349,51875.0,50954.0,671,588,179
360470282001,1649,747,44875.0,22008.0,729,300,325
360470282002,1295,386,76897.0,25209.0,378,306,332
360470283001,1163,188,14321.0,9209.0,429,394,161
360470283003,1113,95,39149.0,29091.0,437,367,292
360470284001,1259,696,70052.0,19686.0,457,417,288
360470284003,1005,197,46875.0,28894.0,366,247,184
360470286000,0,0,,,0,0,0
360470286001,1324,544,38125.0,31456.0,293,293,597
360470286003,985,320,35788.0,11299.0,375,375,329
360470286004,742,212,,,258,147,163
360470287001,1467,462,104673.0,28914.0,605,456,158
360470287002,705,111,130781.0,77551.0,220,169,155
360470288001,777,357,83000.0,43174.0,276,120,73
360470288002,1410,433,69750.0,54781.0,362,241,334
360470289001,899,70,,,333,160,200
360470289002,1030,165,94750.0,41605.0,445,346,203
360470289004,1089,86,12307.0,6259.0,467,460,207
360470290001,1027,766,27182.0,20535.0,436,354,170
360470290003,1332,618,48533.0,23450.0,699,641,324
360470291002,779,38,65789.0,16405.0,298,259,166
360470291003,1164,295,52670.0,31208.0,527,468,83
360470292001,1654,845,40750.0,20938.0,645,511,402
360470292002,1122,321,46184.0,10549.0,370,298,199
360470293001,661,14,35272.0,17383.0,225,203,195
360470293002,1122,45,,,479,451,255
360470293004,771,102,73417.0,68390.0,333,246,82
360470294000,0,0,,,0,0,0
360470294001,2494,1131,62159.0,20472.0,613,527,433
360470295001,1176,129,,,530,441,302
360470295002,990,183,52321.0,15865.0,392,314,168
360470295003,1245,291,93611.0,48191.0,510,418,294
360470295004,801,283,,,370,177,100
360470296001,1450,1189,57244.0,38120.0,581,506,171
360470296002,1393,648,49848.0,37944.0,476,347,389
360470296003,1470,944,40435.0,16186.0,641,444,263
360470296004,933,248,65446.0,40453.0,395,263,279
360470297001,1337,312,70119.0,29221.0,484,210,374
360470696012,2254,680,59149.0,38073.0,942,545,336
360470696022,2475,1104,,,857,121,466
360470696023,2066,1443,78739.0,22523.0,874,239,371
360470698002,573,251,105060.0,76406.0,215,22,93
360470700001,858,687,79009.0,12385.0,346,168,226
360470702011,722,609,,,254,79,244
360470702012,690,690,179167.0,161632.0,284,22,128
360470702014,1670,1554,166221.0,47016.0,592,41,254
360470702015,1714,1427,98865.0,26483.0,703,162,360
360470702021,26,16,,,13,13,0
360470702030,0,0,,,0,0,0
360470706011,1430,1147,113375.0,74700.0,355,114,587
360470706012,1632,1202,113250.0,41901.0,550,48,282
360470706021,0,0,,,0,0,0
360470720001,2005,119,70921.0,17080.0,646,401,495
360470722002,1384,0,62917.0,35613.0,437,172,425
360470724001,898,42,75550.0,31732.0,365,118,119
360470726001,2421,56,87759.0,18584.0,650,59,436
360470728002,1078,15,82031.0,22916.0,403,53,169
360470730001,1446,47,85500.0,18357.0,468,87,256
360470732001,898,27,50882.0,14686.0,398,240,190
360470732002,1264,12,61161.0,56245.0,387,116,410
360470734001,828,15,109107.0,49923.0,284,55,150
360470734002,870,21,79890.0,20123.0,253,58,163
360470736001,1054,12,,,443,298,223
360470736002,1215,31,81354.0,24119.0,475,147,103
360470736003,1114,115,48277.0,20141.0,285,178,335
360470738001,1799,683,47263.0,30714.0,499,287,733
360470738002,708,414,63472.0,31289.0,327,237,152
360470738003,1099,106,67559.0,66969.0,477,149,190
360470740001,1588,116,47282.0,16433.0,512,375,405
360470740002,2061,189,96389.0,68732.0,508,324,645
360470742001,1776,800,74875.0,46314.0,517,186,455
360470742002,1275,567,52670.0,11482.0,451,293,385
360470744001,1371,1160,153899.0,27568.0,293,23,575
360470746001,1390,615,86528.0,23572.0,388,120,369
360470746002,1264,1219,61985.0,45736.0,359,209,596
360470748002,1096,684,48750.0,29481.0,468,307,337
360470750001,1574,1335,78472.0,18489.0,538,259,595
360470752001,1007,995,168167.0,16886.0,284,20,341
360470754002,609,609,99107.0,59844.0,253,73,128
360470758001,487,443,120357.0,50991.0,170,8,110
360470297002,1473,174,,,714,540,195
360470297003,1602,275,96667.0,25764.0,602,262,325
360470298001,1625,525,56250.0,22160.0,556,180,307
360470298002,806,228,,,337,198,179
360470298003,1303,378,49500.0,19735.0,380,249,380
360470299002,1162,156,44821.0,18903.0,427,325,253
360470300002,921,312,122635.0,60064.0,298,199,252
360470300003,577,206,,,203,131,166
360470300005,610,212,77885.0,15321.0,202,119,96
360470301002,1070,65,,,336,255,344
360470301003,960,78,72244.0,56915.0,403,193,180
360470302002,1334,762,77500.0,39783.0,480,342,236
360470302003,1683,287,59722.0,23393.0,488,197,259
360470303002,567,4,49259.0,11808.0,236,236,122
360470303003,1877,24,40256.0,30190.0,940,749,330
360470304001,1457,341,63750.0,15793.0,526,325,282
360470304002,1415,651,36616.0,9991.0,627,526,293
360470305001,837,500,95179.0,57571.0,358,325,116
360470305002,1567,806,76538.0,21515.0,872,857,152
360470305004,2101,794,126161.0,46572.0,758,652,273
360470307001,2248,43,27051.0,5868.0,982,982,772
360470307002,2352,33,11458.0,5992.0,882,882,979
360470308001,2035,1363,58147.0,18515.0,803,233,313
360470309001,1201,0,45531.0,11129.0,395,363,341
360470311001,655,46,89943.0,39326.0,249,222,119
360470311002,1795,319,64766.0,53214.0,737,664,247
360470313001,1341,106,153095.0,149110.0,352,276,359
360470313002,926,248,116875.0,5483.0,391,287,143
360470313004,1093,319,62426.0,31777.0,541,384,40
360470314010,0,0,,,0,0,0
360470314012,486,486,112901.0,10869.0,283,0,16
360470314013,1024,673,65114.0,21050.0,436,150,128
360470314015,1044,498,140339.0,138087.0,320,186,244
360470314016,965,254,74464.0,17974.0,279,175,152
360470314020,0,0,,,0,0,0
360470314021,0,0,,,0,0,0
360470315001,1125,572,66845.0,18561.0,572,459,0
360470315002,1557,786,93631.0,31320.0,677,652,219
360470315003,1189,388,38175.0,20100.0,628,563,80
360470315004,1269,278,,,626,536,165
360470317011,1463,548,85625.0,23091.0,564,428,223
360470317012,1257,238,62041.0,28975.0,522,434,252
360470758002,1068,841,44688.0,17127.0,435,276,212
360470760002,915,757,,,466,254,136
360470760003,1045,906,44167.0,8522.0,452,336,252
360470762002,1547,660,58676.0,11820.0,486,374,313
360470762003,2033,1157,60554.0,22485.0,684,609,679
360470764002,1391,335,32000.0,27201.0,550,524,388
360470764003,1206,457,72955.0,14383.0,442,380,236
360470768001,1089,1062,45821.0,8116.0,396,225,403
360470768002,1266,1077,128207.0,78944.0,373,200,309
360470770001,1627,293,,,615,295,298
360470770002,1045,176,73768.0,35214.0,442,331,205
360470772002,1569,1126,72900.0,30556.0,600,393,224
360470774002,2251,340,76957.0,22103.0,936,905,531
360470776001,1050,130,56979.0,33584.0,545,359,179
360470776003,1052,277,,,400,37,92
360470780001,1059,45,108103.0,40626.0,332,55,99
360470782001,1370,0,59375.0,28681.0,545,264,149
360470782002,3297,46,62054.0,16561.0,1118,1007,773
360470784002,1314,103,73125.0,27512.0,465,265,268
360470786011,1106,33,62205.0,48654.0,489,364,57
360470786021,678,131,65375.0,49074.0,323,154,68
360470786022,1422,14,46705.0,9790.0,504,378,440
360470788011,1433,75,43250.0,14546.0,573,448,256
360470788012,587,0,62083.0,30887.0,207,194,208
360470788021,1639,0,51467.0,14175.0,513,508,397
360470790011,1701,141,57857.0,38643.0,452,366,564
360470790021,1318,0,67411.0,13228.0,408,333,317
360470790022,579,1,,,269,66,44
360470790023,1317,14,31207.0,20290.0,504,442,390
360470792011,1161,119,73938.0,18682.0,462,328,201
360470792021,1249,35,51250.0,21071.0,440,372,293
360470792022,1101,38,77024.0,44392.0,310,179,340
360470794001,641,62,43654.0,29795.0,202,83,180
360470794002,1117,62,39426.0,20190.0,365,251,222
360470794003,0,0,,,0,0,0
360470796011,1960,676,71215.0,24402.0,859,658,400
360470796021,2201,422,66705.0,49584.0,979,863,461
360470796022,2748,324,64520.0,10880.0,1161,969,447
360470798012,1573,520,115504.0,68626.0,523,348,474
360470798021,2234,597,88770.0,17092.0,881,829,460
360470798023,1300,438,75186.0,29054.0,623,623,139
360470800001,1044,347,116875.0,67524.0,377,185,149
360470317013,951,308,91989.0,53825.0,381,295,203
360470317021,916,261,81667.0,39963.0,406,323,99
360470317022,1304,412,93750.0,20191.0,517,311,330
360470317023,1524,567,93914.0,12562.0,662,543,341
360470319001,1370,944,78750.0,19958.0,484,381,361
360470319002,969,384,53933.0,19708.0,485,312,222
360470321001,1597,385,52958.0,11479.0,611,573,267
360470321004,1633,358,66263.0,2454.0,795,703,288
360470323001,842,359,91350.0,27506.0,429,429,90
360470323003,1156,234,39000.0,21837.0,496,424,216
360470325001,1321,286,,,667,596,170
360470325003,3833,106,57855.0,11322.0,1523,1523,528
360470326001,646,1,,,205,165,183
360470326003,2211,172,28342.0,8093.0,918,887,418
360470326004,384,76,11858.0,1008.0,238,238,73
360470327001,854,200,,,390,250,164
360470327002,916,93,83802.0,6246.0,338,182,140
360470328001,679,114,43889.0,27630.0,324,219,77
360470328002,385,45,40938.0,30529.0,185,51,31
360470328004,828,142,40833.0,22205.0,232,158,304
360470329002,2074,1297,,,659,495,440
360470329003,1419,376,48977.0,29921.0,629,629,390
360470330000,0,0,,,0,0,0
360470330001,2090,660,16172.0,1371.0,877,812,424
360470330003,2241,28,23136.0,10509.0,808,788,621
360470331001,1369,634,37750.0,15481.0,462,418,443
360470331003,757,683,74271.0,46813.0,272,98,132
360470333001,769,325,66633.0,6812.0,366,287,60
360470333003,1932,1287,51087.0,8090.0,504,380,785
360470335001,965,528,74432.0,41586.0,264,185,359
360470335003,1147,635,72063.0,43841.0,383,229,255
360470336000,0,0,,,0,0,0
360470336002,1079,689,72500.0,66319.0,338,218,331
360470336003,978,924,74318.0,56339.0,364,187,233
360470336005,1107,778,130875.0,48441.0,409,160,159
360470337011,1293,636,50727.0,21005.0,335,238,314
360470337012,918,223,46594.0,11585.0,489,374,117
360470337021,815,652,87958.0,34524.0,221,125,319
360470337022,854,498,65375.0,22271.0,321,275,159
360470339001,910,135,58974.0,25339.0,334,246,154
360470339002,1083,135,38900.0,33511.0,454,392,239
360470339003,1120,187,20889.0,8947.0,678,630,109
360470800003,1330,239,58712.0,20049.0,608,360,186
360470802001,1958,375,97031.0,46308.0,775,443,194
360470802003,1847,249,85179.0,17538.0,790,535,338
360470804001,1191,192,36042.0,27364.0,527,372,192
360470804003,618,53,54952.0,32210.0,267,177,195
360470806001,2037,631,49901.0,26358.0,791,617,370
360470808001,1668,167,11484.0,930.0,580,577,183
360470810002,1110,70,60893.0,11563.0,517,401,103
360470814001,1257,44,41071.0,20949.0,512,289,241
360470816001,1032,96,54306.0,30029.0,415,295,146
360470816002,1562,92,49978.0,13708.0,585,407,360
360470818002,926,181,105278.0,58252.0,174,155,234
360470818003,796,43,90825.0,65057.0,319,256,246
360470820002,1752,192,57212.0,26259.0,847,835,324
360470820003,1290,20,32449.0,17640.0,591,591,246
360470822002,1517,151,44569.0,35363.0,738,695,241
360470822003,2836,278,58903.0,14246.0,939,939,914
360470824001,1685,122,47202.0,45172.0,647,536,338
360470824002,1164,14,44778.0,11381.0,378,333,251
360470824004,741,46,46053.0,12785.0,308,249,123
360470826002,540,0,,,242,164,137
360470826003,1669,31,47826.0,17708.0,648,612,331
360470828001,993,5,58500.0,32929.0,368,327,331
360470828002,957,45,85417.0,25656.0,348,193,104
360470830001,1120,71,118833.0,38833.0,328,223,343
360470830002,1795,24,103189.0,99641.0,669,234,121
360470830003,1520,0,,,653,620,425
360470830004,2125,0,52886.0,7153.0,811,811,622
360470832001,826,0,76250.0,22457.0,294,88,158
360470832002,1174,3,56080.0,17357.0,443,207,221
360470834001,910,0,61103.0,33750.0,331,125,160
360470834002,614,4,78068.0,50108.0,245,72,88
360470836001,723,0,76000.0,10146.0,194,60,219
360470836002,1325,0,70250.0,18760.0,500,182,347
360470838001,904,0,77870.0,35217.0,344,71,204
360470838002,1209,2,83571.0,17990.0,410,95,176
360470840001,1666,19,51850.0,39634.0,469,136,558
360470840002,1037,11,76406.0,64965.0,361,143,313
360470846001,1192,34,63333.0,27584.0,396,164,335
360470848001,880,0,79904.0,22976.0,293,93,174
360470848002,714,6,82326.0,54203.0,264,142,95
360470852001,24,0,,,4,0,10
360470001002,548,372,105326.0,14726.0,246,137,42
360470001004,1720,901,71383.0,15080.0,914,340,372
360470002001,992,163,55417.0,10878.0,340,296,124
360470339004,1285,220,175074.0,120805.0,529,175,391
360470340001,1387,270,25394.0,3823.0,531,531,266
360470340002,604,401,12083.0,700.0,97,91,0
360470341001,1015,65,45417.0,41094.0,413,348,88
360470341002,517,96,73457.0,70155.0,270,231,61
360470341003,1662,426,,,611,519,373
360470342001,2351,277,36467.0,11452.0,771,657,568
360470342002,1238,490,37831.0,15747.0,524,524,367
360470342004,995,675,13750.0,1944.0,633,633,84
360470343001,490,230,89702.0,34055.0,235,184,82
360470343003,1697,10,23194.0,14369.0,739,731,390
360470345001,1305,145,,,500,381,289
360470345002,1619,581,39548.0,10743.0,687,467,252
360470347002,814,50,,,413,366,45
360470347003,1621,31,34479.0,28655.0,756,714,321
360470348002,1525,133,66250.0,31715.0,480,438,501
360470349011,1230,201,39788.0,4912.0,433,413,448
360470349021,1780,227,68266.0,16269.0,623,544,462
360470349022,1044,80,54531.0,39337.0,260,237,436
360470350001,1659,1619,45417.0,20009.0,884,549,149
360470350002,1312,1312,38452.0,8336.0,676,473,105
360470351021,1204,333,54265.0,31950.0,450,426,248
360470351022,1116,477,,,414,270,161
360470352001,1162,682,12114.0,1276.0,504,504,47
360470353011,1902,143,30893.0,17802.0,861,856,166
360470353021,1197,468,100487.0,37858.0,327,255,353
360470353022,1528,117,63250.0,14568.0,592,530,270
360470354002,2062,1980,49942.0,24019.0,989,295,383
360470354003,1305,1305,52143.0,22798.0,628,236,56
360470355002,1529,36,55573.0,20460.0,629,616,327
360470356011,2553,2243,29625.0,6711.0,1440,1050,98
360470356021,1007,1007,43097.0,27274.0,569,260,179
360470356023,2349,2027,51504.0,11309.0,993,993,620
360470357011,2317,58,40175.0,7859.0,1015,980,568
360470359001,993,152,83314.0,17667.0,560,395,96
360470359002,1523,39,62558.0,20428.0,653,539,344
360470359004,1471,0,,,626,626,293
360470360011,978,921,47150.0,11607.0,582,235,148
360470360013,1269,1017,25163.0,12202.0,617,587,225
360470360021,1917,1571,35500.0,25818.0,1076,1023,188
360470360022,1961,1783,16351.0,4219.0,970,887,319
360470361001,601,4,28942.0,18511.0,271,221,137
360470854002,1107,29,62773.0,14793.0,445,205,217
360470856001,800,33,61646.0,19029.0,318,145,89
360470858001,764,0,55500.0,14423.0,312,78,97
360470860001,953,0,,,365,88,137
360470860002,1197,9,52974.0,32314.0,461,361,327
360470862001,918,48,,,410,261,116
360470862002,1205,85,48464.0,13185.0,477,344,236
360470864001,1123,0,67115.0,57995.0,360,187,236
360470864002,1394,0,53854.0,36391.0,435,257,281
360470866002,777,0,,,290,238,205
360470866003,1080,14,66287.0,10387.0,407,288,213
360470868002,698,0,48194.0,31889.0,201,131,203
360470868003,1637,0,35455.0,19981.0,814,776,445
360470870002,1201,0,,,449,351,356
360470872001,548,10,59583.0,21415.0,241,28,38
360470872002,1073,298,45547.0,25597.0,363,255,373
360470874011,1380,222,46429.0,27634.0,610,444,398
360470874012,2602,0,53829.0,9135.0,900,834,614
360470876002,617,48,49722.0,18642.0,332,47,6
360470878001,359,0,,,192,172,29
360470878003,1829,0,58393.0,19212.0,731,669,377
360470880011,1239,47,34353.0,6407.0,361,184,66
360470880021,1225,158,84000.0,46599.0,448,225,415
360470882001,3005,734,54233.0,6045.0,834,602,1620
360470882003,545,0,89688.0,73968.0,168,142,114
360470882004,1719,0,39018.0,11770.0,910,738,161
360470884001,2200,24,,,773,738,864
360470884002,1171,18,54000.0,26319.0,384,239,280
360470884003,1336,32,49211.0,16079.0,592,458,274
360470886001,978,33,,,513,475,138
360470886002,1473,10,47386.0,5633.0,671,657,212
360470886003,1422,31,25926.0,15595.0,734,608,338
360470888001,1353,9,44542.0,17689.0,513,494,213
360470888002,1443,0,64167.0,45823.0,536,273,230
360470888003,1264,0,42344.0,19226.0,515,431,385
360470890001,836,0,,,341,301,176
360470890002,765,0,48693.0,32524.0,428,387,172
360470890003,528,0,29720.0,7690.0,239,239,176
360470890004,2056,0,53635.0,2059.0,840,840,325
360470890005,769,20,60185.0,32087.0,262,156,128
360470890006,835,135,,,98,53,0
360470892002,691,1,26875.0,18732.0,419,404,71
360470003013,847,719,137885.0,94796.0,394,182,194
360470003015,353,335,193516.0,141680.0,239,38,0
360470005011,2501,1579,126414.0,24954.0,757,261,218
360470005013,853,691,125263.0,55336.0,484,228,97
360470005021,1503,1116,153194.0,36429.0,783,370,242
360470007001,1674,1315,201818.0,54921.0,768,463,336
360470007002,997,817,191761.0,52351.0,399,186,318
360470009001,2716,2001,202656.0,10216.0,1375,846,359
360470009002,1938,1254,146256.0,28272.0,909,724,255
360470011001,1502,950,159000.0,32815.0,818,734,163
360470013001,1754,1084,109625.0,13889.0,1021,202,184
360470013002,163,78,,,0,0,0
360470015011,2656,1146,143371.0,20724.0,1401,1294,236
360470015012,2219,12,30987.0,18051.0,889,889,641
360470015021,4654,1543,113165.0,18153.0,2230,1817,833
360470018010,0,0,,,0,0,0
360470018011,0,0,,,0,0,0
360470018012,1920,363,,,0,0,0
360470018020,0,0,,,0,0,0
360470018021,0,0,,,0,0,0
360470018030,0,0,,,0,0,0
360470018031,0,0,,,0,0,0
360470018040,0,0,,,0,0,0
360470020001,520,20,54792.0,53202.0,164,120,158
360470020002,983,14,38289.0,13936.0,224,189,224
360470021002,2259,1473,250001.0,-333333333.0,767,342,680
360470021003,1315,795,139500.0,106629.0,588,343,226
360470022002,1546,450,41759.0,21225.0,528,414,470
360470022003,940,9,,,262,224,226
360470023001,1528,32,18804.0,1229.0,566,495,325
360470023002,1625,0,18217.0,6628.0,561,561,453
360470029011,3483,41,24238.0,10129.0,1149,1137,1212
360470030001,925,449,99750.0,27457.0,408,183,196
360470031012,498,251,,,0,0,13
360470031013,11,0,,,11,11,0
360470033001,1476,903,140313.0,63688.0,468,323,505
360470033002,3003,1107,133047.0,44210.0,1750,1606,328
360470034001,874,529,63359.0,35364.0,321,137,137
360470034002,1536,596,95063.0,19895.0,560,335,400
360470035001,1205,663,156541.0,37007.0,613,429,161
360470035002,875,337,78500.0,38201.0,502,484,82
360470036002,1552,940,56865.0,19230.0,971,605,210
360470361002,1517,142,25425.0,10798.0,497,395,451
360470361003,716,18,20225.0,5041.0,393,373,82
360470362001,1346,854,43250.0,28918.0,526,384,311
360470362002,1060,238,41029.0,24983.0,368,319,281
360470362003,1272,642,64224.0,38866.0,426,242,254
360470363001,873,26,11709.0,2224.0,379,379,121
360470363002,1173,20,60607.0,33565.0,441,285,231
360470363003,1905,154,35890.0,23066.0,677,638,748
360470363004,1158,0,32318.0,9126.0,443,373,383
360470364001,1202,576,49583.0,14389.0,481,325,194
360470365011,2601,8,46292.0,13092.0,972,934,670
360470365012,963,0,108487.0,83699.0,307,232,231
360470366001,1183,225,58352.0,29278.0,301,245,308
360470366002,1525,1057,,,574,422,238
360470367001,20,11,,,0,0,0
360470367002,584,41,,,196,125,140
360470367004,0,0,,,0,0,0
360470369001,1728,214,23182.0,19592.0,756,702,346
360470369003,1575,174,28588.0,5762.0,693,568,423
360470369004,1585,65,48920.0,11502.0,602,570,177
360470370002,985,882,78409.0,37519.0,446,61,117
360470370004,734,511,78235.0,37660.0,322,44,97
360470371001,763,214,90288.0,40072.0,246,188,287
360470371003,1212,67,79740.0,20108.0,439,360,386
360470371004,996,16,58092.0,19098.0,372,282,302
360470373001,1142,82,26031.0,19345.0,523,495,354
360470373002,993,269,,,423,324,143
360470373004,1332,152,50458.0,24999.0,495,380,286
360470374011,961,335,,,268,127,214
360470374013,1081,881,47389.0,36267.0,349,178,347
360470374014,884,500,60240.0,19509.0,371,216,259
360470374021,1847,536,32474.0,18067.0,645,422,442
360470374022,1637,929,,,825,795,279
360470374024,317,317,73750.0,35485.0,152,7,38
360470375001,620,160,73750.0,31363.0,298,144,79
360470375003,918,5,68438.0,31785.0,384,318,94
360470377001,876,67,36410.0,6918.0,378,339,164
360470377003,1332,186,80994.0,61873.0,557,412,193
360470377004,1581,312,107188.0,27360.0,593,226,302
360470379002,1273,102,42955.0,41718.0,468,352,353
360470381001,1263,434,85907.0,26898.0,515,395,293
360470381002,2538,19,29597.0,15788.0,1261,1261,435
360470892003,845,26,24076.0,12197.0,399,399,87
360470894001,778,10,64556.0,27028.0,288,118,135
360470894002,718,0,31500.0,26770.0,266,151,170
360470894004,871,4,,,249,145,335
360470896001,487,0,58438.0,15098.0,232,172,104
360470896003,980,0,34792.0,10603.0,485,394,156
360470898002,1117,25,,,336,302,254
360470900001,329,0,89737.0,85545.0,152,48,94
360470900004,906,11,21802.0,9727.0,322,322,193
360470900006,464,0,23625.0,21662.0,292,269,50
360470900007,665,0,60585.0,55156.0,237,213,122
360470902002,749,27,148021.0,19279.0,19,0,65
360470902003,508,19,55469.0,51380.0,42,42,34
360470902005,531,6,41667.0,39625.0,204,62,156
360470906001,776,6,27016.0,19602.0,464,464,173
360470906003,1206,0,10659.0,6676.0,663,650,339
360470908001,4391,98,,,684,684,341
360470908003,306,0,,,169,161,38
360470910001,1221,0,,,640,640,331
360470910003,1246,0,18022.0,6970.0,697,697,96
360470912001,1102,0,11881.0,10637.0,587,587,140
360470912002,1346,0,14477.0,6619.0,675,675,414
360470916001,1272,23,,,638,629,344
360470916002,722,3,11280.0,3598.0,392,346,184
360470916004,710,0,24400.0,16871.0,336,306,167
360470918001,1258,4,14080.0,2829.0,613,577,355
360470920001,497,0,,,241,219,120
360470920002,1183,10,33492.0,14713.0,538,386,257
360470920003,547,0,33980.0,12116.0,360,31,38
360470920004,0,0,,,0,0,0
360470922001,931,178,32390.0,24920.0,381,341,101
360470922002,1459,30,43333.0,34551.0,884,668,211
360470924001,933,120,28099.0,13346.0,305,264,381
360470924002,683,0,22470.0,10088.0,315,241,145
360470924003,560,0,38750.0,33891.0,285,285,171
360470928001,1097,20,71458.0,54950.0,446,316,151
360470928002,1667,2,66875.0,24675.0,697,400,218
360470928003,0,0,,,0,0,0
360470930001,1244,1,56250.0,41800.0,458,113,183
360470930002,1863,20,88917.0,13574.0,579,264,397
360470932001,1037,21,48833.0,11749.0,468,148,36
360470934001,1093,15,62596.0,23575.0,443,234,194
360470036003,999,786,88846.0,25277.0,448,293,201
360470038000,0,0,,,0,0,0
360470038001,1335,769,82454.0,42648.0,559,198,292
360470039002,502,352,91908.0,18489.0,249,146,108
360470041001,1724,1266,154625.0,62004.0,719,585,350
360470041002,1085,708,222768.0,56806.0,277,125,236
360470043001,14,0,,,0,0,0
360470043002,1380,623,82917.0,75807.0,737,549,201
360470043004,1663,1087,165333.0,30624.0,690,490,339
360470044000,0,0,,,0,0,0
360470044001,1301,1068,162560.0,23474.0,445,21,265
360470044002,1027,918,67446.0,32512.0,515,207,154
360470045001,1479,986,146875.0,51495.0,571,400,445
360470045002,727,518,146955.0,55534.0,301,136,169
360470045003,747,525,146047.0,30093.0,337,167,125
360470045004,621,549,153869.0,66170.0,355,241,74
360470046000,0,0,,,0,0,0
360470046001,1282,977,106071.0,87697.0,538,128,301
360470047001,1841,1022,120521.0,24607.0,735,472,590
360470049001,1139,630,190855.0,96513.0,269,156,242
360470049002,1062,726,129130.0,41914.0,452,229,178
360470049003,459,309,150655.0,42655.0,275,188,81
360470050000,0,0,,,0,0,0
360470050001,744,582,67847.0,24969.0,404,187,90
360470050002,771,620,130865.0,14363.0,293,103,217
360470051001,519,393,99321.0,68474.0,281,165,103
360470051002,1550,1110,160556.0,12489.0,516,245,547
360470052010,0,0,,,0,0,0
360470052011,1603,1032,46389.0,36238.0,964,753,181
360470052021,1100,960,112750.0,27634.0,637,167,130
360470052022,1401,1262,67164.0,16590.0,700,435,195
360470053011,1385,671,109792.0,35228.0,537,351,259
360470053012,838,629,130966.0,30343.0,365,234,200
360470053021,17,17,,,17,17,0
360470053022,0,0,,,0,0,0
360470053031,0,0,,,0,0,0
360470054002,558,471,77672.0,22091.0,284,175,94
360470056010,0,0,,,0,0,0
360470056011,1227,625,87222.0,28043.0,604,375,228
360470056020,0,0,,,0,0,0
360470056021,1787,1218,80208.0,24841.0,915,434,255
360470058002,1273,712,50208.0,29501.0,583,467,145
360470381003,443,83,135978.0,75729.0,160,129,74
360470381004,1107,213,93547.0,16401.0,443,156,241
360470382001,537,2,50795.0,26086.0,158,130,143
360470382002,2982,15,17733.0,3820.0,1061,1032,801
360470382003,2195,116,17509.0,3201.0,915,915,658
360470383001,1399,179,86957.0,45001.0,510,303,184
360470383002,1398,281,72381.0,41547.0,518,396,305
360470383003,862,80,109125.0,63998.0,335,157,15
360470383004,1078,294,61148.0,26593.0,574,238,136
360470385001,1173,62,80850.0,11050.0,592,484,134
360470385002,1192,51,,,238,116,200
360470385003,1099,118,84962.0,7447.0,411,346,158
360470385004,860,255,105662.0,58450.0,284,156,140
360470386002,1693,294,79667.0,17023.0,542,271,327
360470387001,1077,295,80500.0,43303.0,360,228,298
360470387003,700,146,93625.0,23064.0,226,139,143
360470387004,1285,232,60658.0,24877.0,490,287,258
360470388002,1060,1046,85368.0,41680.0,377,252,281
360470388003,460,160,57788.0,49576.0,220,130,93
360470389001,1425,537,79375.0,24699.0,572,297,275
360470389003,679,321,93929.0,35478.0,256,191,130
360470390001,1379,1196,79750.0,44025.0,409,132,473
360470391002,1257,556,93068.0,48320.0,599,588,220
360470392002,1870,1522,60257.0,20846.0,695,484,521
360470393001,719,234,,,352,277,77
360470393003,1672,426,56982.0,56594.0,597,489,220
360470394001,654,374,,,198,132,241
360470394003,798,739,69625.0,37437.0,257,75,264
360470395001,1193,542,,,565,513,124
360470395003,1142,470,,,601,454,116
360470396001,542,528,81250.0,66697.0,200,102,121
360470397001,990,225,91310.0,54115.0,396,267,139
360470397002,1053,129,38333.0,33185.0,438,270,282
360470398001,1993,595,72500.0,18418.0,554,276,547
360470399001,1513,246,71053.0,25756.0,496,407,236
360470399002,1510,263,87902.0,35788.0,469,356,292
360470400001,1114,746,52151.0,32014.0,389,237,329
360470400002,539,175,,,208,110,85
360470401001,1022,129,138125.0,47873.0,174,85,164
360470401002,865,143,42500.0,34616.0,394,239,118
360470402001,0,0,,,0,0,0
360470402002,1049,293,82105.0,20914.0,300,155,216
360470934002,1402,18,75225.0,19893.0,609,238,260
360470936002,725,0,72045.0,33650.0,306,58,111
360470938001,1111,13,65938.0,15412.0,481,370,170
360470944011,1115,27,64412.0,51882.0,422,289,184
360470944013,873,56,102935.0,36828.0,280,106,183
360470944014,433,0,76953.0,41015.0,143,30,14
360470946001,599,0,108487.0,52452.0,195,44,108
360470950001,1319,7,78958.0,43110.0,527,291,174
360470950002,1123,150,106071.0,33862.0,390,150,180
360470954002,1571,6,85682.0,52114.0,650,270,199
360470954003,1251,14,91477.0,48442.0,487,309,185
360470956002,2364,324,66276.0,14382.0,815,525,509
360470958001,1278,71,68839.0,26889.0,416,230,315
360470960001,0,0,,,0,0,0
360470962001,1833,111,83221.0,26868.0,473,216,586
360470964002,970,51,77984.0,35921.0,372,179,195
360470966001,1609,15,80660.0,13424.0,447,169,395
360470968001,711,16,60313.0,15784.0,189,88,247
360470968002,838,0,90000.0,37922.0,234,50,119
360470970002,1339,44,76250.0,32080.0,386,203,446
360470974002,1016,44,67330.0,13963.0,381,166,168
360470982001,2924,0,29952.0,6074.0,1017,1017,1049
360470984001,2163,22,89779.0,21118.0,691,277,544
360470986001,1365,59,62273.0,13387.0,488,265,282
360470988001,1655,95,77083.0,43450.0,473,314,347
360470988002,1673,105,85575.0,15375.0,623,306,357
360470992001,2266,65,79605.0,18504.0,718,236,575
360470994001,1996,28,94563.0,15902.0,645,286,446
360470996002,2085,65,64438.0,38333.0,565,237,561
360470998001,1927,139,83185.0,15478.0,648,335,477
360470998002,1697,100,73060.0,48559.0,629,314,359
360471004001,2642,114,70769.0,19294.0,972,515,613
360471006001,1078,167,77500.0,36079.0,332,112,297
360471006002,1659,23,100288.0,5913.0,593,200,337
360471008001,1123,89,87500.0,29478.0,350,185,315
360471008002,968,64,96188.0,22988.0,311,144,227
360471010001,1267,31,68500.0,62543.0,390,188,300
360471010002,1109,31,53516.0,30944.0,482,260,178
360471012001,1493,25,64915.0,25987.0,585,299,292
360471012002,768,16,60000.0,19052.0,284,127,168
360471014001,1141,4,83750.0,27128.0,444,188,230
360471014002,1002,71,63103.0,31217.0,370,121,265
360470058003,657,559,81250.0,76646.0,266,134,46
360470059002,393,200,98750.0,63169.0,198,178,34
360470060001,1599,611,57250.0,44940.0,422,334,595
360470060003,835,718,140461.0,76190.0,257,152,301
360470062001,1460,896,94779.0,50509.0,521,391,353
360470062003,394,321,167688.0,82392.0,169,57,75
360470063001,880,693,149779.0,40199.0,391,300,156
360470064001,763,558,60000.0,53926.0,390,154,103
360470064003,1375,1129,83929.0,28746.0,616,504,301
360470065001,1012,848,172208.0,9418.0,386,177,254
360470065003,530,461,157869.0,69978.0,243,191,121
360470065004,1052,926,173994.0,81981.0,429,318,233
360470065005,545,514,195417.0,38046.0,240,68,33
360470065006,1722,1445,193542.0,165060.0,669,342,566
360470065007,278,217,143313.0,101047.0,143,111,60
360470066001,878,523,61836.0,10749.0,393,259,92
360470066002,865,646,,,484,433,93
360470066003,1882,1181,87917.0,28699.0,769,543,316
360470067001,528,357,,,275,160,55
360470067002,1047,890,,,410,226,307
360470067003,897,816,191379.0,14956.0,298,181,307
360470067004,557,428,142841.0,38984.0,214,121,150
360470067005,951,709,206389.0,70368.0,328,152,313
360470068001,1261,458,70074.0,48256.0,389,271,233
360470068002,1715,545,66627.0,7644.0,662,565,301
360470068003,676,516,112313.0,22608.0,273,121,154
360470068004,907,316,39135.0,26026.0,370,318,186
360470069011,798,656,124864.0,48185.0,419,294,113
360470069021,943,641,153750.0,106436.0,484,368,81
360470069022,1239,917,187542.0,59354.0,419,266,419
360470070002,980,559,97174.0,67290.0,384,191,161
360470071001,1003,693,144107.0,73925.0,390,158,240
360470071003,995,0,20750.0,15155.0,386,364,305
360470074001,1314,185,56838.0,28059.0,406,336,246
360470074002,1903,214,46843.0,15426.0,447,296,686
360470074004,1643,23,,,527,461,564
360470075001,1168,1072,180219.0,92286.0,583,386,166
360470075003,999,698,121250.0,56542.0,433,250,241
360470075004,774,477,145769.0,51616.0,372,179,152
360470076001,2145,179,52619.0,32360.0,416,275,491
360470076002,1306,309,43990.0,38858.0,407,323,367
360470077001,1630,1386,175521.0,56140.0,823,498,381
360470402003,803,420,54423.0,27878.0,276,138,173
360470402004,992,189,58365.0,29762.0,333,171,176
360470403001,1083,191,64917.0,14431.0,403,326,159
360470403002,1477,122,66250.0,34523.0,492,257,116
360470403003,1137,91,88598.0,49659.0,413,323,221
360470404001,1142,430,97500.0,15648.0,432,191,200
360470404002,1213,475,47750.0,28717.0,362,188,253
360470405001,922,155,66985.0,25979.0,363,233,211
360470405002,590,121,58924.0,4743.0,306,306,47
360470406001,1413,615,59844.0,19956.0,409,218,349
360470406002,1219,424,62926.0,35633.0,401,325,294
360470406003,1010,268,76786.0,24487.0,344,152,200
360470407001,0,0,,,0,0,0
360470408001,1089,523,,,417,246,206
360470408002,1099,328,217856.0,216758.0,367,112,199
360470409001,1305,156,63024.0,15549.0,523,457,166
360470409002,1052,170,75978.0,65161.0,356,312,313
360470410001,1213,879,72500.0,19586.0,308,119,550
360470411001,1149,200,,,425,376,219
360470411002,806,127,25385.0,18344.0,328,239,136
360470412001,1664,947,90231.0,50524.0,565,349,262
360470412002,1740,932,,,554,279,444
360470413003,1444,208,69537.0,28266.0,448,395,332
360470414012,608,547,68229.0,50306.0,195,96,163
360470414021,1008,694,49565.0,22531.0,372,290,251
360470415001,1681,162,82134.0,31092.0,525,422,307
360470415002,1582,438,96354.0,37788.0,556,443,288
360470416001,1287,1216,71354.0,15619.0,329,105,440
360470416002,1056,438,50625.0,14471.0,393,331,331
360470417002,1017,210,37404.0,29100.0,317,263,361
360470417003,1088,51,,,452,337,155
360470418001,786,586,,,264,159,181
360470418002,2073,1824,53629.0,15525.0,592,375,928
360470419002,1044,56,,,300,278,425
360470420001,627,539,51964.0,24903.0,185,62,205
360470420002,1303,1117,68000.0,27008.0,328,168,489
360470421002,948,307,,,463,386,57
360470421003,1409,280,93170.0,41269.0,509,430,338
360470422001,1060,567,58194.0,46390.0,343,286,277
360470422002,1843,1172,89342.0,60685.0,480,176,670
360470423001,1329,293,80982.0,51028.0,345,267,156
360470423002,1768,652,85597.0,9147.0,785,761,200
360471016001,1599,29,95357.0,26747.0,520,124,390
360471018001,2228,50,83025.0,9362.0,800,157,328
360471020001,2285,74,117181.0,11525.0,728,239,519
360471024001,2323,85,89444.0,23345.0,710,290,666
360471026001,3001,103,101461.0,9170.0,944,451,609
360471028020,0,0,,,0,0,0
360471028021,0,0,,,0,0,0
360471034012,1745,46,25208.0,16386.0,732,732,551
360471034020,0,0,,,0,0,0
360471058011,1616,375,,,864,854,291
360471058012,2646,513,31144.0,15764.0,1683,1669,518
360471058041,333,8,58289.0,53816.0,110,37,15
360471058042,944,499,17419.0,6313.0,654,654,0
360471058044,2790,259,33929.0,4572.0,1200,1184,703
360471070011,2613,78,40915.0,4106.0,1171,721,693
360471070021,0,0,,,0,0,0
360471070031,0,0,,,0,0,0
360471078002,1395,9,74556.0,23771.0,592,250,218
360471078003,1109,0,56639.0,18896.0,396,108,86
360471098001,0,0,,,0,0,0
360471098003,0,0,,,0,0,0
360471098004,0,0,,,0,0,0
360471104001,756,0,67540.0,13515.0,307,192,162
360471104002,1319,24,22480.0,3659.0,645,576,357
360471104004,1048,2,49348.0,25948.0,358,181,239
360471106001,2179,0,29365.0,8382.0,889,889,543
360471110001,1722,18,18068.0,10751.0,899,899,386
360471110002,1169,115,36490.0,18603.0,479,479,276
360471116002,651,6,91100.0,18884.0,256,71,14
360471118001,2308,0,70901.0,5065.0,851,693,673
360471120001,1028,0,49896.0,45717.0,395,226,293
360471120002,2214,6,59609.0,26236.0,715,549,533
360471122002,1078,0,2499.0,-333333333.0,676,636,155
360471124001,660,24,24637.0,18459.0,269,216,185
360471124002,1421,0,61375.0,21296.0,505,358,190
360471124003,1212,18,,,473,340,401
360471126001,1818,0,58728.0,39266.0,833,650,384
360471126002,872,0,29583.0,22103.0,445,445,141
360471126003,779,14,,,340,195,152
360471128001,805,0,55781.0,49106.0,246,136,191
360471128002,1407,100,,,568,369,187
360471128003,1370,13,33420.0,14016.0,529,439,493
360470077002,1104,648,119964.0,56497.0,477,218,270
360470077004,1114,588,169271.0,118590.0,447,303,385
360470078001,1585,158,72468.0,33350.0,467,407,279
360470078003,1093,59,90321.0,33219.0,324,236,314
360470080001,1909,519,81238.0,6005.0,598,351,459
360470082001,1107,233,69077.0,24504.0,349,303,293
360470082002,1453,144,,,727,573,115
360470084001,853,280,85852.0,46610.0,341,156,110
360470084002,1762,322,70096.0,18107.0,449,395,595
360470085001,3003,0,14567.0,2949.0,1147,1147,908
360470085002,2143,0,42500.0,15580.0,814,814,512
360470086001,0,0,,,0,0,0
360470088001,1158,351,53468.0,31075.0,600,476,172
360470090011,1436,133,61477.0,12752.0,458,353,347
360470090021,1334,116,50756.0,4685.0,426,336,398
360470092011,677,100,121023.0,73235.0,225,104,137
360470092012,1336,71,54872.0,32391.0,342,271,474
360470092021,2249,182,46815.0,11118.0,709,640,745
360470092022,1204,146,31125.0,15224.0,424,310,220
360470094011,1118,108,42000.0,27550.0,348,244,365
360470094012,1175,24,59464.0,33271.0,264,167,457
360470094021,1033,121,53563.0,26718.0,319,220,244
360470094022,1713,256,61513.0,23670.0,481,432,441
360470096001,1295,135,71141.0,67058.0,463,285,173
360470096002,1685,75,49185.0,21580.0,455,336,474
360470096003,1179,518,99306.0,62240.0,419,205,102
360470096004,1699,307,61058.0,33011.0,541,475,338
360470098001,1781,46,57961.0,23871.0,467,424,594
360470098003,1407,98,40769.0,11082.0,374,235,422
360470098004,1083,19,56921.0,8186.0,283,180,267
360470100002,1624,230,81982.0,14136.0,379,197,367
360470100003,2161,258,44698.0,21912.0,577,530,685
360470101001,950,243,92763.0,22472.0,356,288,206
360470101002,1450,373,99900.0,22294.0,464,215,251
360470102001,1984,37,61250.0,12548.0,438,246,609
360470102002,1705,187,108000.0,40396.0,404,319,402
360470104011,1141,105,39762.0,10250.0,312,253,284
360470104021,656,96,29695.0,5939.0,260,214,102
360470104022,1600,0,33859.0,23898.0,387,277,455
360470106012,1315,14,40712.0,14585.0,401,342,372
360470106021,1166,39,56414.0,13166.0,347,213,124
360470108011,954,71,50116.0,17702.0,262,136,267
360470424001,798,331,52109.0,39204.0,305,228,190
360470424002,1425,670,72109.0,8922.0,492,307,272
360470424003,1119,304,47820.0,14069.0,339,248,372
360470425001,1483,344,76250.0,45835.0,459,459,310
360470425002,835,184,67481.0,41310.0,267,235,222
360470425003,1003,336,92805.0,30124.0,362,341,263
360470426001,1497,496,89531.0,50227.0,465,219,436
360470426002,1477,846,34630.0,12905.0,658,471,164
360470426003,1155,542,68466.0,15838.0,461,256,116
360470427001,1664,565,71094.0,55626.0,613,567,370
360470427002,1166,363,58655.0,8769.0,479,462,169
360470427003,1019,343,100575.0,34794.0,351,332,262
360470427004,881,357,59293.0,16714.0,379,330,24
360470428001,1579,531,46445.0,10491.0,558,393,368
360470428002,1250,803,66806.0,18168.0,537,301,200
360470428003,960,425,75848.0,24808.0,351,155,178
360470429001,1305,183,45294.0,30577.0,436,410,451
360470429003,967,433,75917.0,28251.0,421,389,168
360470429004,1604,374,62220.0,24776.0,569,559,317
360470430002,858,417,53611.0,21672.0,324,224,110
360470430003,1519,585,37222.0,11028.0,502,479,428
360470431002,762,382,83938.0,5340.0,335,322,30
360470431003,1050,206,50368.0,16860.0,307,307,393
360470432001,1080,407,85625.0,22963.0,338,184,387
360470432003,1255,531,98393.0,35089.0,372,224,182
360470433001,1214,43,18295.0,15405.0,485,477,299
360470434001,1250,507,59531.0,12838.0,407,277,376
360470434003,1173,395,38207.0,17853.0,384,297,348
360470435001,1497,5,74167.0,9638.0,402,367,457
360470435003,1257,222,83800.0,31432.0,488,370,290
360470436001,1534,617,98625.0,45409.0,506,244,246
360470436003,2329,1004,55491.0,39485.0,713,554,582
360470437001,1283,137,67865.0,52487.0,479,466,317
360470437003,1317,244,,,532,488,77
360470437004,1407,289,57614.0,38833.0,395,310,399
360470438002,1356,1031,59063.0,15843.0,526,408,407
360470439001,1402,39,61205.0,35960.0,449,267,373
360470439003,687,134,66466.0,45054.0,320,264,85
360470440002,763,742,60750.0,42430.0,239,130,228
360470440003,1205,706,46767.0,13773.0,371,268,370
360470441002,1337,302,43295.0,22456.0,512,451,176
360470441003,2390,309,56341.0,5596.0,915,830,272
360471130001,575,22,40720.0,24221.0,277,188,85
360471130002,1237,25,65078.0,33994.0,496,376,362
360471130003,1011,0,,,358,272,298
360471130004,983,10,61250.0,29699.0,428,160,102
360471132001,1289,0,50455.0,13980.0,418,188,344
360471132002,588,39,,,181,88,163
360471134001,939,40,,,153,146,112
360471134002,687,0,25809.0,13131.0,315,299,171
360471142011,844,35,,,406,130,168
360471142021,1971,62,57140.0,15531.0,663,488,631
360471142022,1081,27,85673.0,26250.0,304,192,298
360471144002,1070,6,96250.0,30204.0,293,253,317
360471144003,550,0,70461.0,4959.0,219,75,23
360471146001,1383,52,61354.0,48903.0,447,236,264
360471146002,1473,48,49722.0,31714.0,396,290,490
360471150002,729,5,60938.0,17417.0,251,155,256
360471150003,851,19,47174.0,41505.0,322,204,148
360471152002,1485,16,23505.0,19652.0,537,441,576
360471152003,546,31,36994.0,7529.0,209,117,130
360471156002,971,0,17200.0,14418.0,402,402,308
360471156003,1047,0,16310.0,12260.0,388,372,349
360471158001,989,10,,,309,137,284
360471158002,699,7,46023.0,33029.0,277,150,134
360471160001,1326,0,39632.0,24421.0,489,425,296
360471160002,637,0,65389.0,34885.0,172,113,210
360471162001,408,0,43422.0,8105.0,195,150,62
360471162002,1255,0,59000.0,11398.0,326,191,442
360471164001,1191,23,56635.0,7930.0,384,303,443
360471164003,1267,0,78304.0,65129.0,395,151,310
360471166001,988,7,57625.0,33527.0,315,280,258
360471166003,912,38,78200.0,61102.0,318,236,273
360471168001,1410,9,59265.0,21168.0,366,324,487
360471170001,1204,12,,,392,379,316
360471170002,854,0,,,339,269,244
360471172012,911,54,83056.0,77387.0,268,126,254
360471172021,1318,81,51635.0,13585.0,542,352,257
360471172022,2673,9,43527.0,42137.0,943,529,704
360471174001,1714,0,95346.0,30990.0,547,469,429
360471174002,2200,151,37868.0,20398.0,738,597,383
360471176011,970,29,76827.0,27459.0,315,192,252
360471176012,2375,137,51227.0,16144.0,735,551,556
360471176021,1373,117,65227.0,8943.0,390,201,307
360470108012,1003,116,46313.0,19643.0,333,255,233
360470108022,1010,83,49211.0,23183.0,364,314,305
360470110001,1043,281,64375.0,15675.0,242,101,319
360470112001,2357,896,45175.0,33408.0,817,634,653
360470112002,906,501,41500.0,28476.0,364,355,206
360470112004,1327,120,49028.0,12418.0,453,394,253
360470114001,2099,1130,50417.0,8654.0,334,294,682
360470114003,512,110,65694.0,27634.0,191,149,58
360470116001,1176,145,44545.0,10005.0,360,311,310
360470116003,761,32,40365.0,12924.0,199,143,292
360470117001,904,583,132857.0,66349.0,398,210,126
360470117003,1115,337,94531.0,18983.0,409,289,154
360470118002,772,45,55058.0,16165.0,218,172,176
360470118003,1179,45,53036.0,33661.0,359,304,270
360470119012,906,565,100250.0,36125.0,391,252,115
360470119021,0,0,,,0,0,0
360470121001,1078,717,103500.0,22523.0,508,364,195
360470121002,890,379,104500.0,54257.0,306,166,185
360470122001,1698,343,38768.0,12733.0,583,533,313
360470122002,2316,44,50592.0,7008.0,638,571,578
360470122003,0,0,,,0,0,0
360470122004,1130,52,50455.0,27370.0,342,176,338
360470126001,1236,456,53011.0,6245.0,399,347,302
360470126002,1080,196,57574.0,7471.0,285,152,255
360470126003,483,116,49231.0,40392.0,158,87,104
360470127001,1611,554,92762.0,51741.0,720,469,233
360470127002,1068,555,125313.0,31280.0,485,456,252
360470127003,1387,0,28070.0,6745.0,417,387,206
360470128011,2279,578,42438.0,25736.0,798,545,482
360470129011,0,0,,,0,0,0
360470129012,1105,782,146250.0,23275.0,454,222,214
360470129014,553,376,185278.0,80930.0,228,189,110
360470129022,1778,728,100833.0,27073.0,862,766,324
360470130003,689,532,101607.0,56757.0,260,146,84
360470130004,1097,433,85694.0,18751.0,518,410,186
360470131002,934,348,147083.0,47200.0,403,325,167
360470131003,1059,674,176500.0,49019.0,488,157,219
360470132001,1015,369,60536.0,33851.0,325,259,316
360470132002,1284,599,109000.0,44437.0,370,124,206
360470133002,1111,765,216806.0,46747.0,398,251,210
360470133003,1542,867,188108.0,46628.0,613,379,416
360470134001,1518,534,74875.0,35586.0,547,358,281
360470442002,1358,1274,71339.0,43079.0,591,280,317
360470443001,1066,312,51061.0,31210.0,501,419,142
360470443003,1306,332,42857.0,33586.0,570,570,259
360470443004,756,410,47500.0,12533.0,380,366,131
360470444001,1076,1068,,,367,163,368
360470444002,872,798,85506.0,9333.0,359,176,147
360470444003,1510,879,36250.0,14734.0,452,398,495
360470445001,967,271,64450.0,19932.0,488,383,58
360470445002,2013,383,73942.0,17953.0,689,615,482
360470445003,1413,415,71677.0,21793.0,527,408,281
360470446001,864,342,65898.0,16836.0,285,193,206
360470446002,1120,361,50208.0,7701.0,332,169,392
360470447001,1925,663,60536.0,34006.0,668,628,199
360470447002,618,142,18906.0,18367.0,257,257,144
360470448001,516,290,56719.0,17486.0,130,77,184
360470448002,1277,1227,67692.0,14483.0,578,175,322
360470449011,2383,51,21128.0,6723.0,792,792,716
360470449012,483,329,67958.0,12069.0,329,310,26
360470449014,123,88,,,15,15,0
360470449021,0,0,,,0,0,0
360470450001,648,607,81111.0,16108.0,196,88,237
360470452002,1443,1373,47083.0,27522.0,546,250,487
360470453001,1655,358,40357.0,20551.0,342,342,186
360470454001,1146,1002,63214.0,16299.0,260,137,500
360470454002,731,420,98750.0,46221.0,241,125,120
360470456002,1217,795,42083.0,27735.0,460,363,308
360470458001,750,708,58500.0,45500.0,360,126,149
360470460001,1086,588,66413.0,23609.0,422,152,305
360470460002,1427,562,57361.0,24384.0,495,422,350
360470462011,1295,810,46250.0,22254.0,534,323,364
360470462012,755,697,21681.0,15092.0,447,283,107
360470462022,1041,1029,121429.0,43356.0,194,44,512
360470464001,1229,1095,47083.0,16280.0,290,168,487
360470468001,1995,1916,34191.0,13680.0,526,249,842
360470470002,1021,933,76833.0,16225.0,276,143,422
360470472001,588,560,53942.0,37003.0,133,89,290
360470472003,1141,1141,50947.0,7623.0,211,151,678
360470474001,1367,1240,28417.0,5828.0,368,205,608
360470476001,1104,930,73125.0,65659.0,265,118,582
360470476002,541,520,35404.0,22698.0,157,120,257
360470477001,1505,1147,156218.0,16509.0,796,627,113
360470477002,2196,1466,138996.0,12630.0,909,662,397
360471176022,1320,73,50909.0,8269.0,520,363,341
360471178001,1686,25,29366.0,15502.0,523,342,413
360471180001,0,0,,,0,0,0
360471182011,1633,76,88074.0,10117.0,504,343,465
360471182012,1250,62,57892.0,18343.0,429,348,367
360471182021,1743,207,82750.0,51305.0,522,333,500
360471182022,1734,64,36895.0,9421.0,479,299,579
360471184002,1177,82,66607.0,19083.0,361,318,261
360471184003,2248,31,75164.0,14003.0,590,292,375
360471186002,1292,53,59866.0,23838.0,383,183,244
360471188001,1035,54,41940.0,37329.0,383,206,108
360471188003,2496,202,53962.0,48633.0,698,559,572
360471190001,1106,40,55469.0,18621.0,399,270,244
360471192001,1024,30,,,381,294,329
360471192002,1322,0,77675.0,57399.0,462,268,124
360471194001,1316,142,60655.0,33711.0,515,377,291
360471194003,1858,40,54273.0,26585.0,384,300,774
360471196001,1450,24,,,650,581,345
360471196003,1586,176,42995.0,5935.0,673,486,346
360471196004,874,0,83974.0,51816.0,268,228,216
360471198002,1065,10,38465.0,21917.0,430,294,282
360471198003,999,100,32466.0,20560.0,331,215,136
360471200002,1333,32,56215.0,11516.0,423,291,301
360471202001,1201,17,,,303,118,372
360471208011,1639,0,84426.0,17677.0,311,248,336
360471208012,1134,0,38404.0,6148.0,326,100,381
360471208014,808,64,,,302,24,266
360471208021,2689,28,28901.0,4759.0,1145,1110,1019
360471208031,2203,267,87538.0,44479.0,606,407,242
360471210001,1878,0,17065.0,10542.0,804,804,736
360471214001,2708,0,21418.0,10201.0,976,976,1031
360471214002,1634,0,18407.0,5418.0,663,663,461
360471220002,3571,0,63750.0,18366.0,1033,700,1109
360471237001,1240,916,38244.0,15849.0,237,173,660
360471237003,2347,2275,31414.0,24845.0,337,256,1667
360471502001,907,706,146250.0,44966.0,338,112,275
360471502003,736,627,82903.0,30741.0,314,154,187
360471522001,1156,583,134013.0,117593.0,425,145,245
360471522002,1638,609,163833.0,36291.0,468,183,517
360471522003,835,618,156313.0,46938.0,281,54,166
360479901000,0,0,,,0,0,0
360470134002,1079,753,100000.0,33286.0,364,218,339
360470135001,1313,1142,174474.0,72298.0,406,172,534
360470135002,1538,1121,177375.0,49259.0,587,185,435
360470136001,968,518,150430.0,36259.0,285,93,199
360470136002,604,480,120234.0,64091.0,251,187,83
360470136004,809,473,71196.0,12917.0,386,232,129
360470137002,851,568,115167.0,77041.0,432,353,140
360470137003,1225,594,81758.0,19990.0,600,477,218
360470138002,1029,550,81250.0,26464.0,446,363,205
360470138003,985,530,73851.0,21433.0,328,217,153
360470139002,1031,743,152375.0,33761.0,421,349,92
360470139003,937,644,200801.0,93012.0,399,235,137
360470140001,868,639,52159.0,29779.0,427,233,102
360470140002,1076,752,61417.0,28333.0,413,243,157
360470141021,1094,531,97375.0,42789.0,381,265,277
360470141022,769,388,137188.0,63341.0,397,270,162
360470142002,971,449,56667.0,3144.0,438,297,252
360470142003,1015,436,69470.0,22093.0,402,269,160
360470143001,1255,419,93885.0,21005.0,453,350,113
360470143002,982,681,134886.0,22053.0,361,239,170
360470143003,1362,489,117218.0,76625.0,531,455,338
360470145001,1087,597,148214.0,106595.0,420,265,310
360470145002,1262,714,97292.0,61551.0,565,519,171
360470145003,663,468,116515.0,30795.0,308,253,73
360470145004,897,523,76331.0,31369.0,455,380,119
360470147001,947,499,144063.0,84886.0,289,126,325
360470147002,1699,728,97188.0,8592.0,599,390,516
360470148001,643,388,95078.0,49370.0,215,70,210
360470148002,599,360,82837.0,52958.0,221,77,77
360470149011,752,576,164602.0,147919.0,269,172,196
360470149012,726,627,154219.0,94912.0,305,152,109
360470149021,2230,1358,149866.0,32231.0,819,451,511
360470149022,1243,1071,,,695,631,132
360470150001,790,481,68750.0,37499.0,312,169,89
360470150002,802,568,73224.0,12982.0,301,107,184
360470151002,911,621,151000.0,74822.0,418,156,224
360470151004,756,624,180500.0,102686.0,286,200,131
360470152001,847,494,93086.0,9015.0,293,116,107
360470153001,161,67,,,38,38,0
360470153003,932,590,,,417,294,175
360470153004,692,627,137692.0,49982.0,360,214,97
360470155001,505,344,129732.0,29522.0,218,100,94
360470478002,1129,918,48750.0,44061.0,295,137,400
360470478003,1630,1449,74040.0,7511.0,389,204,540
360470480002,2299,983,,,594,475,719
360470481001,737,262,111567.0,23391.0,231,154,117
360470481003,1770,799,79044.0,43869.0,677,614,358
360470482001,275,55,43889.0,17432.0,112,89,62
360470482002,1442,676,,,600,331,246
360470482003,2154,1299,53579.0,5581.0,996,825,285
360470482004,913,201,43832.0,8541.0,353,195,326
360470482005,171,27,,,49,33,5
360470484001,2309,1641,78167.0,26089.0,790,636,541
360470484002,2033,1180,54522.0,10784.0,479,299,752
360470484003,1224,859,75375.0,52465.0,222,202,391
360470485001,924,347,77250.0,38759.0,329,257,102
360470485002,1330,697,86563.0,85751.0,607,558,63
360470486001,853,213,32125.0,11465.0,223,206,348
360470486002,1397,239,54290.0,3895.0,281,207,679
360470486003,902,297,65200.0,32114.0,250,146,276
360470488001,894,493,80682.0,44683.0,474,103,142
360470488002,1309,739,53357.0,7062.0,328,227,445
360470489001,1113,0,19853.0,12774.0,374,374,436
360470489002,1129,0,23241.0,11599.0,390,390,504
360470490001,2495,895,81307.0,51585.0,1037,690,650
360470490002,2410,1445,63583.0,16151.0,1079,874,589
360470491002,894,298,96705.0,80709.0,378,364,93
360470491004,1308,15,48462.0,17974.0,598,502,118
360470492001,1254,793,68321.0,24067.0,343,179,438
360470492003,1250,945,37556.0,32628.0,612,457,288
360470493011,2288,88,20886.0,9136.0,1009,982,764
360470493022,668,443,144291.0,54270.0,337,300,52
360470493023,2051,0,13722.0,3832.0,812,812,557
360470494001,1722,620,100119.0,28353.0,604,370,323
360470494002,1344,464,51250.0,29674.0,473,344,139
360470494004,554,418,154554.0,32837.0,297,252,23
360470495001,572,473,99444.0,48162.0,318,308,21
360470495003,566,271,76728.0,15416.0,313,208,9
360470496002,1050,400,87344.0,54930.0,317,206,279
360470496003,1206,205,50491.0,21416.0,445,385,191
360470497002,706,531,70625.0,28148.0,346,262,71
360470497003,1124,730,91795.0,35067.0,592,405,140
360470498002,2176,747,72292.0,32075.0,771,478,440
360470498003,536,341,66667.0,49087.0,190,114,155
360470155002,1286,917,161250.0,35279.0,489,208,300
360470155004,1226,780,250001.0,-333333333.0,436,173,307
360470157001,1303,854,163613.0,61701.0,577,359,187
360470157003,1254,838,172955.0,75769.0,608,287,270
360470157004,1002,615,153090.0,78117.0,583,374,120
360470159002,595,369,86250.0,65207.0,234,180,130
360470159003,564,418,,,307,138,81
360470159005,0,0,,,0,0,0
360470159006,1430,1040,160690.0,61475.0,718,196,216
360470160002,993,351,85750.0,21064.0,338,263,150
360470160004,907,510,115938.0,35051.0,309,287,253
360470161001,1210,829,155250.0,77242.0,534,333,180
360470161003,1251,477,175417.0,65790.0,460,217,138
360470161004,1091,938,180991.0,55755.0,497,270,185
360470162002,1088,721,55156.0,44263.0,755,504,21
360470163001,0,0,,,0,0,0
360470163003,1308,981,89958.0,23676.0,633,416,154
360470163004,768,469,160417.0,89432.0,303,208,192
360470164001,1326,594,109856.0,28642.0,302,275,505
360470165001,1858,1338,205461.0,49462.0,703,305,454
360470165002,1654,1277,250001.0,-333333333.0,660,194,439
360470165003,1266,980,160671.0,6835.0,510,192,234
360470165004,1195,975,231458.0,114889.0,448,105,205
360470166001,1015,834,112895.0,18267.0,362,32,190
360470166002,837,673,139773.0,48666.0,336,53,163
360470167001,1349,1176,183314.0,55367.0,573,431,293
360470167002,1090,605,196163.0,4349.0,575,111,207
360470167003,1280,1069,130625.0,62486.0,589,389,242
360470167004,1187,815,110368.0,79039.0,549,290,180
360470168000,0,0,,,0,0,0
360470168001,1924,1228,98497.0,11124.0,767,245,383
360470169001,1037,737,,,362,315,256
360470169002,1328,1088,106633.0,12138.0,658,522,207
360470169003,852,550,211731.0,106574.0,232,85,193
360470169004,958,740,123654.0,43517.0,496,485,129
360470170001,750,249,79762.0,58262.0,256,99,169
360470170002,899,408,62578.0,31184.0,297,142,185
360470171001,1647,872,104911.0,64757.0,639,461,600
360470171003,959,679,146667.0,44952.0,360,167,266
360470171004,896,719,109821.0,95619.0,349,154,94
360470172002,1408,490,121397.0,32818.0,466,175,265
360470174002,914,536,106705.0,32947.0,293,120,245
360470499002,1217,798,77328.0,75117.0,608,420,157
360470500011,1210,689,113782.0,21319.0,459,126,321
360470500021,1813,845,105694.0,65277.0,631,368,455
360470501001,823,563,141473.0,22208.0,411,297,24
360470501003,1006,712,133272.0,33982.0,425,328,136
360470502021,962,736,100063.0,29026.0,461,66,182
360470503001,1102,727,142859.0,43404.0,538,405,45
360470503002,716,388,,,411,350,54
360470503003,906,603,154256.0,18597.0,413,322,135
360470504011,1316,820,101152.0,15274.0,539,310,309
360470504012,1609,803,81500.0,68103.0,638,519,319
360470504021,1268,678,176513.0,125721.0,673,158,76
360470504022,650,403,95750.0,50085.0,269,210,233
360470505001,1526,63,19238.0,12537.0,693,693,308
360470505002,754,546,102109.0,36393.0,405,299,8
360470505003,1684,230,42857.0,16373.0,742,647,210
360470506001,1148,177,61071.0,15686.0,488,438,217
360470506002,721,302,90469.0,42095.0,349,265,94
360470506003,1633,367,54850.0,31611.0,441,387,517
360470506004,1567,368,54977.0,22512.0,693,589,190
360470507001,3189,2621,32898.0,16216.0,617,490,1897
360470508011,1345,186,67250.0,31953.0,494,486,371
360470508031,2648,474,63958.0,14504.0,1085,1053,386
360470508041,2582,630,95919.0,19067.0,941,941,674
360470508043,1745,390,65507.0,21349.0,635,516,221
360470509001,1933,1570,48882.0,13807.0,333,263,1223
360470510011,1658,74,49539.0,24947.0,743,743,307
360470510012,3019,130,44844.0,24000.0,981,981,1021
360470510022,1255,147,46762.0,10276.0,526,526,183
360470510023,952,114,50625.0,33481.0,460,460,165
360470511002,1271,858,163000.0,74730.0,524,524,97
360470512001,1386,369,109056.0,29149.0,565,424,362
360470512002,1709,52,49604.0,33368.0,627,602,206
360470512004,1096,399,50250.0,17654.0,517,517,202
360470513001,1305,934,116596.0,20243.0,564,469,138
360470513003,2432,1232,142500.0,52790.0,1102,975,413
360470513004,727,84,37989.0,31549.0,357,357,38
360470514002,2387,287,69600.0,15979.0,878,759,540
360470514003,2322,451,53458.0,34671.0,1009,953,523
360470515001,2608,1773,175179.0,25849.0,1191,969,425
360470516011,1905,238,54429.0,11404.0,701,647,389
360470516013,1999,171,53415.0,14539.0,712,694,541
360470175001,0,0,,,0,0,0
360470176001,976,426,75625.0,27795.0,359,213,204
360470176002,1479,918,91597.0,28600.0,515,178,319
360470178001,1095,416,48611.0,17228.0,298,257,231
360470178002,1946,361,77143.0,15294.0,598,330,538
360470179002,2633,628,105650.0,28661.0,833,459,704
360470179003,836,292,115250.0,36296.0,285,150,119
360470180002,1640,741,49348.0,9290.0,537,365,602
360470181001,790,346,115806.0,36579.0,346,235,58
360470181003,1250,966,110756.0,25012.0,796,630,118
360470181004,864,584,,,430,293,66
360470182002,2580,758,76750.0,21010.0,899,449,622
360470183002,637,445,143182.0,59973.0,248,140,91
360470183003,659,510,148750.0,68461.0,287,183,90
360470184002,1133,603,65341.0,12613.0,375,147,286
360470185011,674,436,200538.0,110641.0,356,169,37
360470185013,1251,37,,,482,482,195
360470185014,1263,0,38495.0,19656.0,471,471,366
360470186002,857,496,58750.0,36746.0,312,126,150
360470187001,1459,756,89375.0,21090.0,516,370,246
360470188002,1755,961,54457.0,50129.0,676,398,298
360470190001,1464,291,,,479,283,241
360470190002,954,203,47250.0,14777.0,400,296,192
360470190003,2125,677,66528.0,48944.0,632,417,461
360470191001,1221,776,98690.0,23948.0,474,321,268
360470191002,1034,337,146331.0,57280.0,411,319,158
360470191003,709,285,101440.0,41564.0,257,170,275
360470192001,953,746,36397.0,13315.0,209,159,481
360470192002,579,56,56625.0,20469.0,179,148,150
360470192003,1112,120,60500.0,30428.0,294,130,287
360470192004,72,0,,,21,21,0
360470193001,2775,905,66023.0,2059.0,1229,319,211
360470193002,1062,552,,,413,393,275
360470193003,702,345,,,0,0,18
360470193004,1601,334,71250.0,25626.0,906,489,314
360470194001,1689,122,26987.0,11312.0,466,339,532
360470194002,774,159,42619.0,33180.0,244,158,107
360470195001,538,400,90000.0,45700.0,284,158,46
360470195002,361,204,143158.0,90220.0,220,171,0
360470195004,528,352,83750.0,67880.0,244,145,45
360470196001,1621,410,90119.0,21813.0,524,311,429
360470196003,1405,418,46875.0,20527.0,402,363,411
360470516021,1798,123,66925.0,11113.0,745,715,226
360470517001,993,725,165104.0,39382.0,671,598,49
360470517002,1698,1020,161019.0,27810.0,774,606,342
360470518002,1636,622,81947.0,32789.0,899,535,151
360470518003,968,225,48367.0,7029.0,380,294,164
360470519002,935,800,103875.0,66010.0,453,428,20
360470520001,1967,817,105142.0,6815.0,738,408,501
360470520002,995,536,96722.0,26852.0,346,209,250
360470523001,1885,428,97433.0,12936.0,736,624,292
360470523002,1173,434,,,458,359,241
360470523004,451,132,102882.0,49463.0,211,176,0
360470523005,534,357,,,353,268,10
360470525001,2240,1422,37083.0,12167.0,875,850,671
360470525002,1255,768,40000.0,37599.0,368,368,397
360470526001,1825,486,69969.0,3718.0,830,744,457
360470526002,1656,861,83472.0,48288.0,615,468,438
360470526003,1040,474,62417.0,34842.0,389,285,208
360470527001,1079,162,65885.0,20069.0,470,450,178
360470527002,781,418,48889.0,47424.0,312,297,195
360470527003,1476,121,,,384,384,216
360470527004,541,190,91518.0,47726.0,199,199,81
360470527005,412,113,82950.0,44251.0,221,203,25
360470527006,1190,518,54406.0,26419.0,433,382,256
360470527007,959,14,,,255,223,335
360470528001,828,673,89688.0,21242.0,372,121,161
360470529001,599,599,,,173,113,242
360470529002,1886,1827,25893.0,4356.0,439,396,764
360470530001,962,252,44712.0,20630.0,335,306,216
360470530003,1230,894,55268.0,36940.0,411,299,381
360470531011,1335,1115,45965.0,24055.0,272,272,673
360470531021,3828,3585,58939.0,18531.0,716,559,2290
360470532002,1251,940,53125.0,28309.0,422,186,373
360470533001,829,829,,,182,137,441
360470533003,1431,1417,24135.0,9577.0,381,323,614
360470533004,1839,1779,30156.0,23754.0,416,262,983
360470534001,1277,699,,,367,274,535
360470534002,1109,598,38667.0,17742.0,346,247,435
360470534004,738,364,126094.0,45338.0,143,66,154
360470535001,921,901,23375.0,14799.0,249,249,480
360470535003,817,817,20968.0,1539.0,168,168,464
360470535004,1220,1022,46667.0,3868.0,278,225,637
360470537002,2741,2632,36815.0,6858.0,450,375,1551
360470197001,568,282,171923.0,65678.0,218,140,11
360470197003,1489,893,97798.0,13024.0,777,180,347
360470198001,657,356,59318.0,38317.0,226,126,166
360470198002,1220,491,61184.0,11086.0,400,149,227
360470199003,863,533,147083.0,60759.0,493,431,96
360470200001,1183,461,53011.0,15656.0,343,204,319
360470200002,1113,493,89716.0,12957.0,347,113,187
360470201002,1244,901,123250.0,39886.0,526,382,191
360470201003,1024,481,119457.0,52373.0,548,352,39
360470202001,1179,517,78906.0,34322.0,317,185,306
360470202002,784,430,101875.0,83631.0,297,44,244
360470203002,818,249,108482.0,25817.0,307,186,208
360470204001,916,574,75417.0,21648.0,346,82,111
360470205001,782,414,126859.0,24436.0,404,296,120
360470205002,1186,585,109583.0,56700.0,575,371,191
360470206001,1176,587,94063.0,52651.0,444,249,230
360470207001,2102,1122,111078.0,35107.0,1053,758,410
360470207002,1330,915,148026.0,20052.0,666,205,283
360470208001,765,176,77446.0,14684.0,219,150,161
360470208002,990,337,99750.0,29368.0,301,150,238
360470210001,1649,531,41447.0,18835.0,626,429,224
360470210002,1192,134,33650.0,13020.0,379,161,269
360470211001,861,47,66778.0,15458.0,288,193,215
360470211002,1586,377,58878.0,13524.0,727,541,291
360470211003,348,190,119076.0,44300.0,205,198,40
360470212001,1814,438,55263.0,26260.0,628,502,364
360470212002,1068,295,53036.0,28313.0,337,214,112
360470212003,1241,100,,,389,246,378
360470213001,774,431,109750.0,26457.0,396,396,44
360470213002,2394,275,65179.0,34074.0,1045,989,548
360470213003,998,218,67736.0,11294.0,469,469,158
360470214001,83,0,,,13,13,38
360470214002,1237,916,57917.0,14450.0,267,149,584
360470214003,808,107,74500.0,53088.0,234,163,213
360470215001,722,354,105855.0,70635.0,323,239,148
360470215002,826,280,,,533,522,12
360470215003,1304,376,60335.0,18590.0,561,546,253
360470215004,3161,2027,168482.0,40970.0,1191,465,769
360470216001,1352,913,30000.0,13722.0,270,252,641
360470216003,1221,739,36905.0,19549.0,342,299,402
360470217001,1062,212,51406.0,42898.0,627,548,94
360470218001,933,583,57634.0,32979.0,215,156,458
360470538001,971,854,40559.0,31559.0,527,503,160
360470538003,2186,1440,61676.0,15678.0,781,669,755
360470539002,2041,1430,20417.0,6460.0,802,755,609
360470542001,2066,1719,40962.0,19428.0,738,585,387
360470542003,1044,968,36042.0,29863.0,453,326,207
360470543001,0,0,,,0,0,0
360470544002,1234,482,61750.0,20248.0,498,264,210
360470544003,1087,947,103491.0,43611.0,285,122,336
360470545002,1498,1498,43263.0,17135.0,223,185,900
360470545003,1453,593,29519.0,20927.0,439,421,444
360470545005,2246,766,18657.0,9707.0,960,960,940
360470545006,1640,1102,20778.0,3738.0,593,593,388
360470546001,1012,825,60521.0,18790.0,401,232,219
360470546002,2047,1215,56563.0,21664.0,929,894,458
360470546003,1739,1204,30221.0,27548.0,525,401,626
360470547001,1095,407,51591.0,34483.0,464,463,273
360470547002,1213,978,30179.0,15741.0,263,247,511
360470547003,3662,2868,76976.0,33501.0,1101,797,1654
360470548001,1289,1171,85066.0,43643.0,541,419,372
360470548002,845,802,96500.0,58636.0,210,20,375
360470549001,2311,1764,79625.0,50667.0,587,383,1114
360470549002,2123,1265,151800.0,21148.0,1126,1110,203
360470550001,1109,914,56406.0,34772.0,417,295,334
360470550002,856,576,90117.0,58424.0,366,253,171
360470550003,1258,886,61412.0,11585.0,569,425,260
360470551001,1559,609,106447.0,46601.0,804,589,220
360470551002,1260,291,87500.0,50448.0,520,472,164
360470551004,844,386,,,364,320,37
360470552002,1183,681,61250.0,36651.0,506,392,206
360470552003,758,430,76389.0,46536.0,276,102,161
360470553002,1109,392,73036.0,26848.0,386,279,106
360470553003,1077,755,124079.0,24272.0,522,391,80
360470554003,749,430,39130.0,13723.0,276,241,238
360470556001,1448,1325,49500.0,35764.0,434,231,342
360470556002,1427,1167,53533.0,12866.0,673,467,335
360470557001,516,462,91488.0,56052.0,269,247,52
360470557002,1117,582,101682.0,17455.0,626,547,65
360470558002,1323,751,69107.0,20461.0,511,385,326
360470560001,1350,997,35455.0,18141.0,612,280,235
360470560003,728,640,91319.0,19027.0,255,162,202
360470561001,1030,887,114009.0,25169.0,527,480,48
360470561003,876,486,136680.0,21634.0,410,366,51
360470218002,1185,1125,69349.0,20733.0,337,122,483
360470219001,859,386,101000.0,34087.0,396,374,68
360470219002,1004,224,40862.0,31178.0,530,418,84
360470220001,1343,1274,25853.0,5920.0,390,352,560
360470220003,1265,1031,,,324,271,516
360470220004,1320,1083,43017.0,32954.0,358,255,556
360470221003,833,265,88026.0,34062.0,352,289,46
360470222002,734,642,48839.0,27156.0,169,115,349
360470222003,1821,1542,29250.0,28680.0,514,419,856
360470224002,1435,1122,32429.0,20154.0,318,253,690
360470224003,1429,926,67260.0,19828.0,341,316,632
360470226001,1364,858,67946.0,45507.0,321,190,679
360470226002,803,218,55156.0,37503.0,222,166,185
360470227002,1245,274,86765.0,40210.0,470,217,313
360470227003,529,151,74028.0,35151.0,257,236,136
360470228001,1755,477,41500.0,25225.0,410,283,623
360470228002,1538,1422,21888.0,7280.0,338,200,626
360470229001,1226,561,114792.0,19612.0,491,400,265
360470229003,435,140,78333.0,51810.0,242,147,60
360470229004,1125,677,85752.0,13229.0,560,477,103
360470230002,930,904,,,178,88,503
360470230003,1598,1063,,,362,206,678
360470231002,1217,580,94375.0,69321.0,582,353,132
360470231003,999,388,134186.0,25912.0,412,285,124
360470232002,1905,1893,83750.0,69459.0,345,238,1139
360470232003,1090,967,38843.0,19745.0,258,192,556
360470232004,335,100,17105.0,7828.0,112,103,19
360470232005,1269,739,36438.0,22547.0,243,219,593
360470233001,1622,966,178375.0,92278.0,649,309,131
360470233002,2591,0,37083.0,15204.0,893,893,862
360470233003,1810,1458,81172.0,68545.0,577,428,636
360470234001,1849,1826,32940.0,8374.0,317,280,1083
360470234002,1904,1891,22539.0,8885.0,475,460,1006
360470234003,1080,958,27722.0,8328.0,450,392,302
360470235001,2998,2178,50625.0,18935.0,948,736,1144
360470235002,2038,1458,51250.0,24906.0,483,395,1125
360470236001,922,922,22629.0,3201.0,189,150,534
360470236002,2276,2124,29107.0,7069.0,531,518,1225
360470236003,1347,1292,31037.0,13361.0,428,404,503
360470236004,807,807,34167.0,33282.0,226,211,333
360470238001,1419,1419,83150.0,53467.0,337,184,703
360470238003,563,563,30568.0,17298.0,223,123,156
360470562001,1003,885,111275.0,30155.0,308,59,223
360470562002,744,677,88611.0,36480.0,226,0,257
360470563012,987,615,43587.0,31410.0,512,497,111
360470563013,1069,664,100365.0,54139.0,523,487,72
360470563020,0,0,,,0,0,0
360470563021,164,0,,,111,111,0
360470564001,1223,741,75938.0,34282.0,562,117,206
360470564002,849,580,75833.0,35880.0,274,58,267
360470565001,1234,1019,88173.0,48806.0,743,595,86
360470565002,872,674,110673.0,42074.0,431,377,79
360470566001,1611,931,91354.0,25961.0,589,383,287
360470566002,1137,504,60433.0,21836.0,425,217,167
360470568002,753,447,86813.0,14589.0,265,39,138
360470569001,835,704,131719.0,56016.0,413,354,59
360470569002,724,569,122344.0,70495.0,327,216,97
360470570001,1009,684,66103.0,4493.0,560,14,149
360470570002,615,373,86726.0,56147.0,337,73,57
360470570003,597,551,91000.0,21523.0,296,6,89
360470570004,1355,413,69926.0,20519.0,341,39,196
360470571001,989,677,100156.0,44174.0,538,482,141
360470571002,832,746,50625.0,38448.0,458,427,103
360470571003,972,643,127917.0,35748.0,452,340,12
360470571004,1163,965,93558.0,32191.0,427,249,105
360470572001,2947,600,33542.0,9134.0,1107,1107,953
360470572002,2275,255,24733.0,9806.0,1019,1019,409
360470573001,759,541,123333.0,53396.0,350,227,86
360470573002,894,766,61544.0,18737.0,477,389,89
360470573003,668,469,180764.0,137887.0,371,269,19
360470574002,1428,740,102917.0,45340.0,483,100,281
360470575001,942,658,112534.0,54940.0,489,341,61
360470575003,1058,724,101372.0,74142.0,545,470,63
360470575004,928,810,85679.0,42704.0,544,525,41
360470576002,1484,693,83250.0,14377.0,525,199,327
360470578001,1520,733,76346.0,30442.0,540,263,336
360470579011,186,139,113500.0,43660.0,108,108,6
360470579012,963,446,98333.0,34137.0,378,334,67
360470580001,2265,1043,,,731,537,521
360470580002,1834,727,78906.0,52443.0,571,375,352
360470582002,528,115,107750.0,61912.0,187,81,81
360470584001,1130,701,43906.0,31411.0,487,251,240
360470584002,2400,1628,66961.0,22110.0,902,695,589
360470586002,1406,365,72798.0,18727.0,459,199,219
360470240001,1502,1084,,,410,346,705
360470240003,1605,1503,41250.0,5604.0,441,338,679
360470241001,1699,1352,78548.0,65143.0,536,417,401
360470242001,1220,1045,83250.0,40718.0,295,108,533
360470242002,1606,1404,50296.0,4701.0,427,269,659
360470243002,1786,575,76750.0,43577.0,686,352,262
360470244001,755,340,43618.0,13473.0,211,97,268
360470244002,1169,801,,,324,187,335
360470245002,2372,369,88068.0,42008.0,851,686,494
360470245004,511,110,65769.0,54140.0,262,228,62
360470246001,833,560,76250.0,45719.0,250,162,318
360470246003,838,493,46250.0,22088.0,326,177,207
360470247001,1671,279,55179.0,32636.0,672,616,309
360470248001,1262,568,74107.0,21434.0,358,187,343
360470248002,1286,478,44896.0,7531.0,412,259,361
360470249002,1444,490,92063.0,68252.0,689,594,283
360470249003,992,360,87273.0,25442.0,522,423,39
360470250001,1115,86,65682.0,27664.0,318,158,189
360470250002,684,83,53462.0,5210.0,220,108,113
360470251002,1593,274,40526.0,19221.0,696,638,280
360470252001,616,263,85598.0,45935.0,219,132,71
360470252002,1617,1086,60679.0,34543.0,654,576,281
360470252004,1258,227,42917.0,14041.0,450,330,321
360470253001,1411,510,91875.0,29672.0,540,478,390
360470253003,500,122,87944.0,51624.0,238,177,38
360470254001,1211,401,44563.0,27875.0,347,177,280
360470254003,1454,466,33542.0,27591.0,524,293,280
360470255001,2848,62,24135.0,11714.0,1123,1032,578
360470255002,2355,0,11054.0,9262.0,1085,1085,656
360470256001,1513,275,49705.0,29417.0,447,224,411
360470256002,1653,561,59904.0,38451.0,478,272,533
360470257001,1216,478,105944.0,24513.0,308,243,341
360470257002,494,62,71855.0,26172.0,158,105,98
360470257003,831,213,76094.0,48106.0,282,244,192
360470258001,1377,491,48798.0,35653.0,439,302,323
360470258002,1663,327,43958.0,14911.0,534,399,524
360470258003,1427,704,54764.0,13282.0,556,495,264
360470259011,1874,614,66250.0,33719.0,716,660,324
360470259021,3650,0,17795.0,5934.0,1357,1313,1229
360470260001,1320,511,42400.0,17021.0,390,215,343
360470260002,577,197,40848.0,13763.0,221,137,58
360470260003,1287,694,61818.0,36274.0,478,205,195
360470588001,1628,944,62596.0,24997.0,625,390,364
360470589011,915,853,87178.0,14333.0,423,354,121
360470589012,709,542,75833.0,33869.0,344,180,89
360470590001,1722,762,75288.0,19800.0,633,372,335
360470591001,784,570,96979.0,29825.0,370,362,64
360470591003,919,659,141111.0,27838.0,404,292,196
360470591004,800,683,82578.0,42095.0,425,362,68
360470592002,1876,949,57344.0,30784.0,763,559,369
360470592003,978,490,59464.0,33763.0,446,352,170
360470593002,814,687,72880.0,12283.0,393,367,137
360470594021,1420,1145,71111.0,40931.0,546,75,392
360470594023,1462,944,100313.0,36535.0,547,164,322
360470594024,1411,816,116786.0,35754.0,554,111,243
360470594032,977,506,,,421,230,205
360470594041,1073,493,,,441,117,71
360470594042,1323,647,109211.0,30682.0,460,136,372
360470596001,610,526,66108.0,3241.0,336,56,48
360470596002,858,847,38527.0,14266.0,555,218,67
360470596003,796,507,,,285,122,101
360470598001,2253,1846,71886.0,6003.0,779,481,627
360470598002,1273,906,76563.0,21344.0,598,273,192
360470600001,904,734,67917.0,30887.0,412,58,171
360470600002,1349,969,57847.0,20974.0,526,292,286
360470600003,1881,1192,141667.0,64559.0,772,401,175
360470600004,987,797,81122.0,59319.0,407,211,278
360470600005,842,607,62824.0,33349.0,407,263,0
360470606001,1810,1520,65690.0,23657.0,926,533,252
360470606002,1020,417,70708.0,11539.0,329,80,197
360470608001,964,796,34231.0,33751.0,438,303,127
360470608002,1324,646,69286.0,31096.0,602,517,219
360470610020,0,0,,,0,0,0
360470610021,1568,1491,66497.0,8325.0,830,580,286
360470610031,392,189,,,163,91,108
360470610041,1573,1251,42538.0,30040.0,603,457,314
360470610042,970,604,,,479,479,150
360470610044,972,637,40282.0,15344.0,434,434,237
360470610045,1583,1547,42371.0,22190.0,795,530,266
360470616000,0,0,,,0,0,0
360470616001,1424,1313,110500.0,29093.0,494,70,153
360470620002,682,682,117266.0,44388.0,245,38,115
360470622001,1352,910,77415.0,25435.0,517,412,255
360470626001,716,295,59265.0,15928.0,236,51,148
360610311000,0,0,,,0,0,0
360610317031,696,317,,,248,248,255
360610317040,0,0,,,0,0,0
360610317043,2810,2042,205355.0,56598.0,1526,715,529
360610319001,0,0,,,0,0,0
360610001001,0,0,,,0,0,0
360610006002,3290,85,25894.0,8377.0,1309,1309,171
360610006005,1935,103,11780.0,3574.0,818,818,608
360610007001,173,95,,,95,95,0
360610007004,1523,1324,208177.0,69478.0,880,815,159
360610007007,756,421,131591.0,102452.0,464,365,0
360610008000,0,0,,,0,0,0
360610008003,1670,152,36347.0,6204.0,739,684,80
360610008006,1277,54,,,398,366,347
360610009002,0,0,,,0,0,0
360610010020,0,0,,,0,0,0
360610010023,0,0,,,0,0,0
360610010025,2134,15,19698.0,11638.0,890,890,771
360610012003,1307,987,131548.0,58492.0,622,131,171
360610013003,1038,736,199643.0,49231.0,606,342,123
360610014011,1575,1100,76667.0,36701.0,762,156,256
360610014022,1272,187,26083.0,10293.0,620,599,87
360610016005,1045,362,66743.0,29255.0,509,450,82
360610018003,1130,413,64808.0,39313.0,598,582,22
360610018006,1272,112,58194.0,52502.0,451,451,66
360610020001,1954,60,17218.0,3712.0,1028,1028,395
360610020003,697,0,27422.0,8146.0,297,289,163
360610021003,2254,1701,250001.0,-333333333.0,1059,525,521
360610022012,882,536,,,318,318,0
360610022021,2123,1310,95938.0,47280.0,1035,975,103
360610024002,0,0,,,0,0,0
360610025001,1223,0,,,398,398,504
360610025004,2473,40,22238.0,10019.0,1045,1045,409
360610026021,1503,980,77000.0,13352.0,838,744,125
360610027001,1417,258,88750.0,58572.0,614,236,286
360610028003,2031,1133,49500.0,14978.0,1102,969,226
360610029012,0,0,,,0,0,0
360610032002,754,663,,,468,468,0
360610032005,540,326,98397.0,52798.0,288,261,64
360610033001,675,374,250001.0,-333333333.0,275,82,157
360610033004,1408,943,250001.0,-333333333.0,598,299,279
360610034002,1771,666,,,850,774,366
360610036011,1038,168,46190.0,10899.0,504,486,84
360610036021,1425,1301,116050.0,42488.0,667,606,277
360610037001,984,789,250001.0,-333333333.0,472,224,201
360610038001,1612,909,70194.0,13999.0,771,712,26
360610038004,1273,1045,59958.0,16264.0,824,824,120
360610038007,1095,796,,,580,580,44
360610039002,1783,1582,89107.0,66584.0,1002,1002,104
360610040011,754,519,,,371,342,16
360610040021,1800,1473,131348.0,59103.0,634,596,0
360610040024,961,512,108750.0,92095.0,362,318,0
360610041003,1396,475,89779.0,54287.0,623,596,136
360610044007,1923,1795,130145.0,59401.0,946,946,478
360610045001,1040,738,142368.0,87234.0,464,253,171
360610048001,1341,854,214282.0,61859.0,653,98,216
360610048003,508,442,122096.0,96801.0,355,207,0
360610048006,734,582,,,267,224,45
360610049002,1483,1126,104522.0,33710.0,1005,980,18
360610050002,771,485,210179.0,58554.0,488,221,30
360610050005,1204,920,129865.0,36677.0,584,288,305
360610054001,1559,1040,215528.0,56287.0,819,569,145
360610055011,1877,1106,250001.0,-333333333.0,647,161,212
360610055021,383,309,123977.0,20941.0,185,106,33
360610056002,878,734,191458.0,85526.0,544,134,154
360610057002,1960,1586,204750.0,26366.0,918,694,163
360610058003,1222,843,230625.0,126499.0,644,596,166
360610059003,2348,1523,,,942,744,108
360610059005,834,796,137727.0,80380.0,562,75,80
360610063005,1087,935,147411.0,36568.0,503,259,145
360610064003,435,412,,,287,236,18
360610064006,953,785,101689.0,8534.0,498,126,134
360610065003,901,841,57162.0,53834.0,691,641,14
360610066001,1149,638,116093.0,22554.0,594,203,26
360610066004,1874,1757,190585.0,44554.0,1133,451,100
360610066007,2608,33,,,582,582,570
360610067001,1803,1316,190513.0,66156.0,1006,944,0
360610067004,909,759,101356.0,20585.0,676,406,42
360610068003,1131,855,140192.0,61163.0,650,154,82
360610068006,2050,1440,140545.0,62626.0,914,760,220
360610069002,1195,1013,236563.0,82728.0,617,176,187
360610069004,0,0,,,0,0,0
360610070013,1110,755,60469.0,24257.0,511,399,65
360610070022,746,374,146220.0,102846.0,460,408,37
360610071001,812,615,250001.0,-333333333.0,260,54,173
360610073006,637,525,48667.0,37776.0,442,209,60
360610074003,742,624,234286.0,132964.0,468,422,46
360610075000,0,0,,,0,0,0
360610075003,904,812,,,459,352,184
360610077001,1344,886,108182.0,25301.0,886,682,143
360610078001,1331,696,,,857,857,92
360610078004,2000,1412,169435.0,86355.0,906,536,158
360610078007,2103,707,102209.0,15691.0,1027,1003,291
360610079002,1289,1048,85497.0,12635.0,605,484,269
360610080001,904,535,153750.0,24537.0,447,283,64
360610080004,917,579,162800.0,45511.0,554,205,102
360610081001,1096,878,209473.0,23066.0,716,288,156
360610081004,2125,1657,183221.0,54736.0,1105,425,247
360610082001,545,437,138189.0,126642.0,407,217,54
360610083001,1285,520,92105.0,51042.0,666,525,40
360610086034,1617,1446,213295.0,112213.0,900,195,54
360610087003,1007,731,115500.0,36475.0,504,338,201
360610087006,1150,572,155508.0,152260.0,811,291,128
360610088003,1289,705,,,706,278,186
360610088006,1307,879,162667.0,75403.0,821,415,58
360610089002,1008,732,60490.0,30737.0,602,478,32
360610089005,1213,908,159223.0,35577.0,725,403,226
360610090003,917,505,169886.0,52846.0,433,338,55
360610090006,1785,1466,128407.0,53118.0,1081,703,186
360610091002,568,423,,,501,438,18
360610091005,712,488,250001.0,-333333333.0,284,98,48
360610092001,811,452,199643.0,69638.0,560,560,23
360610093001,2556,1665,72284.0,28065.0,1229,285,415
360610093004,860,771,124550.0,90221.0,555,483,0
360610093007,445,295,65590.0,33770.0,320,224,0
360610095001,1632,1221,148512.0,36891.0,833,613,251
360610099012,13,13,,,13,0,0
360610099022,0,0,,,0,0,0
360610099032,1098,349,159276.0,67105.0,595,595,95
360610101001,1457,646,96333.0,29329.0,948,944,84
360610103001,1692,1203,98125.0,24685.0,919,770,81
360610106010,0,0,,,0,0,0
360610106013,1291,1188,250001.0,-333333333.0,657,146,104
360610106016,1006,965,250001.0,-333333333.0,576,0,0
360610106022,1478,920,182596.0,90744.0,547,547,401
360610108011,1399,958,137949.0,60904.0,728,264,38
360610108021,1828,1578,133170.0,45293.0,1026,565,153
360610077003,1245,1013,200000.0,154059.0,724,495,138
360610108023,2069,1910,169545.0,99735.0,1024,758,243
360610109001,207,134,171528.0,37781.0,87,56,21
360610110003,2198,1222,148306.0,66900.0,1174,904,384
360610110006,1312,830,120998.0,24995.0,830,651,167
360610116003,849,482,56591.0,51861.0,614,604,53
360610117002,3200,1939,141838.0,49499.0,2113,2113,148
360610118002,1365,1105,250001.0,-333333333.0,664,523,226
360610118005,1146,511,109605.0,44813.0,398,281,216
360610118008,224,60,,,160,0,0
360610120001,716,630,132969.0,90616.0,409,114,148
360610120004,1167,1054,219777.0,72985.0,581,58,149
360610121021,1648,1062,58417.0,12318.0,1092,1092,108
360610121024,545,393,111648.0,24038.0,498,498,0
360610122003,405,375,250001.0,-333333333.0,237,69,0
360610124001,1442,1153,127628.0,39268.0,937,903,153
360610124003,2846,1105,150547.0,128468.0,1098,661,312
360610124006,1679,1228,118587.0,52433.0,830,699,461
360610125001,177,125,,,107,107,8
360610125004,940,246,148426.0,101726.0,630,566,27
360610128004,855,818,164457.0,149661.0,460,22,121
360610129010,0,0,,,0,0,0
360610129013,0,0,,,0,0,0
360610129021,1251,807,75941.0,42064.0,701,664,0
360610130001,809,730,,,322,107,232
360610130004,794,771,250001.0,-333333333.0,392,151,225
360610131003,733,445,129028.0,73637.0,461,347,60
360610132012,1023,935,136250.0,97836.0,727,581,54
360610132022,770,730,,,556,556,103
360610132032,1805,1021,152932.0,66612.0,1173,940,331
360610133002,1543,659,76205.0,38167.0,887,735,76
360610133005,1219,535,80594.0,21421.0,696,402,41
360610134003,1588,1273,,,857,690,0
360610134006,817,729,92237.0,30943.0,730,568,0
360610134009,206,206,133167.0,14026.0,110,110,0
360610136032,1361,1355,85234.0,78629.0,888,888,72
360610136042,870,612,82056.0,49109.0,612,391,0
360610137001,1144,675,233068.0,165385.0,639,491,137
360610137004,1115,975,,,596,280,91
360610138001,1068,756,220441.0,71549.0,507,415,158
360610138003,687,581,154828.0,92450.0,370,370,138
360610138006,1332,745,104034.0,77963.0,961,917,91
360610138009,1666,1463,90172.0,20901.0,779,190,92
360610139003,1254,733,,,1013,909,0
360610139006,1432,835,168676.0,98496.0,868,271,150
360610140002,1588,1414,,,881,433,289
360610140005,1486,1265,,,736,246,254
360610142002,1639,1199,218029.0,155064.0,769,336,272
360610142005,679,589,250001.0,-333333333.0,258,67,167
360610144011,908,873,236927.0,71031.0,518,156,68
360610146012,849,540,112663.0,15873.0,478,453,65
360610146021,1578,1267,132014.0,127339.0,744,680,156
360610146024,1220,1068,72813.0,56711.0,888,757,61
360610147001,1737,831,250001.0,-333333333.0,732,607,421
360610148011,1413,1135,176731.0,58019.0,682,348,130
360610148022,1432,1027,192159.0,64598.0,605,425,371
360610148025,637,480,214667.0,192144.0,278,29,141
360610149003,1167,855,151000.0,63118.0,732,596,101
360610150011,1238,995,232120.0,70356.0,463,143,377
360610150022,1387,1037,201912.0,113936.0,514,34,433
360610151011,2073,199,68725.0,14775.0,1005,1005,229
360610151020,0,0,,,0,0,0
360610151023,821,524,208438.0,71201.0,285,285,300
360610152001,1702,165,33333.0,31855.0,680,680,450
360610152004,1272,894,132244.0,36852.0,577,559,143
360610152006,969,718,168289.0,43976.0,436,153,209
360610154021,1101,697,,,561,329,140
360610154031,1119,755,63479.0,33082.0,681,514,0
360610154034,2180,1756,180263.0,20257.0,731,278,430
360610155021,1343,1067,97402.0,75312.0,748,551,295
360610155024,970,702,130938.0,59969.0,671,47,51
360610156012,643,390,85451.0,30163.0,317,292,155
360610156021,2282,433,75125.0,30766.0,1059,988,309
360610157003,1987,1688,136651.0,33542.0,1354,442,40
360610157006,474,474,,,396,396,0
360610158011,1411,1213,163617.0,21056.0,805,537,198
360610158013,1007,831,214412.0,79307.0,532,156,191
360610158022,825,535,131856.0,42549.0,395,395,48
360610159001,1968,1437,167619.0,69847.0,1094,39,249
360610159004,666,524,171514.0,59689.0,373,261,57
360610159007,1142,928,87315.0,69573.0,764,436,71
360610160013,497,412,250001.0,-333333333.0,262,65,54
360610163001,2730,2522,111579.0,88867.0,1036,414,794
360610163004,462,363,148646.0,82454.0,293,116,42
360610164002,2427,238,14179.0,7366.0,1209,1209,263
360610165001,1344,1109,158913.0,89669.0,672,309,106
360610165004,863,659,250001.0,-333333333.0,374,264,226
360610166001,249,67,78828.0,45371.0,191,153,0
360610166004,658,228,53011.0,50038.0,401,378,44
360610167000,0,0,,,0,0,0
360610167003,1529,1213,230938.0,86686.0,674,411,294
360610168001,1991,22,17958.0,3439.0,682,682,831
360610169001,1751,1599,137214.0,83439.0,781,681,387
360610169004,1902,909,108564.0,30962.0,670,542,232
360610170001,2142,32,31750.0,19797.0,931,867,332
360610170004,2557,80,37309.0,33542.0,1109,982,409
360610171001,1591,1224,110089.0,74607.0,780,439,259
360610174011,1801,0,16192.0,5906.0,685,685,660
360610174021,2661,564,52188.0,13725.0,1118,981,411
360610175002,1250,895,98702.0,23061.0,469,276,68
360610175005,1042,610,174760.0,147797.0,523,310,132
360610177001,908,484,70400.0,55335.0,554,188,139
360610177004,2477,1551,155585.0,143241.0,761,761,572
360610177006,1120,847,52413.0,43111.0,663,400,73
360610178000,0,0,,,0,0,0
360610178003,1449,261,58500.0,31306.0,686,639,225
360610179002,996,621,87296.0,55494.0,602,504,126
360610179005,806,663,201932.0,155019.0,306,199,18
360610180001,1434,362,,,772,671,207
360610180004,492,0,,,255,255,102
360610181002,1348,546,82656.0,60618.0,520,164,88
360610181005,1359,692,112067.0,102838.0,734,360,216
360610184002,1268,28,12756.0,8021.0,620,620,296
360610184005,1639,407,77727.0,31418.0,834,556,246
360610185003,1632,962,181558.0,21888.0,1006,326,83
360610186003,2308,15,35045.0,34735.0,626,626,674
360610187002,2046,1444,215096.0,110676.0,866,476,432
360610187005,2150,807,117321.0,50237.0,687,687,500
360610188001,750,79,30560.0,15500.0,383,332,182
360610188004,1277,175,12148.0,6234.0,727,695,246
360610189003,1841,100,12940.0,6562.0,956,956,440
360610189006,3247,293,12079.0,8572.0,1199,1199,1184
360610191000,0,0,,,0,0,0
360610191003,1655,994,97841.0,64650.0,798,694,259
360610191006,945,639,118333.0,62595.0,454,389,48
360610192002,1592,133,12500.0,4972.0,696,696,554
360610193002,1416,461,48813.0,17334.0,484,444,171
360610193005,3250,383,,,1007,952,405
360610198002,0,0,,,0,0,0
360610199002,1403,781,158295.0,63977.0,516,84,122
360610199004,1952,1264,52941.0,19061.0,400,400,113
360610200001,1327,247,46406.0,43646.0,631,541,158
360610201021,1218,234,63679.0,44225.0,485,479,203
360610201024,877,250,104342.0,20844.0,360,194,262
360610205000,0,0,,,0,0,0
360610205003,849,548,126429.0,71851.0,366,244,137
360610207011,1379,723,54101.0,12613.0,727,727,31
360610208002,1988,311,92462.0,68469.0,743,600,318
360610209012,1915,56,21852.0,11100.0,732,732,413
360610210002,584,12,59261.0,18792.0,393,393,80
360610210005,0,0,,,0,0,0
360610211001,1690,602,,,542,517,33
360610211004,947,0,25694.0,13350.0,370,370,0
360610216002,1464,199,71786.0,63526.0,410,349,381
360610216005,2514,608,50060.0,28677.0,897,789,598
360610218002,1247,48,19671.0,15435.0,727,566,188
360610219000,0,0,,,0,0,0
360610219003,2795,50,14671.0,11980.0,1050,1050,897
360610220002,1272,487,,,528,362,348
360610220005,1551,579,80089.0,65300.0,685,656,214
360610222001,2097,526,54375.0,27863.0,871,678,524
360610223011,1729,143,31799.0,19834.0,564,513,327
360610223014,2597,187,46978.0,36850.0,715,693,352
360610223022,3067,237,31500.0,20790.0,1392,1355,430
360610224003,991,0,18142.0,9343.0,477,477,212
360610225001,2708,599,44338.0,31640.0,744,744,198
360610225003,1446,359,101094.0,70787.0,509,379,186
360610226001,1925,263,51792.0,7561.0,704,638,309
360610230003,1612,310,45875.0,40751.0,630,575,362
360610231001,1992,346,45703.0,38977.0,597,479,184
360610231004,2965,388,52388.0,7579.0,1071,1012,643
360610232003,2495,0,36010.0,12213.0,877,877,569
360610233001,2093,621,55800.0,30256.0,992,733,315
360610234001,1988,169,67550.0,15935.0,971,856,153
360610235012,946,406,76298.0,62076.0,425,238,176
360610235015,3093,602,69840.0,9787.0,1171,1034,642
360610236001,1273,31,47991.0,11824.0,419,419,348
360610236004,3067,0,55887.0,18539.0,1450,966,898
360610237000,0,0,,,0,0,0
360610237003,1549,158,29929.0,18095.0,730,581,323
360610238022,0,0,,,0,0,0
360610238031,1049,511,52750.0,22492.0,603,603,38
360610238041,82,18,,,0,0,0
360610243011,1957,23,46402.0,24477.0,499,486,420
360610243020,0,0,,,0,0,0
360610243023,1650,0,13692.0,8725.0,664,664,586
360610245003,1611,191,,,601,601,147
360610245005,2004,253,30136.0,18670.0,982,946,256
360610247000,0,0,,,0,0,0
360610247003,1323,77,,,459,436,82
360610249001,957,198,62986.0,23022.0,439,398,67
360610253001,2317,28,49142.0,18280.0,621,621,615
360610253004,893,119,47177.0,12247.0,417,378,136
360610255000,0,0,,,0,0,0
360610255003,1656,308,48542.0,47421.0,760,613,95
360610257002,1054,351,59318.0,9491.0,570,331,153
360610259002,1595,196,70000.0,17848.0,640,359,327
360610261003,1436,30,65256.0,33404.0,462,438,324
360610269001,1237,132,20743.0,2714.0,455,436,227
360610269004,1914,28,53894.0,11743.0,482,482,394
360610271001,1911,265,52285.0,16940.0,565,564,281
360610271004,2078,673,98233.0,27656.0,643,643,265
360610273002,1173,981,96964.0,83292.0,444,351,356
360610275000,0,0,,,0,0,0
360610277001,2059,631,47241.0,23410.0,478,478,25
360610277004,1007,17,21750.0,18156.0,401,401,337
360610279003,2325,177,48810.0,10621.0,696,696,512
360610279005,1522,654,84643.0,35751.0,714,508,266
360610281001,836,670,82375.0,19035.0,426,426,149
360610283002,3690,684,63371.0,13278.0,1460,992,549
360610285001,2981,101,38417.0,9827.0,815,815,429
360610285004,2280,275,72969.0,42202.0,686,686,475
360610287002,1806,664,64659.0,15364.0,664,635,323
360610291002,1903,50,,,427,410,735
360610299001,2670,72,19000.0,11304.0,1162,1162,642
360610303001,1526,149,55426.0,9074.0,487,487,270
360610307001,795,401,94722.0,40514.0,426,227,119
360610309001,0,0,,,0,0,0
360610309004,2954,57,45352.0,11870.0,810,741,744
360610026011,2085,584,,,984,909,154
360610039001,2700,1967,250001.0,-333333333.0,1085,531,870
360610094002,4,4,,,4,4,0
360610106020,0,0,,,0,0,0
360610121011,1518,598,102250.0,28636.0,733,733,0
360610129020,0,0,,,0,0,0
360610137003,1115,497,177188.0,65681.0,533,295,93
360610169006,1442,1326,113315.0,56809.0,711,386,454
360610180005,2568,10,17244.0,4292.0,1115,1115,780
360610192001,878,122,34944.0,21256.0,199,183,120
360610209011,1583,152,,,636,559,442
360610222002,1382,557,72847.0,23484.0,587,498,204
360610235021,1845,185,47171.0,20428.0,779,724,368
360610255004,687,273,102083.0,64992.0,267,267,121
360610285003,1083,155,58047.0,9980.0,428,428,169
360610063002,732,651,103861.0,49168.0,473,252,87
360610063003,1505,1086,154408.0,99700.0,748,403,196
360610063004,982,817,,,597,573,41
360610064001,1588,1060,96354.0,26690.0,751,418,194
360610064002,1151,955,139555.0,19868.0,727,620,59
360610064004,1726,912,,,1114,1114,108
360610064005,1572,1241,177813.0,120394.0,831,322,210
360610065001,1632,1172,93598.0,60156.0,559,524,159
360610065002,1301,989,82057.0,46893.0,775,775,0
360610065004,1073,812,119279.0,67166.0,633,569,36
360610065005,1205,861,137935.0,50325.0,686,558,0
360610066002,1237,260,,,618,554,170
360610066003,996,996,,,834,596,0
360610066005,1393,739,131598.0,99717.0,822,335,333
360610066006,718,679,,,616,172,0
360610066008,518,312,,,513,513,0
360610066009,1423,724,,,837,837,8
360610067002,1463,1328,121838.0,55293.0,915,706,47
360610067003,990,836,106699.0,17838.0,707,674,0
360610068001,1009,478,247611.0,195257.0,564,334,32
360610068002,555,420,180697.0,79550.0,420,398,0
360610068004,1742,915,,,399,399,85
360610068005,1257,734,120693.0,13579.0,713,399,50
360610069000,0,0,,,0,0,0
360610069001,1146,910,212955.0,84525.0,428,366,58
360610069003,0,0,,,0,0,0
360610070011,460,293,69635.0,49737.0,323,242,0
360610070012,1093,961,90357.0,77604.0,686,568,0
360610070014,1372,1098,230110.0,139793.0,582,298,412
360610070021,1268,746,,,602,602,193
360610070023,1056,668,87396.0,46876.0,685,452,157
360610070024,709,625,123689.0,43472.0,425,387,6
360610071002,1472,978,165530.0,84361.0,786,243,110
360610071003,1027,701,154464.0,58600.0,448,286,300
360610071004,1055,848,202438.0,53295.0,701,622,24
360610071005,971,896,139159.0,30368.0,587,403,26
360610072001,973,623,138000.0,26898.0,556,382,31
360610072002,1045,850,129077.0,96628.0,687,529,27
360610072003,1525,1332,,,696,502,316
360610072004,1053,642,181830.0,117635.0,637,621,0
360610072005,1697,825,,,853,759,197
360610245001,2551,326,44172.0,8697.0,840,840,459
360610245002,2854,650,46200.0,21386.0,1146,1146,241
360610245004,2280,362,32547.0,16195.0,920,864,617
360610245006,1334,165,65551.0,56557.0,494,494,149
360610245007,1455,74,75370.0,23799.0,514,442,269
360610247001,1319,261,92578.0,60427.0,505,306,76
360610247002,2020,223,68167.0,53938.0,634,445,212
360610247004,1365,341,,,446,431,120
360610247005,1143,270,11723.0,10046.0,652,652,43
360610251001,1351,134,28750.0,22943.0,379,371,233
360610251002,1428,123,42222.0,22621.0,468,468,244
360610253002,2682,205,70893.0,25594.0,454,454,449
360610253003,3080,117,48893.0,46040.0,906,853,517
360610253005,1577,550,63995.0,7359.0,559,559,103
360610253006,1966,328,61472.0,2294.0,1140,1140,112
360610255001,2149,816,79250.0,54053.0,599,584,285
360610255002,1681,202,98627.0,20305.0,572,543,139
360610257001,891,316,52159.0,46751.0,443,363,94
360610257003,2793,935,86696.0,14252.0,956,799,770
360610259001,2047,501,74342.0,28649.0,1070,659,403
360610261001,2544,63,42587.0,11974.0,851,851,508
360610261002,1912,205,56875.0,28877.0,463,463,422
360610261004,1135,0,,,388,388,262
360610261005,2352,0,,,538,488,397
360610261006,716,22,,,233,233,14
360610261007,1886,142,59219.0,13236.0,699,699,304
360610263001,2740,329,71905.0,60455.0,756,756,418
360610263002,1872,297,44698.0,14011.0,477,477,481
360610263003,1636,28,,,491,491,339
360610263004,1698,386,,,808,766,253
360610263005,1170,147,56563.0,26609.0,460,460,348
360610265001,1204,651,85212.0,5811.0,484,296,89
360610265002,1872,506,67195.0,34354.0,626,609,231
360610265003,1079,408,106667.0,40022.0,604,216,121
360610265004,2815,526,94500.0,46306.0,670,630,363
360610265005,648,324,67857.0,67827.0,380,292,104
360610267001,1966,1129,57847.0,21918.0,531,531,281
360610269002,906,237,65663.0,24412.0,258,258,166
360610269003,1093,49,73839.0,23873.0,274,215,156
360610269005,2742,86,55024.0,37210.0,779,779,517
360610269006,1694,21,61029.0,10750.0,543,543,205
360610072006,647,583,191902.0,82438.0,378,378,0
360610072007,594,467,,,403,215,15
360610073001,1056,833,,,623,479,143
360610073002,953,902,202656.0,36209.0,527,500,53
360610073003,976,885,177846.0,87158.0,605,605,0
360610073004,1261,1115,109451.0,51840.0,712,537,216
360610073005,924,582,143592.0,19437.0,698,566,8
360610074001,1225,975,84375.0,38725.0,622,533,11
360610074002,1014,695,207845.0,69659.0,424,132,135
360610074004,890,580,159886.0,140380.0,455,198,62
360610074005,577,273,161250.0,94889.0,436,427,0
360610075001,1439,1088,130097.0,37721.0,922,425,143
360610075002,1124,883,103098.0,56941.0,839,580,51
360610076001,1615,732,95652.0,5589.0,978,896,52
360610076002,500,319,250001.0,-333333333.0,237,42,152
360610077002,863,821,154103.0,42976.0,566,231,59
360610077004,1475,1319,,,787,482,51
360610077005,713,559,141213.0,87212.0,347,339,13
360610078002,848,432,156406.0,71965.0,497,201,0
360610078003,763,474,,,500,334,32
360610078005,1064,830,169563.0,72148.0,437,357,31
360610078006,1701,327,153319.0,61199.0,623,419,560
360610079000,0,0,,,0,0,0
360610079001,773,752,250001.0,-333333333.0,358,358,232
360610079003,1244,1040,117284.0,52257.0,784,594,126
360610079004,1064,872,110664.0,56794.0,659,245,67
360610080002,503,433,116058.0,22100.0,272,192,30
360610080003,1350,1156,110655.0,26238.0,783,435,83
360610080005,0,0,,,0,0,0
360610080006,1048,721,109028.0,39301.0,746,333,105
360610081002,1746,1481,110541.0,46487.0,1072,783,67
360610081003,754,353,172344.0,107132.0,331,213,155
360610081005,1056,662,94036.0,46291.0,759,603,59
360610081006,525,481,112172.0,74654.0,373,336,0
360610082002,1541,586,185441.0,68769.0,850,187,300
360610082003,1054,577,103963.0,60048.0,645,528,103
360610083002,809,600,121145.0,22138.0,558,335,0
360610083003,1648,255,27313.0,12937.0,912,821,219
360610084001,0,0,,,0,0,0
360610084002,1524,875,190208.0,68908.0,819,509,64
360610086010,0,0,,,0,0,0
360610271002,1246,225,60179.0,59860.0,364,364,208
360610271003,2152,501,,,706,648,155
360610271005,1529,1104,110089.0,47486.0,642,371,248
360610273001,1732,1007,95655.0,34513.0,965,649,178
360610273003,2457,1777,105291.0,4955.0,1094,704,699
360610273004,1749,1012,81875.0,27878.0,646,613,270
360610275001,1280,920,118942.0,29021.0,652,327,210
360610275002,1799,1239,119125.0,23007.0,808,301,381
360610277002,780,139,31058.0,28410.0,345,345,110
360610277003,2813,165,13053.0,10115.0,929,929,730
360610279001,1560,897,36887.0,21479.0,740,491,241
360610279002,2434,184,81542.0,38096.0,484,484,624
360610279004,1989,270,28750.0,27401.0,761,754,558
360610279006,1438,327,39167.0,20941.0,586,586,308
360610279007,720,19,55417.0,27311.0,200,200,92
360610281002,2447,1476,98750.0,20851.0,1089,678,371
360610283001,916,130,61831.0,20072.0,367,367,189
360610283003,1075,327,,,534,368,77
360610283004,2345,84,65444.0,28154.0,622,622,430
360610285002,2064,101,53750.0,20305.0,623,623,390
360610287000,0,0,,,0,0,0
360610287001,685,274,91023.0,29797.0,295,275,67
360610287003,1700,211,42917.0,23277.0,670,670,293
360610291001,1748,95,72554.0,40698.0,536,536,437
360610291003,1711,168,34878.0,16444.0,836,742,309
360610291004,2047,80,58152.0,40998.0,732,732,138
360610291005,1658,23,70257.0,34484.0,601,601,212
360610291006,2434,129,46042.0,29476.0,746,746,452
360610291007,647,71,49521.0,34289.0,293,261,77
360610293001,1732,102,33371.0,24301.0,641,627,220
360610293002,1081,0,56215.0,40296.0,297,297,211
360610293003,3061,212,66115.0,29093.0,963,963,956
360610293004,1078,311,38735.0,11540.0,465,465,224
360610293005,2607,53,55492.0,9574.0,675,675,622
360610295001,2266,1028,92094.0,24012.0,941,895,349
360610295002,1710,344,65361.0,8558.0,803,803,197
360610295003,2128,695,62006.0,17672.0,807,738,362
360610295004,1801,533,86403.0,28014.0,715,565,289
360610297000,0,0,,,0,0,0
360610297001,21,4,,,0,0,1
360610299000,0,0,,,0,0,0
360610086011,1634,1120,138990.0,48661.0,677,664,102
360610086012,0,0,,,0,0,0
360610086013,1265,675,156375.0,44463.0,587,301,192
360610086020,0,0,,,0,0,0
360610086021,0,0,,,0,0,0
360610086030,0,0,,,0,0,0
360610086031,1024,529,190500.0,31188.0,458,237,262
360610086032,1232,555,193610.0,27482.0,697,387,220
360610086033,681,634,226250.0,170605.0,395,28,68
360610087001,933,617,195698.0,140556.0,728,509,0
360610087002,960,554,154268.0,134740.0,600,326,0
360610087004,1162,852,,,655,578,50
360610087005,1135,920,173173.0,106840.0,653,518,82
360610088001,870,516,53839.0,53758.0,584,515,41
360610088002,1547,1006,245625.0,122253.0,831,623,163
360610088004,1037,698,112883.0,22670.0,605,295,64
360610088005,1016,546,146053.0,99925.0,518,263,224
360610088007,482,329,130378.0,65046.0,442,346,0
360610089001,865,726,104539.0,101182.0,537,326,115
360610089003,1525,707,,,653,481,146
360610089004,988,695,106618.0,78119.0,468,357,8
360610090001,266,218,84627.0,46489.0,219,219,0
360610090002,1802,1377,195930.0,46469.0,1164,784,157
360610090004,1183,863,91800.0,43647.0,766,328,53
360610090005,683,481,180238.0,100957.0,452,299,50
360610090007,1131,632,,,567,567,0
360610091001,1060,687,,,621,189,125
360610091003,1089,824,129434.0,51240.0,718,590,95
360610091004,1221,821,,,689,413,131
360610091006,1396,921,248842.0,30743.0,711,689,20
360610092002,0,0,,,0,0,0
360610092003,728,452,131250.0,32925.0,378,227,53
360610093002,1558,1223,,,1019,222,155
360610093003,1131,952,150658.0,45067.0,781,561,0
360610093005,909,534,177056.0,71312.0,533,437,94
360610093006,2475,331,56750.0,21102.0,929,904,361
360610094001,60,56,153750.0,93092.0,45,41,0
360610095002,1353,1016,111648.0,56985.0,315,118,119
360610096001,59,44,,,35,35,0
360610096002,126,77,151250.0,128914.0,106,88,0
360610097001,2052,1466,64886.0,23068.0,1275,176,88
360610299002,0,0,,,0,0,0
360610299003,837,29,26250.0,13506.0,360,339,83
360610303002,1070,448,85037.0,36396.0,474,474,172
360610303003,1702,963,88333.0,6250.0,776,652,212
360610307002,1329,924,130878.0,9652.0,541,138,260
360610307003,1909,943,83073.0,9371.0,819,640,302
360610309002,2270,191,50650.0,13638.0,858,824,507
360610309003,3463,57,19396.0,1379.0,1440,1431,1106
360610309005,2503,282,40742.0,9252.0,805,759,501
360610311001,0,0,,,0,0,0
360610317030,0,0,,,0,0,0
360610317032,2291,1618,250001.0,-333333333.0,845,763,708
360610317033,3099,2096,250001.0,-333333333.0,1406,1273,878
360610317041,3101,2114,150022.0,67693.0,1489,1489,426
360610317042,1772,1346,170673.0,20110.0,873,495,380
360610317044,2400,1425,242361.0,95573.0,1046,608,282
360610319000,0,0,,,0,0,0
360610097002,655,26,,,456,456,110
360610097003,584,252,80868.0,11581.0,391,59,72
360610097004,1199,578,74081.0,14641.0,749,620,75
360610098001,586,394,218158.0,89429.0,296,117,0
360610098002,510,429,,,322,122,104
360610098003,919,701,,,547,305,64
360610098004,811,722,130368.0,126583.0,545,390,26
360610098005,1046,622,111602.0,29197.0,699,463,43
360610098006,1598,1083,172708.0,169262.0,971,737,228
360610098007,1629,1213,,,967,601,42
360610099010,0,0,,,0,0,0
360610099011,1915,1501,250001.0,-333333333.0,1001,799,288
360610099020,0,0,,,0,0,0
360610099021,3039,1738,134928.0,38087.0,1834,1650,431
360610099030,0,0,,,0,0,0
360610099031,0,0,,,0,0,0
360610100001,396,244,98011.0,30148.0,227,81,68
360610100002,1339,721,67292.0,54442.0,959,884,24
360610102001,22,22,,,12,12,0
360610102002,138,114,80989.0,24263.0,119,88,0
360610103002,608,238,,,400,400,13
360610104001,842,526,127845.0,30178.0,552,271,13
360610106011,1229,1048,250001.0,-333333333.0,675,184,171
360610106012,927,639,116585.0,114934.0,638,275,48
360610106014,1636,1507,250001.0,-333333333.0,739,0,387
360610106015,1149,1062,83750.0,78257.0,842,576,49
360610106021,707,614,116940.0,99450.0,413,278,106
360610106023,1238,1004,192021.0,41398.0,640,459,189
360610106024,1168,767,157454.0,84679.0,491,491,125
360610108012,565,550,,,355,274,0
360610108013,1069,806,167948.0,32585.0,683,630,24
360610108022,362,335,,,235,0,24
360610108031,1442,865,154261.0,58086.0,769,442,242
360610108032,558,506,,,326,0,100
360610110001,1479,862,154589.0,35301.0,672,671,444
360610110002,1417,1241,250001.0,-333333333.0,616,536,211
360610110004,554,405,96719.0,95823.0,340,213,48
360610110005,670,443,150476.0,50334.0,310,289,110
360610111001,2459,1127,120332.0,50569.0,1219,1115,168
360610111002,781,453,112621.0,63266.0,550,413,0
360610111003,1480,810,120449.0,24789.0,910,854,100
360610112011,985,730,192411.0,78863.0,517,350,91
360610112021,441,370,171250.0,93068.0,234,42,29
360610112031,800,576,144722.0,29800.0,432,279,72
360610112032,428,356,250001.0,-333333333.0,181,30,72
360610113001,102,18,81875.0,44897.0,50,25,0
360610114011,580,480,250001.0,-333333333.0,318,139,97
360610114012,549,484,250001.0,-333333333.0,358,173,19
360610114021,1356,1089,250001.0,-333333333.0,681,231,150
360610114022,731,561,185750.0,88273.0,384,119,137
360610115001,1235,545,140694.0,53156.0,753,491,111
360610115002,2303,924,128929.0,44805.0,1026,1018,172
360610116000,0,0,,,0,0,0
360610116001,1672,959,86920.0,50001.0,823,666,249
360610116002,1306,1096,123601.0,60958.0,665,496,279
360610117000,0,0,,,0,0,0
360610117001,1113,443,135650.0,112343.0,759,759,160
360610117003,0,0,,,0,0,0
360610118001,1386,1041,160285.0,41455.0,827,501,161
360610118003,797,304,,,277,167,282
360610118004,1832,1627,128625.0,58288.0,1133,588,171
360610118006,1020,952,194458.0,89503.0,635,555,71
360610118007,1284,985,171638.0,156292.0,838,690,55
360610119001,431,104,23750.0,5684.0,378,378,36
360610119002,593,215,12532.0,6379.0,541,541,8
360610120002,650,487,230221.0,83994.0,339,147,67
360610120003,570,538,154021.0,108584.0,297,186,106
360610121012,1408,1207,53750.0,16567.0,914,809,73
360610121022,1433,534,,,1084,1084,38
360610121023,1109,635,102560.0,33631.0,444,444,220
360610122001,581,534,,,302,130,68
360610122002,674,649,145750.0,97294.0,356,111,100
360610122004,948,841,221120.0,102606.0,431,26,205
360610124000,0,0,,,0,0,0
360610124002,1231,1017,,,732,568,180
360610124004,1294,1038,170781.0,40016.0,657,657,165
360610124005,741,652,245125.0,70616.0,258,114,100
360610124007,1073,953,,,395,51,417
360610124008,320,115,70714.0,20882.0,268,268,0
360610125002,674,425,108448.0,38618.0,414,370,23
360610125003,482,295,102750.0,101999.0,324,324,7
360610126011,1604,1529,,,775,53,323
360610126012,1022,817,,,723,488,155
360610126013,656,509,87157.0,76000.0,504,278,0
360610126014,1511,1484,,,798,261,266
360610126015,1998,1610,97043.0,30066.0,1005,523,286
360610126021,1786,1518,131466.0,66629.0,1044,251,155
360610126022,1089,1024,171569.0,696.0,617,617,55
360610126023,1644,1295,,,639,639,432
360610126024,557,413,,,358,152,27
360610127001,836,523,35114.0,33575.0,569,510,0
360610127002,1326,571,142212.0,19250.0,726,662,151
360610127003,2239,1146,95150.0,73225.0,1222,1045,18
360610127004,1617,1312,115862.0,40571.0,1022,799,74
360610127005,765,524,250001.0,-333333333.0,531,118,0
360610128001,1703,1332,119417.0,47929.0,667,262,354
360610128002,712,685,250001.0,-333333333.0,374,19,118
360610128003,790,765,137989.0,65687.0,363,104,122
360610128005,969,826,106212.0,47613.0,478,45,169
360610129011,2259,1483,154313.0,20175.0,1189,768,326
360610129012,3706,2058,99873.0,13983.0,2553,2427,167
360610129014,0,0,,,0,0,0
360610129022,1129,548,120186.0,30495.0,585,324,118
360610129023,0,0,,,0,0,0
360610130002,953,823,178594.0,93834.0,496,127,46
360610130003,1025,884,199917.0,101218.0,467,53,140
360610131001,1156,698,81125.0,43977.0,925,925,0
360610131002,674,226,113125.0,102571.0,453,317,38
360610132010,0,0,,,0,0,0
360610132011,633,350,157922.0,54534.0,341,294,0
360610132013,958,434,74560.0,57275.0,408,240,281
360610132021,1326,867,95244.0,80930.0,708,622,336
360610132023,979,210,147522.0,105782.0,377,377,380
360610132031,1519,476,,,1034,973,209
360610132033,1393,907,,,724,614,133
360610133001,797,399,200862.0,4542.0,564,564,25
360610133003,1318,706,117014.0,48516.0,771,701,28
360610133004,1358,569,72422.0,57430.0,807,604,15
360610134001,839,717,164541.0,105273.0,601,343,81
360610134002,1389,1093,,,781,647,174
360610134004,707,346,118750.0,78141.0,356,67,210
360610134005,901,758,250001.0,-333333333.0,460,215,63
360610134007,2118,1901,104547.0,53017.0,1269,518,213
360610134008,2194,1823,227828.0,191528.0,952,619,743
360610135010,0,0,,,0,0,0
360610135011,2040,389,49237.0,40963.0,887,887,103
360610135012,1845,1066,102546.0,60307.0,1091,980,314
360610135013,724,437,109906.0,106349.0,465,465,26
360610135014,0,0,,,0,0,0
360610135020,0,0,,,0,0,0
360610135021,2113,821,,,1035,953,218
360610135022,1073,356,,,604,578,88
360610135023,1943,985,,,1254,1254,48
360610135024,0,0,,,0,0,0
360610135025,0,0,,,0,0,0
360610136010,0,0,,,0,0,0
360610136011,1849,1737,215956.0,135219.0,814,200,421
360610136021,2286,1514,,,1083,261,265
360610136022,1125,529,82675.0,28939.0,647,536,140
360610136023,3367,2487,142466.0,131411.0,1263,1156,1071
360610136031,351,283,250001.0,-333333333.0,227,88,0
360610136033,1841,1723,105649.0,24683.0,765,765,495
360610136041,886,804,,,601,524,0
360610136043,860,543,147312.0,34705.0,475,475,142
360610136044,1388,1340,121040.0,38283.0,570,120,220
360610137002,936,599,98314.0,60065.0,755,207,56
360610137005,1449,850,187443.0,112264.0,601,601,320
360610137006,669,639,234866.0,176150.0,259,142,205
360610138002,2506,1910,168000.0,14220.0,1076,1076,583
360610138004,1571,1523,135957.0,53427.0,931,912,46
360610138005,1417,1347,235143.0,161464.0,901,289,10
360610138007,1089,803,109301.0,89217.0,656,361,0
360610138008,1112,750,182660.0,69000.0,588,254,245
360610139001,2059,1283,,,1392,922,70
360610139002,1152,591,127946.0,97275.0,496,449,138
360610139004,2227,1679,99795.0,47579.0,1562,1059,80
360610139005,912,540,71598.0,45699.0,564,405,50
360610139007,1557,1085,101319.0,44528.0,1179,1019,0
360610140001,1279,906,90469.0,33899.0,840,558,185
360610140003,884,872,,,623,161,42
360610140004,568,540,250001.0,-333333333.0,253,31,81
360610140006,1440,1101,102068.0,49190.0,717,449,253
360610142001,749,682,193239.0,64108.0,212,50,279
360610142003,586,571,168424.0,75179.0,278,92,37
360610142004,399,133,,,197,88,144
360610142006,826,707,166361.0,75357.0,447,141,71
360610143001,1,0,,,0,0,0
360610144012,1699,1473,180750.0,164093.0,933,386,158
360610144013,826,743,,,478,377,116
360610144014,1118,747,146010.0,47155.0,488,203,248
360610144021,1948,1481,136380.0,62640.0,1015,365,207
360610144022,484,402,96835.0,59434.0,389,370,39
360610144023,1144,889,161122.0,48025.0,605,598,180
360610144024,717,591,165221.0,47643.0,347,63,76
360610144025,1217,828,128047.0,44365.0,597,501,29
360610144026,1120,933,88963.0,21673.0,619,469,188
360610144027,0,0,,,0,0,0
360610145001,3061,1679,215161.0,69494.0,1110,946,409
360610145002,1273,577,,,634,634,138
360610145003,686,535,180714.0,124794.0,406,48,92
360610145004,807,573,,,475,448,107
360610145005,443,308,121520.0,40294.0,313,17,53
360610146011,875,420,201442.0,108977.0,487,477,73
360610146013,644,471,129398.0,29808.0,419,419,32
360610146014,1895,1501,95654.0,34598.0,1152,1078,71
360610146022,1456,1213,204375.0,100280.0,823,567,55
360610146023,851,766,77835.0,42741.0,603,580,0
360610146025,1389,927,73561.0,52754.0,735,356,309
360610146026,1512,1433,110964.0,5092.0,795,691,273
360610147002,0,0,,,0,0,0
360610147003,1425,685,123558.0,64112.0,831,740,156
360610148012,1311,1089,118750.0,58376.0,622,420,332
360610148021,1118,872,112965.0,23516.0,696,526,60
360610148023,2329,1198,105408.0,50710.0,916,510,521
360610148024,1219,950,140917.0,60433.0,778,434,97
360610149001,783,483,150951.0,62448.0,342,118,63
360610149002,1105,979,174286.0,141866.0,656,278,63
360610149004,905,827,101370.0,95749.0,587,488,112
360610149005,1196,682,180500.0,97694.0,666,352,158
360610150012,921,807,168529.0,56127.0,502,271,81
360610150021,1687,1457,250001.0,-333333333.0,819,182,204
360610150023,831,701,250001.0,-333333333.0,425,62,134
360610150024,640,583,215743.0,86190.0,328,117,78
360610151012,699,0,20349.0,4228.0,332,322,34
360610151013,1034,51,41162.0,662.0,322,296,459
360610151021,1897,898,141738.0,42507.0,920,522,363
360610151022,4065,1850,108629.0,88996.0,2044,1890,1193
360610151024,0,0,,,0,0,0
360610152000,0,0,,,0,0,0
360610152002,1301,358,30455.0,18911.0,834,834,208
360610152003,1209,633,168417.0,79827.0,523,523,188
360610152005,1123,842,178988.0,53239.0,529,249,266
360610152007,0,0,,,0,0,0
360610153011,1372,1204,128250.0,47793.0,701,534,396
360610153012,1401,803,103214.0,54675.0,804,644,301
360610153013,1413,1310,208432.0,132049.0,806,279,150
360610153021,1567,1058,145195.0,68299.0,736,547,290
360610153022,752,592,204107.0,99299.0,462,119,4
360610153023,1292,1204,161118.0,111431.0,618,586,377
360610153024,690,545,,,495,226,80
360610153025,605,605,163720.0,154199.0,370,307,62
360610153026,708,447,141520.0,88198.0,279,94,213
360610154011,1009,761,250001.0,-333333333.0,733,407,0
360610154012,2140,1438,88618.0,20964.0,1021,946,211
360610154013,1269,1055,101127.0,78171.0,765,541,136
360610154014,1123,1085,175197.0,78430.0,466,313,312
360610154022,1812,1036,,,852,589,138
360610154023,1603,592,114128.0,39963.0,719,406,0
360610154032,439,341,,,389,389,0
360610154033,745,375,,,395,224,210
360610155011,5150,4557,183693.0,46955.0,3004,1167,440
360610155020,0,0,,,0,0,0
360610155022,1120,456,150993.0,107690.0,571,550,118
360610155023,1164,1164,,,662,71,71
360610155025,435,287,,,249,0,86
360610156011,1209,716,63929.0,44666.0,682,627,122
360610156013,678,377,78939.0,16064.0,454,429,0
360610156014,2547,1541,151747.0,43942.0,1168,1168,494
360610157001,663,570,150957.0,108341.0,417,365,110
360610157002,1455,1281,154386.0,66448.0,982,298,158
360610157004,810,803,150976.0,40520.0,617,617,96
360610157005,1635,1267,87750.0,31832.0,763,426,404
360610157007,1303,775,,,744,679,225
360610157008,1487,1189,207649.0,93328.0,514,426,304
360610158012,1184,721,73516.0,14657.0,533,311,110
360610158014,930,673,205357.0,82973.0,486,259,143
360610158021,2107,1064,79688.0,59666.0,593,567,132
360610158023,1533,777,76000.0,38472.0,910,901,227
360610159000,0,0,,,0,0,0
360610159002,1805,1601,151875.0,85852.0,902,346,298
360610159003,1237,943,136190.0,98830.0,694,304,211
360610159005,1280,961,210300.0,106981.0,682,504,64
360610159006,1174,832,169784.0,68523.0,579,383,179
360610160011,733,682,250001.0,-333333333.0,329,56,123
360610160012,1161,851,250001.0,-333333333.0,544,51,215
360610160014,899,774,250001.0,-333333333.0,401,67,124
360610160021,1554,1019,131625.0,106668.0,689,371,263
360610160022,1961,950,91250.0,47596.0,535,413,94
360610161001,1513,1296,176316.0,1778.0,858,588,300
360610161002,907,506,109769.0,14624.0,443,278,195
360610161003,970,786,110507.0,108119.0,662,383,51
360610161004,817,724,164145.0,77447.0,467,318,172
360610161005,1335,732,102609.0,34105.0,734,607,49
360610161006,1030,876,109211.0,72866.0,578,411,128
360610162000,0,0,,,0,0,0
360610162001,1432,50,49814.0,9172.0,775,680,318
360610162002,1950,109,53465.0,4826.0,767,496,492
360610162003,1307,0,24863.0,11262.0,445,445,356
360610162004,2193,0,22049.0,7796.0,1013,1013,439
360610162005,2495,562,,,1561,1561,211
360610163000,0,0,,,0,0,0
360610163002,1828,1507,141307.0,53849.0,824,496,287
360610163003,379,301,106141.0,19551.0,209,209,29
360610163005,2129,1721,141750.0,129715.0,1044,667,421
360610164001,1519,362,,,620,620,213
360610164003,2167,100,36525.0,3266.0,842,842,461
360610164004,1434,133,19559.0,13730.0,512,510,371
360610165002,1468,1238,137022.0,56590.0,835,398,224
360610165003,1583,1536,220035.0,73950.0,695,373,380
360610165005,1416,763,164861.0,104905.0,600,440,130
360610166002,1509,342,33110.0,29884.0,591,574,376
360610166003,1461,422,86667.0,13881.0,574,499,146
360610166005,888,61,60036.0,59386.0,408,408,187
360610166006,1237,102,,,631,619,116
360610167001,859,827,211071.0,103478.0,436,335,164
360610167002,947,811,203984.0,125931.0,550,201,126
360610167004,1752,1415,196283.0,46653.0,821,587,356
360610167005,971,716,170357.0,107776.0,488,267,189
360610168002,2244,416,36625.0,15008.0,889,784,781
360610168003,954,364,81984.0,34088.0,203,181,0
360610169002,1500,1292,116000.0,37073.0,904,760,102
360610169003,968,853,154018.0,116062.0,528,357,102
360610169005,709,696,139775.0,87338.0,355,97,148
360610170002,1017,87,25859.0,19606.0,463,463,144
360610170003,1496,354,97500.0,37995.0,542,464,223
360610170005,888,181,39732.0,32853.0,403,394,215
360610171000,0,0,,,0,0,0
360610171002,2157,2054,121976.0,18680.0,1159,833,172
360610171003,1187,1034,148214.0,71598.0,642,469,59
360610171004,975,761,155481.0,88988.0,352,205,194
360610171005,1801,1589,250001.0,-333333333.0,822,317,291
360610171006,1457,1214,250001.0,-333333333.0,520,104,474
360610172001,1389,294,,,686,648,29
360610172002,1214,0,19345.0,15766.0,501,501,268
360610172003,807,63,,,299,264,330
360610172004,610,175,92019.0,80075.0,335,335,16
360610172005,1100,33,57609.0,54131.0,270,270,478
360610173001,884,866,59580.0,30485.0,565,485,143
360610173002,549,443,,,323,295,54
360610173003,1683,996,126125.0,119517.0,1005,657,235
360610173004,1094,532,,,764,584,115
360610173005,1706,1371,,,570,493,471
360610173006,920,769,120333.0,62814.0,524,421,165
360610173007,1032,859,202138.0,153926.0,599,436,109
360610174012,1471,192,31263.0,4281.0,732,717,276
360610174013,1259,526,87083.0,35531.0,624,318,129
360610175000,0,0,,,0,0,0
360610175001,1978,1657,144438.0,138931.0,845,440,549
360610175003,1597,1464,,,755,171,442
360610175004,1436,1158,250001.0,-333333333.0,809,197,137
360610175006,2379,1201,168992.0,97034.0,798,557,241
360610175007,1068,479,47880.0,11670.0,570,570,278
360610177002,833,520,87600.0,76382.0,398,223,134
360610177003,815,635,95901.0,58205.0,371,371,155
360610177005,1430,1087,250001.0,-333333333.0,600,190,138
360610177007,765,245,32917.0,19768.0,407,170,106
360610177008,1089,957,106370.0,58502.0,660,269,98
360610178001,1388,226,64766.0,15045.0,532,457,264
360610002010,0,0,,,0,0,0
360610002011,823,150,56899.0,10579.0,291,291,158
360610002012,1938,20,16319.0,7411.0,573,573,990
360610002020,0,0,,,0,0,0
360610002021,939,87,45208.0,24974.0,339,274,34
360610002022,1148,26,11140.0,2793.0,659,659,190
360610002023,1130,120,25242.0,18275.0,540,540,205
360610002024,1844,919,49803.0,30647.0,885,404,373
360610002025,0,0,,,0,0,0
360610002026,1847,260,44514.0,28693.0,793,521,345
360610005000,0,0,,,0,0,0
360610005001,0,0,,,0,0,0
360610005002,0,0,,,0,0,0
360610006000,0,0,,,0,0,0
360610006001,1406,76,14554.0,3911.0,641,607,92
360610006003,913,81,,,442,413,84
360610006004,1110,95,42202.0,17355.0,264,264,215
360610006006,1974,122,16025.0,7621.0,996,872,158
360610007000,0,0,,,0,0,0
360610007002,2204,1553,204821.0,25980.0,885,728,362
360610007003,467,323,166460.0,123281.0,349,199,0
360610007005,1762,1423,185368.0,16246.0,1079,1079,0
360610178002,1441,437,51250.0,41564.0,690,665,168
360610179000,0,0,,,0,0,0
360610179001,1006,594,92304.0,54877.0,604,319,0
360610179003,908,865,120292.0,91749.0,483,201,97
360610179004,1832,1126,159559.0,83601.0,688,595,428
360610179006,2427,1812,,,919,506,849
360610179007,941,644,71516.0,31870.0,603,451,93
360610180002,1046,400,67279.0,34792.0,577,577,28
360610180003,784,59,,,275,267,161
360610181001,1409,655,53882.0,37939.0,782,596,123
360610181003,1832,1125,188520.0,54960.0,763,620,326
360610181004,1399,1334,,,818,672,150
360610181006,1512,857,93125.0,29054.0,647,477,49
360610182001,1182,279,42010.0,20464.0,478,478,0
360610182002,861,0,14732.0,7708.0,518,518,109
360610182003,1940,242,58322.0,36960.0,767,707,287
360610182004,1625,0,23304.0,12080.0,570,570,645
360610182005,1826,0,29423.0,23904.0,660,660,607
360610183000,0,0,,,0,0,0
360610183001,2559,1677,124278.0,59692.0,908,448,486
360610183002,906,811,250001.0,-333333333.0,329,109,41
360610183003,756,258,79175.0,12449.0,454,379,38
360610183004,1513,1179,223713.0,95239.0,818,594,249
360610183005,1104,916,103776.0,46740.0,643,485,221
360610183006,628,598,250001.0,-333333333.0,244,197,133
360610183007,497,400,191591.0,146775.0,248,195,0
360610184001,907,350,,,465,425,213
360610184003,1863,0,,,696,696,462
360610184004,1710,0,23083.0,10138.0,662,649,434
360610185001,992,734,130625.0,33002.0,682,354,34
360610185002,2132,1523,103224.0,15985.0,917,917,428
360610186001,1326,0,30281.0,18015.0,600,600,120
360610186002,2648,379,55837.0,18491.0,727,676,301
360610187000,0,0,,,0,0,0
360610187001,3105,2352,215590.0,173041.0,832,376,667
360610187003,620,344,97857.0,19100.0,232,232,85
360610187004,1116,871,111250.0,44730.0,740,503,0
360610187006,487,450,161250.0,68064.0,315,146,24
360610188002,1482,114,,,568,561,341
360610188003,1379,256,52374.0,19893.0,476,476,29
360610189001,1376,783,132006.0,128907.0,628,385,312
360610007006,1615,1171,171339.0,105060.0,819,537,249
360610007008,0,0,,,0,0,0
360610007009,0,0,,,0,0,0
360610008001,1495,50,22177.0,15501.0,584,584,146
360610008002,1072,111,37600.0,37282.0,476,458,56
360610008004,1731,287,35867.0,9104.0,823,823,203
360610008005,2047,185,,,1074,1074,181
360610009000,0,0,,,0,0,0
360610009001,1886,1176,180156.0,42150.0,883,761,270
360610010010,0,0,,,0,0,0
360610010011,1437,892,84432.0,18719.0,785,270,229
360610010021,1475,0,19564.0,14535.0,774,774,69
360610010022,1193,22,22444.0,5486.0,648,648,0
360610010024,275,16,,,0,0,0
360610012001,2022,290,14841.0,11483.0,862,842,382
360610012002,929,686,78393.0,29034.0,431,146,164
360610013001,932,599,219732.0,115781.0,437,437,139
360610013002,1430,741,163603.0,48680.0,884,804,100
360610013004,1290,723,181094.0,50230.0,768,685,80
360610013005,0,0,,,0,0,0
360610014012,1424,1068,111709.0,36467.0,807,120,168
360610014021,1421,523,66389.0,47618.0,856,800,28
360610015010,0,0,,,0,0,0
360610015011,3845,2796,214643.0,114567.0,1452,996,992
360610015012,3301,1541,52551.0,21847.0,1756,531,274
360610015013,875,363,15925.0,2031.0,512,455,113
360610015020,0,0,,,0,0,0
360610015021,697,427,250001.0,-333333333.0,268,126,146
360610015022,1805,1305,140524.0,71399.0,541,417,288
360610015023,1995,1114,166118.0,54312.0,1116,959,154
360610015024,2210,1533,230193.0,47557.0,1117,1082,85
360610015025,1200,960,223063.0,92898.0,507,476,9
360610015026,22,22,,,22,22,0
360610015027,0,0,,,0,0,0
360610015028,0,0,,,0,0,0
360610016001,2749,264,,,1098,1054,172
360610016002,734,53,48333.0,12033.0,300,300,11
360610016003,1780,364,61264.0,31595.0,746,536,334
360610016004,1196,474,100921.0,84188.0,494,455,132
360610018001,1035,429,85714.0,66032.0,506,452,132
360610018002,717,162,108393.0,58523.0,264,236,51
360610189002,2470,712,41401.0,35139.0,1039,881,454
360610189004,980,302,35341.0,28610.0,365,262,0
360610189005,1100,320,44650.0,36347.0,397,366,23
360610190001,1386,38,46321.0,19827.0,645,577,181
360610190002,2404,619,101181.0,17882.0,1043,447,546
360610191001,1099,893,130625.0,102454.0,566,276,100
360610191002,2343,1330,246979.0,121873.0,1340,379,393
360610191004,1077,798,89565.0,59720.0,646,235,170
360610191005,2005,557,108636.0,68365.0,654,529,62
360610192000,0,0,,,0,0,0
360610192003,1789,35,17800.0,10013.0,618,618,617
360610193001,1508,730,,,698,349,230
360610193003,1501,558,,,545,428,53
360610193004,678,290,,,276,230,68
360610193006,1543,436,23825.0,22323.0,907,850,0
360610194001,2165,0,13706.0,6490.0,969,969,680
360610194002,724,163,75813.0,46749.0,404,315,162
360610194003,1108,151,,,483,459,141
360610194004,1985,0,16516.0,12986.0,789,735,364
360610195000,0,0,,,0,0,0
360610195001,1028,784,165458.0,96494.0,485,163,55
360610195002,978,566,78824.0,21680.0,590,340,53
360610195003,2821,1024,91941.0,14663.0,1173,819,308
360610195004,1118,334,,,382,211,231
360610195005,1281,871,74280.0,21924.0,624,607,107
360610196001,2018,131,36964.0,34989.0,543,543,587
360610196002,1357,135,14216.0,4189.0,956,956,30
360610196003,922,133,,,253,253,36
360610197011,655,216,31111.0,14382.0,372,372,77
360610197021,2720,812,83854.0,37676.0,1105,814,491
360610198001,2433,556,85083.0,36520.0,919,506,547
360610199000,0,0,,,0,0,0
360610199001,1211,845,114659.0,36989.0,431,225,99
360610199003,1257,701,,,320,320,10
360610199005,1506,795,62778.0,22951.0,762,640,254
360610199006,1015,885,144783.0,96459.0,524,232,73
360610200002,1997,550,70469.0,25441.0,863,644,362
360610201011,1759,1034,155250.0,47343.0,237,180,85
360610201022,1570,459,131080.0,68676.0,541,407,331
360610201023,379,117,,,188,169,20
360610203001,2276,1047,56419.0,9964.0,453,404,126
360610018004,1286,165,,,622,602,83
360610018005,728,274,35439.0,35344.0,287,274,83
360610018007,933,150,55110.0,42476.0,367,317,86
360610020000,0,0,,,0,0,0
360610020002,1955,54,20125.0,19599.0,639,639,388
360610021001,1726,1135,250001.0,-333333333.0,652,140,604
360610021002,1477,971,184693.0,55988.0,721,721,94
360610021004,1411,775,250001.0,-333333333.0,465,295,383
360610022011,1904,610,20025.0,9343.0,1024,962,281
360610022013,1225,51,15932.0,4442.0,528,528,177
360610022014,2361,391,56406.0,37426.0,1118,853,326
360610024000,0,0,,,0,0,0
360610024001,1978,18,14606.0,7624.0,765,751,469
360610024003,2193,55,12151.0,1887.0,1042,1042,415
360610025000,0,0,,,0,0,0
360610025002,691,53,15000.0,3929.0,180,180,166
360610025003,1096,17,29566.0,9272.0,403,403,248
360610026012,1892,392,54323.0,13634.0,813,745,264
360610026022,917,699,108000.0,51280.0,394,347,100
360610026023,1213,685,58272.0,24236.0,641,449,40
360610028001,600,105,30106.0,28373.0,324,283,105
360610028002,1724,553,83750.0,37344.0,783,748,135
360610028004,2049,597,45844.0,25280.0,967,786,355
360610029011,806,317,,,0,0,0
360610029013,758,141,18906.0,6705.0,46,46,0
360610029021,973,47,28209.0,10542.0,543,543,127
360610029022,1439,58,24564.0,12121.0,697,680,111
360610029023,753,77,97371.0,62002.0,249,249,212
360610029024,0,0,,,0,0,0
360610029025,986,212,,,721,508,73
360610030011,907,547,67292.0,60501.0,576,576,91
360610030012,1046,687,74792.0,25306.0,589,589,81
360610030013,1028,647,73598.0,39252.0,510,486,117
360610030014,746,289,74099.0,54123.0,407,359,56
360610030021,2026,1181,98011.0,18367.0,973,900,248
360610030022,903,385,16250.0,7986.0,644,594,93
360610031001,2616,1396,159861.0,35834.0,740,532,147
360610031002,0,0,,,0,0,0
360610032001,1684,1428,84973.0,57821.0,1075,1048,184
360610032003,2262,1522,62405.0,47378.0,1109,576,284
360610032004,432,401,66524.0,64418.0,264,153,0
360610203002,1558,744,,,0,0,53
360610205001,2753,1930,205464.0,106257.0,583,517,255
360610205002,1685,967,,,250,240,63
360610206001,1725,294,50750.0,15018.0,736,595,310
360610206002,1680,407,28107.0,20191.0,831,806,191
360610207012,1446,710,100500.0,51997.0,416,391,162
360610208001,1845,260,72863.0,37539.0,733,691,465
360610208003,1853,512,106402.0,34190.0,787,593,314
360610210000,0,0,,,0,0,0
360610210001,1400,24,42434.0,12099.0,722,435,346
360610210003,2229,0,,,809,809,695
360610210004,1391,0,11104.0,5758.0,648,648,399
360610210006,1339,130,63272.0,25863.0,846,840,175
360610211000,0,0,,,0,0,0
360610211002,969,393,193359.0,85740.0,448,378,195
360610211003,3039,1013,,,1047,944,428
360610211005,1531,0,,,634,634,498
360610211006,1725,938,127872.0,17272.0,1124,455,232
360610211007,808,596,217011.0,181275.0,277,119,44
360610212001,1875,82,44352.0,39717.0,818,733,382
360610212002,57,10,,,0,0,0
360610212003,825,43,65821.0,44778.0,533,533,90
360610212004,1403,232,91354.0,24912.0,1000,1000,53
360610213031,1115,115,36938.0,25461.0,429,429,132
360610213032,670,91,,,272,233,136
360610213033,2857,329,61413.0,20893.0,1098,1058,369
360610213034,1665,452,82895.0,25201.0,534,526,375
360610214001,1419,82,61406.0,4740.0,957,957,123
360610214002,1724,208,56250.0,24390.0,1091,1091,172
360610215001,1008,213,80993.0,26668.0,435,402,199
360610215002,3269,151,45371.0,6625.0,1325,1318,589
360610216001,1896,432,64722.0,30265.0,728,633,290
360610216003,1056,95,52850.0,13830.0,421,380,287
360610216004,2337,480,80283.0,17915.0,993,842,442
360610217031,11,5,,,6,0,0
360610218001,1345,403,100054.0,35788.0,559,501,185
360610218003,1359,869,131797.0,88491.0,471,329,359
360610218004,2247,393,61500.0,25792.0,1044,990,352
360610219001,1318,200,15651.0,4824.0,437,437,431
360610219002,1682,152,,,439,416,515
360610219004,326,4,37729.0,8326.0,137,137,49
360610032006,1635,1039,79767.0,46898.0,970,815,40
360610032007,566,441,,,432,432,14
360610033002,1609,1486,250001.0,-333333333.0,631,230,501
360610033003,2149,1787,243571.0,118703.0,1104,1027,284
360610034001,1841,950,81667.0,20171.0,1032,917,0
360610034003,1688,1330,129896.0,75245.0,996,996,0
360610034004,1348,1032,72929.0,56456.0,822,760,0
360610036012,1046,264,54625.0,25522.0,533,434,106
360610036013,825,295,54531.0,34788.0,443,396,36
360610036022,1875,903,93651.0,39706.0,657,529,78
360610037000,0,0,,,0,0,0
360610037002,1030,726,148068.0,116138.0,487,238,117
360610037003,732,544,162292.0,34858.0,430,258,98
360610038002,476,210,52108.0,49887.0,375,313,25
360610038003,2333,521,48899.0,9820.0,974,720,0
360610038005,1338,1068,112537.0,96160.0,917,881,0
360610038006,759,561,131842.0,46723.0,376,376,18
360610039000,0,0,,,0,0,0
360610039003,1538,856,158833.0,130408.0,608,156,171
360610039004,1111,991,208182.0,130332.0,412,396,242
360610040012,1085,733,138452.0,73628.0,594,594,0
360610040013,1760,1022,,,1156,831,150
360610040022,1019,614,206053.0,192828.0,546,437,181
360610040023,1835,1293,250001.0,-333333333.0,445,318,115
360610041001,1794,1303,178125.0,171622.0,645,645,216
360610041002,855,58,80033.0,54348.0,422,373,78
360610041004,1000,344,,,540,490,81
360610041005,1338,552,102781.0,62546.0,631,547,56
360610041006,1143,616,77031.0,39381.0,450,436,0
360610042001,1037,846,118365.0,67543.0,720,475,64
360610042002,2014,1101,178750.0,54646.0,504,293,161
360610042003,2260,1039,121964.0,67227.0,353,324,9
360610043001,1395,923,,,902,838,65
360610043002,858,294,77083.0,50538.0,489,456,47
360610043003,1431,918,97778.0,37074.0,898,665,78
360610044000,0,0,,,0,0,0
360610044001,2414,1261,158241.0,114148.0,1242,1242,269
360610044002,0,0,,,0,0,0
360610044003,1391,1084,86883.0,48774.0,713,713,76
360610044004,2671,2201,143074.0,88333.0,1357,1357,382
360610044005,1695,1199,106895.0,12297.0,978,978,33
360610220001,930,158,91212.0,52017.0,346,319,52
360610220003,918,128,77000.0,57502.0,396,304,99
360610220004,1832,209,126159.0,71436.0,760,717,363
360610221021,1169,388,48977.0,43213.0,631,500,227
360610221022,1521,259,140606.0,31579.0,508,169,210
360610223010,0,0,,,0,0,0
360610223012,2227,531,53641.0,17690.0,705,645,253
360610223013,1549,530,82621.0,60883.0,677,590,0
360610223020,0,0,,,0,0,0
360610223021,0,0,,,0,0,0
360610224001,2494,362,66491.0,11107.0,872,764,606
360610224002,1637,325,,,607,573,449
360610224004,2241,25,,,732,708,714
360610225000,0,0,,,0,0,0
360610225002,2388,289,47049.0,21476.0,1085,573,239
360610225004,1360,50,33373.0,11921.0,417,352,634
360610225005,2995,549,74141.0,18503.0,936,771,656
360610226002,1131,244,103750.0,61447.0,464,278,343
360610226003,1648,233,43810.0,13585.0,768,736,226
360610227001,1326,367,65893.0,45245.0,544,421,156
360610227002,1312,367,120042.0,21687.0,555,494,57
360610227003,2683,306,44636.0,17798.0,1042,753,566
360610228001,2212,198,,,1048,989,269
360610228002,973,111,17269.0,16355.0,455,386,234
360610228003,1590,124,76713.0,14702.0,760,625,186
360610228004,1331,408,137689.0,35603.0,539,225,151
360610229000,0,0,,,0,0,0
360610229001,1255,242,46866.0,34259.0,459,403,44
360610229002,1442,238,67755.0,43049.0,562,514,152
360610229003,2611,658,47648.0,20549.0,905,813,378
360610229004,1527,110,56683.0,24921.0,435,310,444
360610229005,2240,411,79737.0,30401.0,756,737,327
360610230001,2017,19,32277.0,13377.0,631,631,704
360610230002,1646,233,38235.0,31279.0,964,908,199
360610230004,1854,15,,,824,809,229
360610230005,1460,78,48402.0,27792.0,744,640,140
360610231002,1793,396,62958.0,47590.0,807,609,122
360610231003,0,0,,,0,0,0
360610232001,1814,197,62815.0,39178.0,488,488,652
360610232002,2819,82,40822.0,14475.0,965,924,904
360610232004,2390,320,37333.0,23961.0,916,902,454
360610044006,3143,1511,94398.0,21249.0,1100,1100,182
360610044008,1985,1182,125415.0,72808.0,1071,1071,223
360610044009,1378,1132,,,671,671,0
360610047001,859,544,80469.0,36596.0,565,416,27
360610047002,1564,1194,151521.0,10786.0,885,605,181
360610048002,994,766,169722.0,34619.0,456,96,101
360610048004,1329,978,161045.0,49151.0,618,299,0
360610048005,1445,884,71172.0,28421.0,463,371,66
360610048007,0,0,,,0,0,0
360610049001,1916,1500,187125.0,54199.0,920,411,362
360610049003,1113,935,79145.0,31023.0,700,594,82
360610050001,975,858,96844.0,64381.0,448,237,222
360610050003,999,950,188368.0,50250.0,519,95,134
360610050004,1123,819,168125.0,95477.0,781,538,81
360610052001,813,733,169750.0,142291.0,428,161,159
360610052002,2389,1436,153906.0,70130.0,907,363,150
360610054002,1236,755,94375.0,76369.0,838,396,67
360610054003,1833,1429,165820.0,46770.0,1077,535,203
360610055012,2068,1135,125529.0,27692.0,975,975,420
360610055013,789,698,205338.0,11903.0,360,321,129
360610055022,1413,1055,118457.0,25778.0,818,626,111
360610056001,2092,785,,,1269,1067,144
360610056003,1073,934,154444.0,48457.0,516,376,183
360610057001,927,854,124464.0,104815.0,497,126,147
360610058001,1757,843,144521.0,116933.0,907,891,251
360610058002,1247,749,,,785,686,108
360610059001,1121,1024,250001.0,-333333333.0,636,120,45
360610059002,320,265,141146.0,82414.0,167,92,47
360610059004,948,730,250001.0,-333333333.0,408,20,285
360610060000,0,0,,,0,0,0
360610060001,2088,1523,250001.0,-333333333.0,752,752,616
360610060002,2373,1775,170023.0,40040.0,1113,1113,562
360610060003,1388,1091,143250.0,108400.0,600,600,341
360610061001,2028,1354,240982.0,51468.0,673,370,159
360610061002,1521,843,250001.0,-333333333.0,621,165,33
360610061003,1098,747,149143.0,14635.0,646,367,115
360610062000,0,0,,,0,0,0
360610062001,1886,627,,,186,186,14
360610062002,2469,1119,87262.0,16241.0,1154,1154,304
360610062003,0,0,,,0,0,0
360610063001,2012,1754,218125.0,60023.0,1032,337,132
360610233000,0,0,,,0,0,0
360610233002,1912,592,77857.0,67658.0,700,611,243
360610233003,2969,418,75958.0,11177.0,849,801,778
360610234002,2957,613,52407.0,14350.0,1512,1402,611
360610235011,1192,176,49875.0,44664.0,404,404,156
360610235013,1520,342,62027.0,49576.0,612,584,181
360610235014,0,0,,,0,0,0
360610236000,0,0,,,0,0,0
360610236002,1469,105,17060.0,14329.0,686,686,286
360610236003,860,0,34669.0,29087.0,400,142,189
360610236005,1010,0,65125.0,37091.0,434,320,179
360610237001,2884,670,56053.0,19251.0,1102,1065,544
360610237002,2006,375,74167.0,17959.0,754,728,365
360610238020,0,0,,,0,0,0
360610238021,4889,2302,108140.0,21454.0,1907,1826,957
360610238023,1330,340,,,0,0,0
360610238030,0,0,,,0,0,0
360610238032,1972,938,86698.0,27241.0,914,114,303
360610238040,0,0,,,0,0,0
360610238042,2090,827,191875.0,50931.0,969,691,354
360610238043,1358,561,133525.0,27505.0,654,520,278
360610239001,1538,331,61250.0,20080.0,561,431,308
360610239002,1584,136,19179.0,5575.0,645,635,151
360610240000,0,0,,,0,0,0
360610240001,0,0,,,0,0,0
360610240002,1860,308,,,0,0,23
360610240003,0,0,,,0,0,0
360610241000,0,0,,,0,0,0
360610241001,1738,485,82006.0,22266.0,1041,407,44
360610241002,1751,701,75769.0,50665.0,682,537,266
360610241003,932,36,22386.0,10424.0,397,334,78
360610241004,2316,271,53913.0,32076.0,780,641,277
360610241005,1440,27,,,461,423,128
360610242000,0,0,,,0,0,0
360610242001,2408,96,35699.0,5702.0,868,868,721
360610242002,1543,0,18611.0,6553.0,492,492,748
360610242003,1201,119,61957.0,43644.0,392,392,254
360610243012,2444,513,79412.0,18526.0,962,914,121
360610243013,791,68,65536.0,11501.0,181,181,149
360610243021,2670,24,25705.0,5334.0,939,929,672
360610243022,2905,105,23438.0,8179.0,1065,1049,633
360810664012,1398,272,141941.0,67536.0,357,83,280
360810664023,1219,138,101875.0,11756.0,474,144,201
360810664033,1077,0,77978.0,33234.0,295,245,325
360810665012,952,626,71920.0,13349.0,415,183,172
360810667011,1896,912,94957.0,30212.0,587,216,520
360810669002,1074,861,73942.0,27467.0,343,198,335
360810677001,832,628,138750.0,42226.0,301,73,162
360810679002,2709,826,52773.0,10004.0,939,902,611
360810680002,1474,12,101607.0,18023.0,384,133,334
360810682001,592,11,82833.0,25070.0,204,48,125
360810683001,1500,308,39414.0,10411.0,703,558,248
360810687001,1174,465,46297.0,9136.0,611,463,127
360810697023,826,395,61307.0,12876.0,360,214,175
360810703002,1323,453,100125.0,29183.0,567,218,183
360810707003,1173,709,115000.0,52160.0,474,72,228
360810711001,1118,606,113357.0,17582.0,492,281,189
360810711004,1174,775,74661.0,31533.0,738,100,61
360810713033,1936,1031,89808.0,31616.0,838,636,407
360810713043,393,239,,,244,244,0
360810713052,1371,611,97413.0,9211.0,613,489,339
360810713061,1097,539,75819.0,29902.0,605,339,157
360810713064,936,285,99063.0,29617.0,348,265,204
360810717012,939,380,62549.0,18388.0,470,435,104
360810717021,2455,891,62150.0,18791.0,1127,520,308
360810719002,1248,428,48036.0,31243.0,555,303,114
360810721003,974,457,19101.0,16537.0,467,377,111
360810721005,849,468,40391.0,35750.0,407,217,197
360810723003,806,474,131125.0,71818.0,276,5,209
360810743002,699,322,62083.0,24572.0,240,137,159
360810743004,942,507,76515.0,37072.0,474,283,171
360810747001,1968,545,101042.0,22333.0,703,268,386
360810749002,692,363,178750.0,68156.0,238,70,194
360810757013,1348,640,128810.0,21645.0,672,70,208
360810757023,2087,719,84869.0,32584.0,959,198,558
360810769021,1158,403,80250.0,12142.0,581,452,210
360810773003,495,321,99875.0,27002.0,265,58,79
360810775003,367,222,77417.0,41035.0,226,204,55
360810779023,1064,1000,91333.0,21514.0,292,43,486
360810779031,513,76,88914.0,17848.0,211,148,98
360810779041,953,351,56181.0,54021.0,280,81,181
360810779044,1487,1189,66250.0,60063.0,381,102,769
360810779052,578,72,95000.0,7723.0,318,75,42
360810779071,2017,1033,48125.0,46782.0,580,437,671
360810779082,1240,60,44342.0,26570.0,494,484,358
360810799002,2230,91,31058.0,16435.0,612,454,542
360810803013,1183,7,56474.0,18714.0,294,104,229
360810803023,1746,72,,,469,349,307
360810809003,407,295,,,108,14,176
360810809006,1361,265,39618.0,15422.0,635,349,175
360810814002,1687,0,117854.0,24692.0,379,89,398
360810818002,954,108,,,296,147,282
360810837001,2303,272,59000.0,36520.0,662,198,345
360810837004,0,0,,,0,0,0
360810838002,957,59,,,260,190,151
360810840001,1298,92,70050.0,21852.0,409,153,266
360810840004,726,64,97115.0,72825.0,246,7,90
360810845002,1569,118,37339.0,30225.0,598,584,246
360810846012,1643,336,91520.0,23734.0,457,88,326
360810849012,694,13,82822.0,53113.0,248,213,7
360810853001,2039,3,43000.0,26462.0,820,441,391
360810863001,1211,73,31053.0,21432.0,526,501,95
360810863004,3263,148,59148.0,6305.0,1105,717,504
360810865001,2305,102,55109.0,27692.0,980,922,225
360810869001,1372,34,,,609,531,154
360810871001,217,0,,,105,54,10
360810884001,713,611,93140.0,81837.0,344,168,80
360810884004,1210,1137,233444.0,48271.0,464,38,100
360810884007,1103,636,52571.0,26337.0,378,35,318
360810889022,1459,154,51417.0,36659.0,689,293,41
360810889031,1032,109,,,290,238,142
360810892011,676,638,120764.0,24967.0,249,27,15
360810892014,1802,1730,,,496,41,566
360810892017,476,476,,,159,30,169
360810907000,0,0,,,0,0,0
360810916021,0,0,,,0,0,0
360810916032,417,376,93854.0,22381.0,127,0,182
360810922003,372,231,153542.0,120462.0,143,0,83
360810925002,1167,256,42583.0,19678.0,343,193,347
360810928001,1272,1242,162955.0,86917.0,416,44,149
360810929000,0,0,,,0,0,0
360810929003,848,228,58480.0,40967.0,308,176,213
360810934010,0,0,,,0,0,0
360810934013,883,810,75023.0,17042.0,437,229,181
360810934022,887,671,100870.0,45311.0,374,138,189
360810938001,1667,832,51563.0,20939.0,812,772,414
360810939000,0,0,,,0,0,0
360810939003,1212,485,86359.0,36543.0,305,120,436
360810942012,1140,79,34141.0,27178.0,522,510,244
360810942021,2315,569,50071.0,33143.0,816,291,774
360810942030,0,0,,,0,0,0
360810942033,1003,385,41974.0,37503.0,494,254,130
360810945000,0,0,,,0,0,0
360810972043,996,93,55764.0,18332.0,401,221,249
360810972061,2117,53,30727.0,10277.0,761,722,780
360810972071,0,0,,,0,0,0
360810973002,494,326,83214.0,30097.0,208,82,60
360810981001,1075,847,100536.0,18093.0,394,0,255
360810987001,1618,1320,109297.0,22596.0,541,105,367
360810991001,2124,1118,75455.0,18077.0,874,68,506
360810991004,1659,1514,90377.0,51502.0,444,28,422
360810992001,3197,353,28406.0,4178.0,1085,959,1017
360810997012,639,468,83250.0,79438.0,287,0,86
360810997031,1130,411,121442.0,33212.0,365,200,203
360810997041,977,536,84500.0,57077.0,530,11,88
360810997044,356,286,86250.0,42495.0,175,0,80
360810997051,2791,1017,115547.0,15564.0,939,274,369
360810998013,2938,119,65685.0,52673.0,729,682,749
360810998020,0,0,,,0,0,0
360811010032,751,111,134800.0,107482.0,134,134,119
360811010041,2229,664,,,562,291,845
360811010044,0,0,,,0,0,0
360811017002,455,275,103281.0,41989.0,186,28,89
360811017005,514,238,,,195,55,99
360811029001,1773,1388,91579.0,8815.0,792,313,331
360811032012,1672,57,60457.0,21186.0,389,340,619
360811032022,1617,1601,68904.0,14204.0,411,132,681
360811033001,1808,805,81917.0,26776.0,541,273,349
360811033004,1282,438,87328.0,36719.0,314,131,249
360811039003,866,242,37123.0,11377.0,310,249,121
360811047002,1481,490,64205.0,39508.0,504,249,336
360811047005,1034,355,60583.0,39832.0,465,239,91
360811059003,453,294,82500.0,52016.0,166,9,120
360811072011,2257,1849,89306.0,32777.0,813,176,568
360811113002,1001,412,84250.0,31234.0,303,91,244
360811123002,1116,513,107303.0,13487.0,427,330,257
360811129002,583,322,116641.0,61927.0,179,0,135
360811133002,848,332,110170.0,27028.0,293,65,185
360811139003,922,369,73026.0,37277.0,416,208,176
360811147001,743,301,89205.0,13040.0,243,31,154
360811155001,1488,566,66771.0,41094.0,517,233,288
360811157002,1418,227,39402.0,14928.0,556,509,232
360811159002,1176,101,45556.0,26352.0,350,125,346
360811161002,2912,245,29740.0,13059.0,1076,729,464
360811163013,1921,210,35054.0,10169.0,559,408,239
360811167001,1894,74,42438.0,24624.0,585,461,454
360811171003,924,109,59464.0,17799.0,334,260,123
360811175003,661,216,60323.0,16147.0,286,120,86
360811175005,638,172,87841.0,46864.0,194,91,197
360811185001,1088,64,56875.0,32403.0,327,280,173
360811205002,1232,47,16223.0,5615.0,607,507,210
360811207021,0,0,,,0,0,0
360811215002,1343,181,67500.0,34391.0,364,97,292
360811223002,794,285,146125.0,100018.0,245,9,148
360811227022,1790,168,,,1010,990,273
360811227025,704,71,90750.0,88057.0,171,59,141
360811227033,863,590,60972.0,46788.0,465,264,140
360811227041,1662,470,,,1047,861,51
360811227043,1272,70,63320.0,17353.0,396,204,161
360811241003,1597,325,,,510,300,263
360811247003,1160,603,101174.0,16291.0,377,77,265
360811257003,815,139,53421.0,21285.0,200,141,154
360811267001,2930,1322,110500.0,60097.0,234,148,121
360811277001,605,406,100813.0,34382.0,216,0,105
360811277004,1373,1006,123182.0,48063.0,396,65,356
360811291022,951,722,121196.0,10191.0,285,7,311
360811333004,1478,833,73850.0,35653.0,455,164,340
360811341002,1346,407,104833.0,42310.0,356,128,321
360811347012,1845,304,77209.0,30261.0,636,636,369
360811347022,2390,449,60567.0,16140.0,892,835,564
360811367002,306,246,81548.0,64874.0,248,0,0
360811367004,1761,711,73690.0,23253.0,790,102,162
360811377001,1830,418,79433.0,29288.0,698,526,199
360811377004,952,200,69246.0,30933.0,309,28,118
360811385013,964,189,105750.0,72915.0,320,256,207
360811399001,411,75,120208.0,41997.0,162,7,43
360811403002,1338,478,66799.0,24442.0,421,12,243
360811409022,1185,203,109688.0,21074.0,363,90,283
360811417003,657,205,60511.0,10221.0,265,58,14
360811429001,732,452,99688.0,22313.0,212,42,238
360811429004,435,174,150703.0,119139.0,129,21,70
360811467001,859,338,69432.0,50244.0,433,318,192
360811471001,2227,1077,80313.0,67049.0,711,369,404
360811479002,1490,857,65074.0,6762.0,760,331,198
360811483001,892,222,102692.0,61617.0,302,108,181
360811483004,739,637,176000.0,40238.0,258,0,180
360811507013,679,391,109375.0,53250.0,298,49,122
360811507023,995,750,61833.0,40125.0,494,190,44
360811529012,3183,440,70044.0,7174.0,1162,387,476
360811529022,521,127,140917.0,49180.0,167,0,37
360811551011,2249,2132,75742.0,35621.0,1609,101,0
360811551033,1731,557,132933.0,48369.0,582,153,517
360811551042,2061,664,139767.0,82468.0,463,146,207
360811571012,1081,121,85203.0,41705.0,338,156,249
360811571015,1276,409,110781.0,90827.0,413,21,117
360811571018,537,77,120417.0,9838.0,196,25,120
360811579033,1679,229,96818.0,44416.0,386,44,278
360811617002,687,404,150333.0,59044.0,206,24,129
360811621001,1156,187,136094.0,82711.0,295,71,267
360811621004,794,254,109107.0,35605.0,243,0,155
360810001012,2003,873,154017.0,28424.0,890,512,513
360810001031,0,0,,,0,0,0
360810002002,1564,163,67212.0,23693.0,525,259,191
360810004003,1455,36,69393.0,12219.0,367,201,411
360810006003,1445,22,94539.0,12748.0,321,153,368
360810007021,1015,408,96020.0,39908.0,599,527,87
360810008001,1594,100,69167.0,27392.0,454,150,329
360810010002,2649,168,99688.0,25093.0,531,254,815
360810012002,956,191,87083.0,11838.0,367,284,136
360810014002,1422,133,,,405,103,124
360810016002,1190,115,93036.0,26984.0,319,44,102
360810019011,996,394,151705.0,58798.0,489,367,220
360810020001,1577,166,93264.0,18785.0,435,212,277
360810031001,676,241,75347.0,25339.0,287,256,39
360810032001,1783,253,,,513,188,479
360810033022,614,109,,,250,147,68
360810036001,1725,342,85750.0,11694.0,497,352,382
360810038001,724,51,108672.0,17992.0,207,147,162
360810040011,1133,329,82212.0,21274.0,355,212,189
360810042001,1508,220,67125.0,39769.0,457,265,375
360810043001,2162,50,19504.0,7241.0,1074,1074,459
360810044012,1944,226,75917.0,24244.0,481,262,517
360810045003,1377,934,66108.0,23753.0,847,88,124
360810047002,2319,72,28564.0,5160.0,1066,1066,671
360810051002,522,205,89286.0,39840.0,238,227,87
360810053001,728,509,97679.0,29197.0,417,363,29
360810053004,1510,776,86667.0,38875.0,700,617,103
360810054003,2169,235,101250.0,37025.0,591,124,412
360810057001,1813,977,94219.0,15553.0,731,703,188
360810062021,0,0,,,0,0,0
360810062024,890,396,60721.0,28075.0,356,218,207
360810062027,1516,534,51692.0,51691.0,596,485,367
360810063003,1488,910,93631.0,21347.0,833,807,114
360810065012,1178,691,119674.0,29198.0,564,492,76
360810065022,877,397,82313.0,6078.0,450,401,24
360810069002,1848,951,90152.0,37681.0,567,369,230
360810071002,625,344,82566.0,20282.0,347,328,57
360810071004,963,590,99803.0,70997.0,549,516,8
360810073003,1096,792,91979.0,37316.0,593,513,33
360810075003,1008,790,112171.0,76425.0,397,324,173
360810079002,697,419,54653.0,47224.0,357,198,68
360810083002,1656,380,83229.0,35282.0,620,559,301
360810086001,1545,346,62438.0,38816.0,509,167,345
360810087002,903,334,30972.0,14752.0,494,494,164
360810088002,1791,558,101591.0,43528.0,558,133,483
360810091002,1230,706,76116.0,2828.0,589,408,160
360810100002,2361,338,97768.0,76727.0,745,128,313
360810102001,1306,84,89327.0,14300.0,345,117,230
360810103002,892,484,86923.0,22855.0,392,290,115
360810104001,1740,90,54688.0,32988.0,538,301,312
360810105002,1143,280,54364.0,33820.0,341,341,283
360810105004,1060,543,109000.0,43654.0,324,242,218
360810107010,0,0,,,0,0,0
360810108002,1440,48,78871.0,9217.0,368,175,306
360810111001,1864,744,108125.0,32733.0,717,529,343
360810112002,1037,278,70500.0,45428.0,326,177,165
360810113003,772,606,152632.0,97374.0,260,138,138
360810115002,681,506,96417.0,38403.0,269,111,66
360810117001,784,529,101964.0,81710.0,341,250,56
360810117004,1173,787,101971.0,51154.0,425,293,130
360810119001,698,298,62222.0,31504.0,300,239,118
360810120001,1189,87,84792.0,69823.0,275,150,280
360810121002,812,532,88125.0,29606.0,300,195,151
360810130001,600,457,41720.0,22080.0,312,218,61
360810132002,1208,241,96875.0,59828.0,265,134,338
360810134003,1033,396,47649.0,7362.0,641,414,164
360810136001,1043,563,74821.0,16971.0,445,270,248
360810138001,1776,878,64932.0,11444.0,812,491,311
360810140002,1559,988,77167.0,22324.0,578,378,377
360810142011,2304,135,48214.0,42414.0,704,497,502
360810142022,799,54,86544.0,54765.0,169,77,134
360810144001,1971,131,57115.0,21057.0,538,341,514
360810147001,1003,737,82596.0,13737.0,427,312,102
360810147003,1077,627,67424.0,34139.0,568,526,152
360810149002,635,382,74688.0,52427.0,278,278,47
360810151001,1010,579,91632.0,30790.0,471,347,129
360810152002,1520,65,59167.0,24586.0,360,189,443
360810154001,760,37,78667.0,2106.0,214,81,138
360810155002,884,427,140852.0,15861.0,272,192,75
360810163001,495,265,58620.0,11619.0,279,188,29
360810164001,1713,1,112679.0,17578.0,380,84,421
360810166002,1468,0,65119.0,23396.0,440,150,174
360810169001,1297,864,82829.0,9916.0,577,386,303
360810169003,1201,365,58167.0,5543.0,581,441,108
360810170002,902,20,59327.0,18587.0,263,55,194
360810172001,1170,59,51971.0,10013.0,370,49,214
360810174002,1361,6,105000.0,24120.0,388,73,202
360810178001,985,37,83438.0,37646.0,281,71,188
360810179021,11,6,,,5,0,0
360810181012,1021,449,70417.0,11527.0,615,597,10
360810181022,818,412,79250.0,10299.0,442,400,121
360810182002,1183,13,70793.0,14505.0,370,54,257
360810183003,1454,654,104487.0,23657.0,612,451,278
360810184011,1999,0,66979.0,26503.0,645,284,469
360810185011,913,600,49107.0,43694.0,463,357,105
360810192001,763,30,65238.0,23514.0,258,97,104
360810194002,1857,39,72250.0,18925.0,478,108,422
360810196002,1372,6,78393.0,17969.0,318,147,355
360810198003,786,0,71328.0,24380.0,191,102,172
360810199021,0,0,,,0,0,0
360810202001,1688,10,92115.0,40151.0,396,57,371
360810205001,357,15,,,90,45,84
360810208001,1753,566,50368.0,49666.0,449,287,575
360810212002,1801,269,51840.0,27733.0,467,342,459
360810214003,3183,0,52888.0,41770.0,650,461,1119
360810216013,43,22,,,0,0,0
360810216032,0,0,,,0,0,0
360810220012,2344,575,80036.0,33629.0,1022,1022,255
360810220021,1031,718,250001.0,-333333333.0,270,40,188
360810220023,1983,727,56758.0,35181.0,717,546,566
360810230001,1191,224,111597.0,21347.0,285,89,189
360810240003,2120,59,41027.0,7780.0,625,625,538
360810243003,1548,318,56779.0,33426.0,509,277,185
360810245002,1241,554,47419.0,21121.0,680,592,95
360810246001,0,0,,,0,0,0
360810249002,1429,274,64263.0,6574.0,547,447,206
360810251002,461,130,,,237,135,82
360810253011,711,392,71544.0,19978.0,327,281,159
360810253014,1175,341,56500.0,20937.0,526,481,265
360810253022,1063,317,73438.0,29419.0,466,386,177
360810254021,1624,0,,,587,436,347
360810255001,1555,340,77019.0,11797.0,480,333,326
360810258002,1192,3,71563.0,38176.0,258,101,314
360810260001,912,31,38009.0,8735.0,275,251,338
360810261002,1900,0,71076.0,29826.0,523,523,571
360810262001,1365,16,76875.0,18162.0,385,133,290
360810263003,1838,463,112500.0,68312.0,484,402,259
360810270001,2002,275,128050.0,44327.0,407,91,505
360810271013,2259,120,69911.0,23938.0,752,534,471
360810272001,965,0,72969.0,24259.0,293,120,130
360810273011,1132,0,66941.0,36454.0,295,228,171
360810273022,1191,28,39141.0,22093.0,501,487,193
360810275001,1436,292,53466.0,10407.0,783,92,108
360810276001,1455,58,84779.0,31809.0,413,74,264
360810277021,708,66,98333.0,36602.0,340,15,62
360810278001,630,10,,,207,59,94
360810279002,2772,108,65705.0,12425.0,822,710,548
360810280001,1589,23,71071.0,21641.0,484,218,304
360810281003,1171,550,,,570,101,106
360810283001,922,173,75625.0,33104.0,320,220,122
360810283004,1112,160,68117.0,34609.0,534,309,300
360810284001,2810,7,66408.0,12483.0,878,318,574
360810285002,1121,686,97417.0,34293.0,573,165,213
360810291003,2434,320,64811.0,13694.0,681,576,381
360810294001,2432,0,88836.0,18497.0,681,400,955
360810294004,1207,0,59848.0,16317.0,634,515,100
360810295001,1572,624,77163.0,5643.0,876,157,119
360810297002,1079,102,56023.0,26463.0,330,205,228
360810306002,478,9,101500.0,77137.0,174,22,113
360810306004,1535,27,78889.0,36904.0,352,101,503
360810309032,1278,244,63750.0,48364.0,464,162,171
360810309041,1064,326,98906.0,66403.0,375,264,187
360810309052,2568,219,74186.0,30310.0,874,587,707
360810309063,1161,284,56929.0,21524.0,400,326,109
360810317003,979,772,106976.0,52659.0,399,78,48
360810320001,1079,14,85714.0,17000.0,338,139,92
360810320004,947,9,68827.0,15591.0,270,201,265
360810328001,1243,6,71667.0,9229.0,364,135,293
360810329001,1945,227,,,463,124,178
360810334051,2119,42,59724.0,22888.0,1272,939,360
360810337002,1140,167,126600.0,10623.0,394,96,219
360810339003,955,424,,,303,124,303
360810351001,591,68,,,204,120,101
360810352001,1265,14,113661.0,28020.0,389,53,195
360810353002,949,6,107404.0,76180.0,361,176,153
360810357003,1233,293,109464.0,73540.0,193,68,139
360810358003,1331,0,95114.0,16632.0,378,107,339
360810361002,1221,5,47361.0,17222.0,295,219,307
360810363002,807,0,74732.0,18427.0,227,154,232
360810366001,1646,0,69000.0,12027.0,586,246,319
360810367002,1355,84,56761.0,22642.0,453,230,250
360810371001,1211,40,62266.0,9313.0,467,66,249
360810375011,1482,22,56941.0,16727.0,285,210,422
360810376001,1022,0,77614.0,19225.0,295,88,171
360810376004,1306,0,108295.0,69784.0,373,147,188
360810394001,1368,8,101250.0,46553.0,322,87,223
360810398001,992,12,88375.0,67318.0,287,71,234
360810399011,1488,0,75398.0,14931.0,303,225,557
360810400001,883,11,100774.0,31467.0,260,56,143
360810401012,1780,0,51604.0,11161.0,410,235,174
360810402001,768,12,131250.0,47644.0,233,20,134
360810403012,1554,17,45789.0,42438.0,370,314,466
360810404002,1210,18,45352.0,12043.0,565,390,209
360810405011,1087,0,78929.0,48586.0,240,215,192
360810407012,1598,18,46071.0,16418.0,418,408,458
360810407023,1513,21,99091.0,26433.0,306,250,392
360810409021,1385,0,56063.0,9885.0,347,320,465
360810411002,1840,20,62308.0,41789.0,522,225,452
360810413003,1577,0,56442.0,19806.0,286,191,551
360810414003,1369,23,67625.0,16759.0,400,198,336
360810415002,2002,70,34694.0,30786.0,632,405,363
360810440002,789,15,67054.0,65020.0,226,151,212
360810443012,2090,62,39896.0,19256.0,665,633,585
360810443023,2875,24,55820.0,10951.0,833,584,677
360810444003,656,23,56875.0,44543.0,162,126,158
360810446021,2515,16,37668.0,9778.0,663,663,895
360810448001,1986,98,78875.0,35514.0,597,409,453
360810450002,1369,181,76563.0,36042.0,383,170,348
360810454002,3349,114,74153.0,40331.0,963,499,783
360810455002,2811,253,66380.0,26859.0,953,953,462
360810455005,3488,733,46195.0,10617.0,1067,1067,931
360810457001,1523,267,67083.0,19359.0,416,238,189
360810459001,2556,67,92632.0,28574.0,596,351,587
360810460002,2175,39,63917.0,11450.0,646,617,717
360810461002,1140,33,54100.0,10387.0,288,205,321
360810462003,2247,87,65599.0,9627.0,745,623,524
360810464001,2000,358,76354.0,32726.0,537,292,327
360810470001,1366,22,95086.0,38605.0,324,99,338
360810471002,1879,78,52202.0,6364.0,648,468,332
360810472003,1568,206,58571.0,18846.0,530,449,138
360810473003,1413,210,70313.0,15338.0,583,266,284
360810476001,647,293,151635.0,40591.0,215,42,84
360810478012,2140,737,63750.0,53152.0,933,423,325
360810479001,3195,88,66583.0,27261.0,954,612,773
360810480001,1621,13,83274.0,42773.0,500,119,176
360810481002,2684,27,63750.0,54507.0,668,588,528
360810482001,1289,144,75667.0,14452.0,422,189,169
360810484001,1654,31,109534.0,24249.0,405,74,231
360810484004,1490,62,95817.0,52776.0,412,110,434
360810485003,2240,202,65136.0,30377.0,696,339,414
360810492011,1570,117,79318.0,24102.0,648,634,408
360810493011,1104,458,88250.0,54364.0,381,95,185
360810493022,1679,513,72083.0,19125.0,482,262,448
360810505001,1716,845,80536.0,40492.0,525,214,426
360810507001,1506,842,46776.0,20167.0,580,296,233
360810508002,722,35,65446.0,58330.0,303,119,113
360810510002,584,0,48750.0,33319.0,179,23,127
360810512001,1382,10,98250.0,62614.0,269,42,294
360810513001,1411,619,99219.0,19260.0,429,120,366
360810515002,1864,1439,83393.0,21225.0,635,121,577
360810516002,1189,78,109911.0,15697.0,333,57,222
360810518001,881,0,88393.0,55443.0,229,6,66
360810521001,866,624,114044.0,29378.0,245,40,274
360810524001,867,0,103485.0,19186.0,256,27,150
360810525002,1014,274,63417.0,28361.0,303,113,230
360810528001,1480,0,77083.0,29747.0,462,152,255
360810530002,1069,41,83438.0,23889.0,288,27,174
360810531003,526,185,86989.0,26187.0,203,159,104
360810534011,1029,0,100250.0,29014.0,304,44,156
360810542002,1603,238,130667.0,70271.0,348,58,465
360810545001,1273,613,59635.0,25338.0,549,370,128
360810547001,1347,603,54880.0,37731.0,454,362,244
360810548001,842,9,70125.0,36419.0,279,97,129
360810549002,1742,459,79861.0,10810.0,455,430,512
360810551001,899,460,84702.0,22371.0,303,255,205
360810551004,852,467,87083.0,16516.0,364,348,89
360810553001,1316,114,67250.0,32592.0,399,351,321
360810554002,1545,294,78393.0,18039.0,409,251,352
360810556001,1368,74,102708.0,28967.0,422,63,226
360810557001,1619,478,80408.0,13184.0,577,504,364
360810558001,627,33,98056.0,62500.0,200,55,155
360810560001,983,164,91875.0,44944.0,245,55,247
360810562001,1627,347,74000.0,45531.0,530,36,258
360810566001,796,46,,,301,166,105
360810567002,1564,391,86080.0,31501.0,403,113,217
360810581002,1932,706,61646.0,12712.0,790,618,443
360810582003,1054,0,115221.0,19812.0,302,45,164
360810583002,1581,1051,79141.0,46419.0,523,363,371
360810585002,1288,874,89609.0,26612.0,530,415,161
360810587002,562,499,56736.0,33645.0,259,182,97
360810589002,1782,876,76906.0,15948.0,573,557,425
360810591001,1605,715,75583.0,9813.0,547,378,277
360810591004,1401,488,46194.0,24584.0,528,444,252
360810593002,2547,2016,79811.0,8742.0,1027,718,311
360810595011,851,456,62143.0,53562.0,288,231,187
360810595022,1621,409,70152.0,41414.0,528,465,439
360810598001,647,15,91373.0,10327.0,194,64,266
360810599002,768,381,78000.0,56708.0,296,82,121
360810601001,1392,889,78250.0,20305.0,435,246,463
360810606001,552,0,,,196,21,81
360810608001,1568,48,95288.0,38420.0,465,77,201
360810618002,1086,11,111316.0,30782.0,326,41,176
360810620001,1490,17,97554.0,16137.0,482,40,262
360810621003,1213,505,66128.0,10082.0,434,285,351
360810623001,771,652,75500.0,26029.0,298,198,235
360810625001,1265,824,98250.0,15673.0,361,118,236
360810626002,1227,0,113024.0,30091.0,367,32,286
360810627002,1573,664,72153.0,19192.0,547,399,354
360810629002,707,504,68864.0,48294.0,258,180,164
360810630002,582,17,101023.0,19525.0,198,18,82
360810633011,1608,1044,74805.0,29888.0,533,260,403
360810635001,833,580,87446.0,29730.0,325,128,185
360810637002,1362,930,99904.0,13304.0,416,104,441
360810638001,688,0,,,187,38,115
360810638004,1144,16,133600.0,45120.0,368,30,221
360810639002,606,209,60833.0,13103.0,234,168,111
360810645001,888,347,86875.0,73123.0,298,100,338
360810657032,845,599,99663.0,23747.0,301,159,213
360810659001,1221,1061,110893.0,49518.0,359,62,194
360810660002,2315,39,91146.0,12304.0,721,123,435
360810663012,1527,1155,106094.0,26803.0,566,43,290
360810034002,1427,59,73167.0,11782.0,392,173,334
360811033002,938,341,74238.0,45749.0,289,39,171
360811277003,671,527,231250.0,116641.0,198,0,189
360811417001,1348,401,65776.0,52362.0,368,55,279
360811551031,1575,938,115938.0,50084.0,638,172,444
360811617001,1459,450,86622.0,28134.0,535,44,186
360810151002,1572,933,61413.0,19122.0,714,577,192
360810152001,1386,19,78134.0,6254.0,386,164,287
360810153001,987,446,110096.0,40352.0,361,310,108
360810153002,935,544,85938.0,23038.0,446,389,56
360810154002,1156,84,91458.0,25368.0,317,205,144
360810155001,1385,730,91250.0,24662.0,529,424,188
360810156001,1399,25,74722.0,20993.0,340,97,249
360810156002,1577,59,69574.0,7806.0,398,170,377
360810157001,1278,437,62083.0,6780.0,588,572,140
360810158011,1497,27,73438.0,26836.0,407,144,239
360810158012,1023,2,81440.0,12866.0,358,69,187
360810158013,1471,0,130022.0,22631.0,269,47,398
360810158021,1134,8,62266.0,26136.0,309,81,92
360810158022,2225,11,93494.0,12827.0,513,102,531
360810158023,1270,87,57115.0,43298.0,376,277,406
360810159001,973,443,79306.0,51907.0,381,311,193
360810159002,902,510,80368.0,10846.0,412,399,191
360810159003,425,170,31293.0,7814.0,238,217,12
360810159004,1059,864,76250.0,13640.0,558,497,98
360810161001,1107,582,69662.0,23328.0,388,249,220
360810161002,1194,252,78750.0,7782.0,372,358,238
360810163002,718,39,16994.0,8286.0,329,329,202
360810163003,2209,124,23065.0,9653.0,1057,1057,235
360810164002,2369,48,80625.0,10389.0,568,97,461
360810166001,2372,76,62375.0,20908.0,603,252,455
360810168001,1836,38,96458.0,13364.0,465,187,441
360810168002,1569,9,105313.0,10136.0,396,56,308
360810169002,1734,788,93707.0,21425.0,736,490,321
360810169004,1341,395,53311.0,3366.0,663,270,168
360810170001,1849,7,80964.0,6227.0,438,80,450
360810171011,0,0,,,0,0,0
360810171021,22,0,,,0,0,2
360810172002,675,15,106563.0,30196.0,220,58,62
360810174001,916,29,62656.0,35802.0,264,41,219
360810176001,894,18,74196.0,47834.0,283,65,81
360810176002,1117,72,68598.0,24488.0,296,119,254
360810178002,1229,5,59583.0,13108.0,300,46,356
360810179011,1139,287,59417.0,18711.0,429,385,191
360810180001,1458,124,83239.0,9565.0,360,118,311
360810181011,1209,330,44630.0,27480.0,460,423,299
360810181013,1359,371,73103.0,23274.0,646,591,124
360810181021,943,514,62212.0,14109.0,631,538,32
360810729001,646,281,131836.0,27527.0,243,15,102
360810729002,695,302,155096.0,124367.0,252,50,136
360810731001,687,431,168542.0,35431.0,241,65,127
360810731002,848,599,104453.0,7495.0,289,87,227
360810737001,750,299,100000.0,34144.0,420,355,93
360810737002,1302,846,86848.0,24792.0,626,239,268
360810739001,694,318,106081.0,69085.0,402,247,95
360810739002,531,177,95104.0,27442.0,268,44,34
360810739003,1299,582,116797.0,35963.0,628,355,236
360810739004,1303,778,96083.0,90559.0,673,155,154
360810739005,1703,873,100385.0,47423.0,666,594,332
360810741001,686,319,64271.0,49274.0,290,144,41
360810741002,1104,440,73636.0,41164.0,662,332,99
360810741003,626,471,102000.0,48801.0,270,49,160
360810741004,641,379,97734.0,40375.0,375,89,56
360810743001,934,600,56748.0,15410.0,338,221,77
360810743003,1506,787,61103.0,18469.0,721,305,300
360810745001,2545,1205,56163.0,22378.0,1036,780,324
360810745002,1559,1049,54773.0,23602.0,502,419,446
360810747002,1395,299,102471.0,54600.0,529,282,202
360810749001,748,559,205417.0,85861.0,264,61,181
360810757011,1989,650,77818.0,30035.0,1000,567,474
360810757012,1358,824,116139.0,59079.0,741,292,126
360810757021,1571,755,86500.0,54581.0,814,290,186
360810757022,1751,1211,136375.0,51174.0,558,150,270
360810769011,2242,1022,53563.0,35562.0,1179,479,347
360810769012,1839,993,107639.0,35516.0,999,542,357
360810773001,951,521,73864.0,39965.0,440,257,102
360810773002,603,295,100575.0,17249.0,319,88,37
360810775001,1247,915,74133.0,23980.0,528,395,145
360810775002,599,458,145268.0,27716.0,233,106,45
360810779021,709,679,112500.0,40784.0,214,87,233
360810779022,1202,1164,147800.0,65075.0,388,0,389
360810779024,573,133,,,261,110,93
360810779025,1092,784,69091.0,33836.0,364,229,242
360810779032,1369,438,143221.0,82374.0,401,167,335
360810779033,1352,878,63468.0,25476.0,514,257,361
360810779042,1789,915,136700.0,64054.0,552,349,498
360810779043,1554,633,91771.0,29624.0,759,433,288
360810779051,2295,688,98185.0,27882.0,919,210,321
360810779061,1820,474,51604.0,21529.0,792,264,81
360810181023,1386,470,96875.0,28238.0,612,497,266
360810182001,1239,41,61625.0,12585.0,301,86,312
360810183001,1328,901,152949.0,56703.0,498,126,328
360810183002,1118,356,82865.0,15759.0,497,425,178
360810183004,1290,592,64814.0,22979.0,551,371,274
360810183005,936,480,86250.0,46531.0,428,410,148
360810184021,1155,78,61313.0,5744.0,339,108,230
360810184022,1244,0,122500.0,55973.0,274,27,256
360810185012,1412,518,87330.0,20677.0,681,210,190
360810185013,1052,346,47722.0,8361.0,472,382,143
360810185021,459,278,85000.0,55330.0,248,195,54
360810185022,1644,539,83864.0,17146.0,754,578,209
360810185023,958,607,107863.0,12722.0,503,400,68
360810186001,1847,25,68661.0,18861.0,545,142,368
360810187001,1224,203,71833.0,26673.0,410,308,203
360810187002,828,360,116705.0,54559.0,209,109,137
360810187003,870,443,96667.0,50812.0,366,137,123
360810188001,1364,16,71000.0,30802.0,402,148,256
360810189001,1101,221,44738.0,39322.0,403,251,199
360810189002,1430,263,91207.0,20833.0,512,396,330
360810189003,567,295,72679.0,44857.0,283,225,46
360810190001,1198,53,91528.0,26251.0,337,133,238
360810190002,1263,11,67193.0,11051.0,412,60,198
360810192002,1165,12,71458.0,28869.0,353,103,205
360810194001,1077,0,78000.0,23707.0,320,91,206
360810196001,1798,8,73750.0,14236.0,444,283,459
360810198001,1015,0,86513.0,35117.0,315,228,261
360810198002,1019,33,88636.0,33954.0,316,130,182
360810199011,186,64,55625.0,21799.0,98,75,9
360810199012,360,18,,,0,0,0
360810199022,0,0,,,0,0,0
360810199031,0,0,,,0,0,0
360810204001,962,38,53523.0,10236.0,284,215,198
360810204002,1171,2,54219.0,33697.0,414,269,220
360810205002,926,109,56944.0,13306.0,300,171,206
360810206001,1721,166,73438.0,21469.0,423,260,378
360810208002,1435,175,86250.0,41189.0,333,182,321
360810212001,695,0,44716.0,37268.0,208,166,70
360810214001,2070,331,36571.0,11380.0,982,803,376
360810214002,1470,154,102768.0,45074.0,535,257,140
360810216011,2545,1231,86377.0,5638.0,1307,674,317
360810779062,1742,1528,96815.0,24140.0,465,232,681
360810779072,1744,1583,36953.0,19827.0,387,303,862
360810779081,1808,330,61042.0,35274.0,570,521,255
360810788001,1230,83,109400.0,10385.0,340,51,187
360810788002,705,0,122917.0,91281.0,182,68,156
360810790001,1100,8,73875.0,11212.0,331,189,329
360810790002,1427,21,93466.0,28861.0,399,190,260
360810792001,941,0,91979.0,21287.0,277,81,180
360810792002,1547,15,53636.0,35516.0,508,168,422
360810793001,0,0,,,0,0,0
360810797011,1310,114,85331.0,16584.0,508,172,127
360810797012,2904,0,30579.0,18027.0,941,837,696
360810797013,0,0,,,0,0,0
360810797014,2455,278,30089.0,10633.0,1273,1129,303
360810797021,1742,121,42935.0,9563.0,614,420,335
360810797022,799,35,38125.0,17534.0,278,204,171
360810797023,0,0,,,0,0,0
360810797024,1718,72,51012.0,34598.0,523,411,346
360810799001,985,122,45435.0,39918.0,352,204,218
360810803011,1535,151,60806.0,5334.0,412,322,449
360810803012,1086,177,61875.0,22946.0,343,192,147
360810803021,933,107,64023.0,17768.0,295,123,153
360810803022,644,328,76250.0,15408.0,274,106,35
360810809001,1644,165,70690.0,43678.0,642,305,331
360810809002,751,255,,,317,54,108
360810809004,1080,1048,149375.0,99157.0,343,23,355
360810809005,709,373,46786.0,46187.0,332,129,122
360810809007,1066,587,85240.0,37527.0,187,29,217
360810814001,1337,0,92143.0,31754.0,344,91,444
360810814003,1464,0,89583.0,49758.0,303,110,351
360810818001,1585,42,99688.0,42752.0,334,124,285
360810818003,1545,0,69462.0,12141.0,403,145,179
360810837002,979,70,41146.0,20154.0,318,208,217
360810837003,1149,100,97383.0,76110.0,315,50,239
360810837005,967,228,52674.0,19496.0,325,173,267
360810838001,1536,55,97125.0,33693.0,483,172,321
360810838003,1434,82,106841.0,35077.0,375,36,280
360810838004,1067,270,,,344,66,79
360810840002,1462,86,84167.0,23585.0,444,156,250
360810840003,1376,286,142857.0,40573.0,348,143,235
360810840005,1286,37,,,434,44,225
360810216012,0,0,,,0,0,0
360810216021,1831,229,62485.0,15068.0,547,340,524
360810216031,0,0,,,0,0,0
360810219001,0,0,,,0,0,0
360810220011,531,476,168168.0,55885.0,125,12,137
360810220013,1129,396,87800.0,60393.0,456,244,229
360810220014,1897,214,79948.0,19400.0,1067,917,311
360810220022,2242,485,97418.0,34154.0,783,496,614
360810220024,2165,410,73897.0,16323.0,901,425,448
360810229001,0,0,,,0,0,0
360810230002,827,327,92625.0,26251.0,267,85,138
360810232001,1328,356,118005.0,40302.0,739,399,137
360810232002,1895,416,74631.0,36334.0,681,481,421
360810232003,2264,306,,,639,435,435
360810235011,2698,125,49523.0,19652.0,917,814,582
360810235012,2088,17,51884.0,17107.0,720,678,404
360810235021,1707,303,48500.0,25472.0,636,636,234
360810235022,1097,307,63167.0,37929.0,442,394,145
360810236001,1141,207,70511.0,18731.0,287,186,228
360810236002,1877,35,63500.0,16576.0,520,471,443
360810238001,558,0,,,157,157,160
360810238002,1191,28,45000.0,30778.0,350,299,221
360810238003,2072,30,60378.0,12557.0,697,697,444
360810238004,800,0,41602.0,31676.0,289,246,33
360810240001,2553,58,112949.0,87604.0,724,643,609
360810240002,2277,148,56210.0,16047.0,910,814,467
360810243001,691,222,41563.0,13324.0,264,123,74
360810243002,660,257,57405.0,23907.0,347,53,51
360810243004,1974,401,49792.0,38373.0,790,217,253
360810245001,1481,816,45068.0,13684.0,820,312,145
360810245003,357,26,,,142,70,109
360810245004,1293,187,76648.0,23539.0,382,142,295
360810247001,1394,155,52171.0,21542.0,469,350,212
360810249001,1965,369,56285.0,19556.0,735,502,211
360810249003,1602,82,76763.0,23047.0,557,443,328
360810251001,2191,1204,84015.0,11383.0,1062,100,309
360810251003,1974,362,98869.0,66923.0,638,514,357
360810251004,926,162,71351.0,20669.0,486,455,92
360810253012,1102,240,62083.0,11453.0,449,416,214
360810253013,957,339,52963.0,14487.0,490,453,79
360810253021,2139,430,62760.0,28668.0,733,610,572
360810845001,2198,227,22944.0,12084.0,1066,910,242
360810845003,1243,0,66563.0,9793.0,323,205,180
360810846011,1298,77,93558.0,20526.0,369,112,262
360810846021,992,60,77500.0,50177.0,200,78,197
360810849011,2161,15,33234.0,5912.0,713,645,594
360810849021,2557,104,,,880,842,502
360810849022,1837,0,,,695,649,175
360810853002,1592,258,45714.0,38140.0,602,440,106
360810853003,776,59,31208.0,21229.0,285,102,161
360810853004,1227,28,42366.0,17391.0,453,364,147
360810855001,1079,265,33882.0,29137.0,431,392,139
360810855002,1690,166,45550.0,24617.0,672,553,403
360810855003,2400,0,34991.0,5216.0,801,713,559
360810855004,1687,216,,,735,735,260
360810857001,1908,60,41786.0,17162.0,716,433,298
360810857002,1337,166,38813.0,20641.0,405,356,94
360810857003,1829,59,47000.0,19746.0,686,663,340
360810859001,1613,314,45819.0,11748.0,611,460,224
360810859002,1767,295,60088.0,23685.0,726,551,365
360810859003,1983,96,71233.0,11176.0,712,223,294
360810861001,1231,123,53250.0,9558.0,530,255,107
360810861002,890,0,42051.0,23616.0,266,197,103
360810863002,536,0,,,288,147,137
360810863003,1697,263,43512.0,39291.0,475,461,269
360810864001,1621,242,111167.0,48310.0,436,182,312
360810864002,1050,149,99375.0,20654.0,260,95,315
360810865002,1534,536,31822.0,15401.0,1055,740,50
360810865003,431,17,,,190,143,21
360810869002,268,53,,,82,54,72
360810871002,2625,68,35634.0,8834.0,1059,906,508
360810884000,0,0,,,0,0,0
360810884002,473,398,101667.0,64621.0,168,36,147
360810884003,775,724,,,397,69,128
360810884005,1390,1046,152515.0,77891.0,501,186,218
360810884006,1417,742,100518.0,14366.0,473,145,104
360810884008,1361,1067,83818.0,19305.0,500,186,294
360810889021,1229,339,72036.0,22051.0,466,104,332
360810889023,1198,156,32128.0,26946.0,593,556,89
360810889024,1298,11,49247.0,25679.0,474,445,323
360810889032,1864,263,73590.0,22260.0,696,15,160
360810889033,1940,116,52204.0,37441.0,813,110,330
360810892012,1634,1298,157361.0,113321.0,486,101,575
360810254011,2704,0,65395.0,35383.0,538,325,811
360810254012,1553,1,93975.0,19067.0,399,224,240
360810254022,1928,202,62063.0,35162.0,457,200,360
360810254023,2218,88,33057.0,10926.0,929,929,562
360810257001,1592,254,70852.0,20222.0,573,245,287
360810258001,987,6,64519.0,27410.0,239,51,129
360810259001,2337,509,75665.0,17479.0,807,552,318
360810259002,935,48,51744.0,15051.0,412,340,119
360810260002,1752,4,86125.0,10549.0,427,294,418
360810261001,1276,151,67857.0,24680.0,354,293,300
360810261003,2217,147,48512.0,21588.0,961,876,225
360810261004,1156,357,71012.0,36104.0,408,361,145
360810263001,1325,91,,,807,491,103
360810263002,2403,265,54524.0,19697.0,769,641,661
360810264001,1102,15,60568.0,17454.0,361,168,168
360810264002,1316,0,57143.0,10330.0,476,332,297
360810265011,1456,339,42404.0,19830.0,504,401,214
360810265012,1106,135,55329.0,19265.0,528,444,154
360810265021,1135,29,64750.0,13859.0,342,297,234
360810266001,1719,27,28500.0,10278.0,720,494,301
360810267001,1695,70,42431.0,6336.0,631,600,373
360810267002,1280,140,45356.0,31611.0,657,509,184
360810267003,1861,48,48906.0,12555.0,894,754,218
360810269011,2039,82,46250.0,18948.0,626,606,564
360810269012,1233,137,59688.0,12807.0,451,312,280
360810269013,938,46,79940.0,8969.0,289,277,179
360810269014,895,0,108009.0,70061.0,211,143,145
360810269021,1820,147,47986.0,4126.0,673,538,315
360810269022,1632,54,61550.0,24399.0,488,259,381
360810271011,1558,0,46527.0,3173.0,662,307,368
360810271012,1473,0,40764.0,31730.0,588,476,402
360810271021,2218,76,67188.0,27457.0,646,646,420
360810271022,1122,138,,,383,306,122
360810272002,1085,20,72917.0,20694.0,302,82,172
360810273012,1502,0,34469.0,18855.0,467,467,625
360810273021,746,98,,,236,35,236
360810273023,2663,0,46617.0,8297.0,725,712,632
360810274001,1688,0,54908.0,9358.0,621,70,371
360810275002,2509,155,45721.0,41459.0,797,718,380
360810275003,2380,51,41729.0,19271.0,567,380,498
360810277011,1177,8,61914.0,48250.0,459,410,174
360810892013,582,498,92188.0,74278.0,273,53,45
360810892015,554,390,65714.0,43996.0,258,71,0
360810892016,1374,1208,138043.0,25257.0,376,0,230
360810892018,691,517,125167.0,122543.0,330,0,67
360810892021,0,0,,,0,0,0
360810907001,1391,385,49659.0,30484.0,465,219,380
360810916020,0,0,,,0,0,0
360810916030,0,0,,,0,0,0
360810916031,0,0,,,0,0,0
360810916033,0,0,,,0,0,0
360810916034,1852,1697,94000.0,43749.0,660,43,241
360810916035,616,501,163125.0,106977.0,238,8,142
360810916036,642,602,150729.0,33700.0,270,0,94
360810916040,0,0,,,0,0,0
360810916041,0,0,,,0,0,0
360810918000,0,0,,,0,0,0
360810918001,12,12,,,7,0,0
360810919000,0,0,,,0,0,0
360810919001,1988,299,48594.0,19186.0,431,242,470
360810919002,2153,289,52759.0,11060.0,514,319,503
360810919003,1303,223,76852.0,17381.0,538,247,135
360810922000,0,0,,,0,0,0
360810922001,898,809,137105.0,44602.0,332,14,230
360810922002,725,695,135568.0,33971.0,304,17,164
360810925001,993,98,58271.0,19254.0,301,181,206
360810925003,1051,169,,,321,215,153
360810928000,0,0,,,0,0,0
360810928002,1116,1095,134091.0,22805.0,368,59,242
360810928003,1343,1215,157500.0,38167.0,420,52,435
360810929001,548,127,,,165,51,168
360810929002,732,156,44151.0,7893.0,265,156,87
360810929004,1076,398,65909.0,48195.0,328,118,306
360810929005,3792,633,67382.0,20808.0,1125,676,1142
360810934011,1890,1294,129286.0,36766.0,562,104,494
360810934012,1078,875,76944.0,22319.0,430,208,203
360810934020,0,0,,,0,0,0
360810934021,1479,964,68438.0,15599.0,613,421,199
360810934023,1903,1539,118125.0,38112.0,566,208,607
360810938000,0,0,,,0,0,0
360810938002,1630,1453,48649.0,23432.0,800,322,316
360810938003,1879,871,54136.0,20428.0,462,320,151
360810277012,2474,108,52921.0,15106.0,799,554,729
360810277022,1306,60,57774.0,13108.0,527,393,148
360810277023,2176,180,43996.0,14312.0,737,675,600
360810278002,1708,0,35391.0,19274.0,683,577,482
360810279001,1507,522,108203.0,57044.0,509,198,177
360810279003,1256,200,34155.0,33000.0,616,522,76
360810279004,674,340,63824.0,35016.0,386,126,68
360810281001,1811,387,61728.0,38222.0,538,430,484
360810281002,1417,461,51097.0,20330.0,687,424,249
360810281004,994,336,74643.0,25388.0,498,357,43
360810282001,1935,23,71000.0,33794.0,524,238,658
360810283002,2035,663,68646.0,23031.0,1021,738,470
360810283003,1340,141,,,463,310,202
360810283005,1875,465,69476.0,24070.0,817,676,330
360810284002,1244,18,93150.0,5263.0,363,176,296
360810285001,674,263,188173.0,11341.0,246,55,143
360810285003,1997,557,59868.0,44718.0,716,476,485
360810285004,1008,168,39643.0,29214.0,454,394,188
360810287001,1515,701,60905.0,14087.0,609,386,354
360810287002,586,267,73750.0,47486.0,346,108,95
360810287003,1953,670,54294.0,21886.0,993,547,226
360810287004,2408,466,65186.0,25703.0,967,825,616
360810288011,1435,25,84375.0,42601.0,417,122,296
360810288012,1277,8,65066.0,32185.0,301,108,325
360810288021,1182,7,84028.0,18119.0,298,124,298
360810288022,788,19,88893.0,19914.0,318,0,94
360810288031,0,0,,,0,0,0
360810289001,1041,219,70714.0,24162.0,382,285,248
360810289002,1032,78,41875.0,31173.0,376,240,242
360810289003,3177,1587,82697.0,27575.0,1072,738,916
360810291001,2159,258,53217.0,21250.0,829,490,592
360810291002,1138,103,72545.0,32886.0,465,331,169
360810291004,759,34,114271.0,65613.0,249,183,141
360810293001,1123,141,62167.0,9146.0,340,207,240
360810294002,477,0,118750.0,44556.0,138,16,60
360810294003,588,38,74038.0,68133.0,238,169,154
360810294005,1056,0,,,336,165,179
360810294006,1159,8,152775.0,133231.0,233,89,339
360810295002,2103,475,70710.0,3312.0,748,557,422
360810297001,927,550,92941.0,25244.0,314,88,169
360810299001,0,0,,,0,0,0
360810306001,97,0,,,0,0,20
360810939001,3345,878,85769.0,33251.0,996,473,988
360810939002,1328,452,67228.0,32632.0,377,204,335
360810942010,0,0,,,0,0,0
360810942011,1848,619,99023.0,35230.0,747,484,205
360810942020,0,0,,,0,0,0
360810942022,2085,91,22885.0,9978.0,938,769,604
360810942023,1079,316,60750.0,18436.0,381,99,374
360810942031,2025,1000,100339.0,44684.0,766,377,417
360810942032,1194,509,80735.0,44629.0,408,157,215
360810942034,1294,774,36601.0,2199.0,680,505,249
360810942035,779,554,,,438,333,35
360810945001,2288,1110,75172.0,28738.0,673,268,545
360810945002,1366,739,74323.0,27047.0,499,51,224
360810947001,1075,324,56500.0,39729.0,352,196,199
360810947002,1020,184,67303.0,19690.0,347,195,185
360810954000,0,0,,,0,0,0
360810954001,2226,31,62019.0,44174.0,649,323,726
360810954002,1424,188,84219.0,27699.0,300,157,404
360810954003,2605,471,72756.0,9850.0,855,481,815
360810964000,0,0,,,0,0,0
360810964001,2948,167,63625.0,20382.0,979,373,867
360810964002,3929,569,102672.0,18681.0,1188,471,923
360810972020,0,0,,,0,0,0
360810972021,3282,100,25568.0,9702.0,1178,1171,1026
360810972041,1840,308,65889.0,9096.0,291,173,642
360810972042,1136,0,36731.0,12752.0,452,452,245
360810972051,1737,198,24369.0,11083.0,636,636,495
360810972052,1786,20,26348.0,11921.0,540,540,570
360810972062,1217,49,103398.0,90036.0,510,408,344
360810972070,0,0,,,0,0,0
360810973000,0,0,,,0,0,0
360810973001,731,533,138750.0,54693.0,241,23,139
360810973003,722,495,102000.0,64559.0,256,6,121
360810981000,0,0,,,0,0,0
360810981002,1142,621,80909.0,22263.0,356,135,236
360810987000,0,0,,,0,0,0
360810987002,880,635,60455.0,20998.0,362,141,112
360810991000,0,0,,,0,0,0
360810991002,1509,1139,85377.0,27723.0,760,149,255
360810991003,454,454,,,152,0,57
360810991005,1506,834,145049.0,50639.0,577,132,233
360810306003,1148,1,117350.0,70102.0,341,77,181
360810306005,1725,134,81741.0,54694.0,437,115,500
360810309031,1303,101,91771.0,24835.0,392,127,225
360810309033,1320,102,76154.0,22693.0,372,212,255
360810309034,1455,42,69107.0,30713.0,475,155,263
360810309042,1737,420,62407.0,21975.0,650,365,279
360810309051,285,118,,,156,51,0
360810309061,780,108,60845.0,37673.0,353,212,102
360810309062,1308,383,61591.0,22617.0,356,253,242
360810317001,0,0,,,0,0,0
360810317002,2216,1217,73681.0,32539.0,629,424,683
360810317004,807,749,60000.0,40006.0,502,71,75
360810317005,1214,1123,50858.0,13127.0,543,270,176
360810320002,1115,103,40469.0,2906.0,39,33,435
360810320003,1485,5,92353.0,37967.0,416,160,420
360810327001,2042,176,44360.0,11172.0,536,290,417
360810327002,1286,90,59107.0,18127.0,337,219,305
360810328002,808,13,114583.0,51292.0,217,100,255
360810328003,683,6,76563.0,31534.0,205,71,127
360810329002,857,94,39878.0,22500.0,252,75,253
360810329003,588,103,68056.0,35586.0,182,38,109
360810330001,1619,0,88988.0,28892.0,471,229,312
360810330002,1291,8,81743.0,8085.0,353,62,266
360810330003,1970,25,110280.0,28061.0,587,116,335
360810330004,1145,0,69375.0,29292.0,313,36,420
360810330005,1229,9,68750.0,33777.0,311,126,233
360810331000,0,0,,,0,0,0
360810331001,0,0,,,0,0,0
360810334011,1102,0,75391.0,20319.0,309,88,324
360810334012,2611,44,100109.0,35207.0,896,376,611
360810334031,1931,0,47604.0,11520.0,958,856,307
360810334032,2418,0,46187.0,11144.0,1213,1038,585
360810334041,3008,0,39481.0,13899.0,1391,1365,967
360810334042,2212,73,53976.0,31575.0,1180,928,191
360810334052,484,41,,,246,46,29
360810337001,1467,88,102697.0,79399.0,441,98,172
360810339001,956,164,27458.0,17861.0,350,206,139
360810339002,755,172,71029.0,21455.0,394,28,55
360810347001,1060,59,54727.0,8081.0,369,190,193
360810347002,1780,170,61750.0,15360.0,520,300,290
360810351002,1817,278,64712.0,26152.0,888,103,183
360810992000,0,0,,,0,0,0
360810992002,1152,183,66815.0,56857.0,359,159,351
360810997011,1149,594,116538.0,49257.0,390,167,191
360810997013,946,779,88924.0,15192.0,473,15,118
360810997032,1191,780,83596.0,6288.0,760,80,105
360810997033,1160,659,95086.0,25969.0,534,241,264
360810997042,1274,716,56167.0,22964.0,706,319,162
360810997043,2620,1990,82280.0,37670.0,1052,177,584
360810997045,1688,988,70268.0,28913.0,1109,550,115
360810997050,0,0,,,0,0,0
360810998011,1042,93,156583.0,59288.0,275,82,136
360810998012,1468,89,48438.0,6350.0,335,304,495
360810998014,2185,54,68685.0,40015.0,1019,995,268
360810998015,998,14,53720.0,17954.0,276,170,304
360810998021,3083,223,66886.0,18003.0,731,668,1209
360810998022,1844,92,52381.0,9499.0,860,860,547
360810998023,1177,744,14353.0,2752.0,859,859,0
360810999001,0,0,,,0,0,0
360811008010,0,0,,,0,0,0
360811008011,698,486,101597.0,20508.0,177,13,255
360811008012,2010,488,112717.0,18792.0,492,123,497
360811008031,1982,297,40227.0,28217.0,642,447,548
360811008032,1658,186,52175.0,29868.0,559,275,436
360811008040,0,0,,,0,0,0
360811008041,2964,1077,62305.0,28919.0,939,453,905
360811008042,1879,788,111296.0,40909.0,494,204,586
360811010020,0,0,,,0,0,0
360811010021,2599,2419,104671.0,30759.0,612,141,1174
360811010022,2261,451,12351.0,11318.0,1022,871,570
360811010031,1648,140,42699.0,7744.0,487,441,486
360811010033,1994,995,,,517,422,804
360811010040,0,0,,,0,0,0
360811010042,2810,959,70470.0,29968.0,687,428,692
360811010043,1684,656,,,704,596,311
360811010045,888,64,31131.0,16648.0,454,454,218
360811017001,1111,455,81149.0,20641.0,328,62,330
360811017003,405,195,134444.0,69644.0,160,38,99
360811017004,1292,474,83493.0,40141.0,525,24,278
360811017006,1037,340,60820.0,12563.0,273,50,227
360811017007,1377,566,72604.0,37822.0,581,38,327
360811029002,1863,920,62802.0,35225.0,621,357,398
360810351003,1072,43,,,289,174,405
360810352002,1378,0,88438.0,14408.0,476,83,289
360810353001,1190,81,70139.0,27634.0,299,123,210
360810357001,1537,17,94375.0,39607.0,464,248,135
360810357002,737,51,44531.0,8294.0,242,84,224
360810358001,1016,24,53203.0,24934.0,327,137,179
360810358002,1434,38,107237.0,84211.0,416,234,205
360810358004,649,16,130278.0,42251.0,196,66,178
360810361001,975,52,74712.0,25363.0,339,151,112
360810363001,994,54,52273.0,7111.0,262,127,312
360810365001,1020,18,53047.0,13768.0,271,175,306
360810365002,1774,15,52250.0,18973.0,514,230,403
360810366002,1149,21,71250.0,26855.0,419,140,252
360810367001,743,27,41528.0,32864.0,197,36,187
360810368001,1532,0,81429.0,47091.0,432,122,337
360810368002,851,5,83571.0,35781.0,310,42,140
360810373001,1031,17,84135.0,34609.0,213,99,299
360810373002,1314,45,48393.0,19554.0,338,216,419
360810375021,1220,40,65938.0,20932.0,299,187,337
360810375022,1322,14,58550.0,7449.0,316,276,487
360810376002,1904,9,104922.0,46837.0,463,50,586
360810376003,701,19,103177.0,20179.0,269,145,131
360810376005,1289,0,69483.0,29876.0,416,117,396
360810377001,1989,5,80729.0,15972.0,353,296,596
360810377002,1907,12,69250.0,12856.0,389,232,675
360810379001,2053,13,80911.0,16719.0,421,283,492
360810379002,3037,37,71726.0,12290.0,628,551,791
360810379003,1231,8,60625.0,20212.0,359,309,226
360810381001,2048,55,73333.0,21020.0,512,255,259
360810381002,2678,181,58618.0,19560.0,547,391,783
360810381003,1987,0,53913.0,26124.0,562,380,467
360810383010,0,0,,,0,0,0
360810383011,0,0,,,0,0,0
360810383020,0,0,,,0,0,0
360810383021,0,0,,,0,0,0
360810384001,1280,5,81250.0,23008.0,382,107,271
360810384002,1051,6,89444.0,7720.0,336,54,217
360810394002,958,0,91250.0,14471.0,313,111,213
360810394003,558,7,80625.0,32703.0,212,60,66
360810398002,703,8,103580.0,22531.0,201,10,157
360810399012,987,0,89891.0,25961.0,226,145,231
360810399021,1391,170,39063.0,23465.0,378,325,403
360811032011,2502,126,47375.0,17046.0,739,517,636
360811032013,1807,175,25634.0,8270.0,625,597,632
360811032021,1690,136,85213.0,25771.0,333,235,525
360811032023,3832,1922,74991.0,20756.0,1089,965,1469
360811032024,1453,110,30893.0,11117.0,423,269,445
360811033003,708,513,98194.0,41806.0,219,36,184
360811039001,1382,333,43585.0,12629.0,580,401,222
360811039002,2315,1370,71250.0,24484.0,826,238,409
360811039004,1504,708,76219.0,33885.0,473,138,224
360811047001,552,147,,,232,111,59
360811047003,1989,362,66324.0,6803.0,677,304,176
360811047004,1682,419,64938.0,40043.0,721,256,187
360811059001,1044,699,77679.0,50788.0,321,91,268
360811059002,736,272,104125.0,41105.0,255,8,150
360811059004,1612,1060,137526.0,43592.0,462,12,457
360811072020,0,0,,,0,0,0
360811072021,0,0,,,0,0,0
360811085001,823,600,75227.0,43632.0,362,49,83
360811085002,873,269,44653.0,25308.0,293,209,236
360811085003,771,438,45781.0,19331.0,307,36,120
360811093000,0,0,,,0,0,0
360811093001,1039,271,145536.0,80103.0,355,19,213
360811093002,620,314,,,233,59,64
360811093003,1130,606,121827.0,97070.0,413,64,139
360811097001,557,352,102031.0,70021.0,187,0,96
360811097002,432,224,90250.0,47543.0,183,54,49
360811097003,687,290,110160.0,58756.0,260,74,75
360811099001,1565,738,67126.0,51467.0,551,65,381
360811099002,765,417,77344.0,35142.0,278,148,162
360811099003,823,333,60769.0,15081.0,340,98,117
360811113000,0,0,,,0,0,0
360811113001,778,393,94911.0,49190.0,225,48,213
360811113003,855,427,139167.0,20706.0,252,36,221
360811123001,969,241,117813.0,26619.0,294,177,247
360811129001,579,226,74598.0,14556.0,221,35,92
360811129003,958,410,90132.0,18823.0,338,180,223
360811133001,650,387,100139.0,27847.0,335,57,61
360811139001,839,314,66250.0,36842.0,332,39,97
360811139002,1828,458,61855.0,21400.0,701,579,466
360811141001,1516,664,130234.0,51996.0,549,86,268
360811141002,857,489,94875.0,41792.0,299,12,151
360810400002,626,0,128182.0,78488.0,202,25,112
360810401011,981,0,49890.0,30006.0,270,217,176
360810401021,2348,36,39939.0,11988.0,653,540,768
360810401022,2088,0,63233.0,27387.0,557,474,495
360810402002,789,0,77375.0,49312.0,253,14,159
360810403011,1585,0,61382.0,17727.0,341,323,586
360810403021,4156,26,56875.0,24382.0,1009,708,945
360810404001,697,0,98482.0,81078.0,173,29,142
360810404003,1013,0,,,309,134,124
360810404004,1175,84,91806.0,21057.0,341,10,244
360810405021,2178,76,90500.0,26516.0,468,418,569
360810407011,2183,163,53564.0,3829.0,472,470,801
360810407021,1952,0,68393.0,31769.0,350,243,566
360810407022,1045,0,51845.0,36352.0,251,202,278
360810409011,587,10,113661.0,58414.0,122,96,89
360810409012,1018,29,,,202,114,119
360810409022,1735,0,87901.0,15878.0,311,289,436
360810411001,2044,4,41442.0,27359.0,558,440,338
360810413001,1307,142,67200.0,13427.0,212,159,515
360810413002,1784,7,50938.0,15266.0,471,353,394
360810414001,2357,98,77116.0,7817.0,737,266,494
360810414002,742,20,54844.0,49894.0,246,206,227
360810415001,2257,120,52750.0,13423.0,607,488,400
360810424001,671,2,71250.0,17046.0,245,56,106
360810424002,970,4,67411.0,36656.0,347,96,143
360810424003,673,4,,,211,0,202
360810426001,470,165,,,0,0,0
360810427001,2011,169,37866.0,28086.0,714,592,536
360810427002,2721,99,64659.0,15763.0,658,503,800
360810432001,1227,0,80250.0,27224.0,372,93,262
360810434001,1841,78,92578.0,31522.0,555,67,409
360810437011,1479,75,39792.0,34111.0,321,262,407
360810437012,1528,321,81510.0,18572.0,381,285,305
360810437021,2614,407,74543.0,32472.0,959,322,440
360810437022,2241,22,37477.0,26193.0,510,447,866
360810437023,2083,101,44198.0,21778.0,640,515,476
360810439001,1523,71,40357.0,14403.0,496,376,415
360810439002,1888,54,55156.0,28179.0,511,398,654
360810440001,1535,0,51406.0,37395.0,389,211,487
360810440003,1841,49,70893.0,21311.0,513,323,417
360810443011,1690,37,18414.0,3682.0,579,533,466
360811147002,1093,544,82563.0,29533.0,379,67,216
360811151001,849,451,80625.0,19836.0,332,31,114
360811155002,878,34,54838.0,2050.0,213,200,189
360811157001,816,204,108162.0,24240.0,267,45,78
360811157003,773,40,38011.0,19778.0,333,188,72
360811159001,909,100,67500.0,20934.0,324,190,169
360811159003,1978,156,,,882,693,213
360811161001,1285,162,32917.0,19586.0,425,284,101
360811163011,1534,87,35714.0,31720.0,560,412,316
360811163012,1175,156,18973.0,9824.0,418,407,114
360811163021,1455,138,57344.0,10300.0,432,301,192
360811163022,2745,565,44844.0,25941.0,921,755,638
360811171001,474,232,50938.0,33289.0,203,61,33
360811171002,911,173,49000.0,14120.0,296,166,163
360811175001,906,230,80250.0,53550.0,393,186,153
360811175002,1214,355,55473.0,16536.0,558,485,99
360811175004,1290,330,104531.0,56817.0,329,96,298
360811181001,739,270,75063.0,22951.0,293,116,89
360811181002,893,338,65774.0,9011.0,333,261,238
360811185002,828,72,43194.0,9545.0,281,262,127
360811187001,1210,135,40583.0,14685.0,399,242,243
360811187002,1144,180,45682.0,15493.0,378,180,201
360811189001,1073,175,46607.0,10496.0,499,344,143
360811189002,884,133,50921.0,25552.0,266,79,147
360811191001,1943,188,41161.0,20871.0,619,395,366
360811191002,884,100,32222.0,16903.0,304,176,140
360811193001,1332,367,46500.0,26999.0,484,159,262
360811193002,775,61,47083.0,14085.0,274,222,213
360811195001,1305,419,92132.0,13428.0,383,119,228
360811199001,1482,322,92361.0,27291.0,457,112,187
360811201001,1506,284,70294.0,18265.0,376,181,262
360811203001,512,124,,,173,51,73
360811203002,921,54,63036.0,44030.0,271,156,86
360811205001,1355,92,45729.0,24207.0,382,173,294
360811207011,1592,264,99196.0,21006.0,489,135,232
360811207012,1517,579,102560.0,33839.0,469,30,334
360811211001,0,0,,,0,0,0
360811215001,1298,305,86464.0,17438.0,413,160,265
360811215003,1815,242,118304.0,19166.0,438,172,354
360811223001,1762,277,77904.0,10158.0,669,354,258
360811223003,956,543,73882.0,68097.0,381,16,110
360810443021,637,67,90750.0,63430.0,190,71,98
360810443022,592,11,40685.0,38215.0,199,150,89
360810444001,1733,0,25231.0,10754.0,527,393,391
360810444002,1304,114,69967.0,24668.0,301,148,311
360810446011,2029,21,49243.0,16350.0,647,412,417
360810446012,1637,14,34947.0,11417.0,531,531,349
360810446022,1504,66,40769.0,17861.0,334,299,332
360810446023,997,32,50521.0,12268.0,371,210,244
360810448002,925,49,48750.0,29658.0,244,145,342
360810450001,785,183,99712.0,12700.0,181,45,148
360810452001,1238,166,79306.0,59355.0,187,74,224
360810454001,1668,95,47105.0,32236.0,468,266,484
360810455001,3683,251,91551.0,56997.0,1120,1120,1209
360810455003,2832,534,46205.0,33455.0,907,907,988
360810455004,1406,155,48889.0,29403.0,464,464,323
360810455006,0,0,,,0,0,0
360810456001,1442,51,76672.0,7775.0,442,50,298
360810457002,2034,139,56494.0,26104.0,639,379,426
360810458001,2259,236,70170.0,13005.0,665,363,628
360810459002,1640,12,61331.0,33505.0,403,236,548
360810460001,2026,54,41103.0,18376.0,597,525,575
360810460003,1955,41,61331.0,13438.0,696,480,252
360810461001,1499,148,69904.0,5606.0,423,333,346
360810462001,2538,56,65549.0,33333.0,743,418,301
360810462002,1570,43,43477.0,14623.0,656,486,404
360810463001,1924,25,57188.0,7943.0,501,379,545
360810463002,1755,43,63878.0,16438.0,519,269,311
360810465001,1786,31,53495.0,21587.0,447,391,391
360810465002,2403,5,80417.0,15989.0,529,310,590
360810466001,2431,163,65577.0,27189.0,712,519,608
360810466002,1460,125,62167.0,7839.0,596,338,383
360810467001,1515,22,40703.0,26498.0,517,489,154
360810467002,1800,0,40583.0,6893.0,488,393,582
360810467003,1859,61,75735.0,25426.0,524,524,616
360810467004,735,69,59077.0,18178.0,341,294,12
360810468001,1136,36,69875.0,19943.0,360,207,217
360810468002,2290,12,86667.0,24679.0,618,323,608
360810469011,454,78,42708.0,27298.0,230,162,109
360810469012,2046,19,36223.0,19823.0,763,281,254
360810469013,1526,0,58902.0,24780.0,441,401,338
360810469021,2595,0,79625.0,30315.0,708,653,615
360810469022,1205,0,40215.0,23427.0,455,356,294
360811227021,1291,829,42374.0,38085.0,497,273,207
360811227023,1928,316,28750.0,17284.0,801,801,466
360811227024,796,60,44355.0,14880.0,392,392,135
360811227031,342,69,,,186,21,96
360811227032,2723,586,68397.0,43281.0,896,759,729
360811227034,2346,661,,,984,479,562
360811227035,249,66,,,118,18,0
360811227042,1995,310,89510.0,5738.0,684,416,457
360811241001,1445,404,78750.0,26012.0,501,29,288
360811241002,1052,310,80893.0,30828.0,373,161,127
360811247001,925,498,93295.0,50491.0,325,25,187
360811247002,1413,267,,,402,31,382
360811257001,1259,67,48796.0,8707.0,434,301,285
360811257002,1216,175,105833.0,19410.0,340,71,191
360811265001,788,281,108250.0,35083.0,245,33,104
360811265002,913,149,81131.0,54036.0,283,107,123
360811267002,620,168,45573.0,3545.0,210,57,128
360811267003,1188,212,115903.0,63698.0,273,10,257
360811277002,513,468,154191.0,117120.0,233,9,27
360811283001,0,0,,,0,0,0
360811291021,1328,845,116313.0,34431.0,393,67,372
360811291023,618,480,178438.0,23583.0,172,20,268
360811291024,1060,419,105893.0,38400.0,377,37,247
360811291031,1268,633,52883.0,13937.0,821,245,155
360811291032,1673,726,69792.0,25491.0,826,151,415
360811291033,1153,701,205417.0,57374.0,275,4,415
360811291041,292,30,,,113,0,4
360811291042,947,397,70096.0,31449.0,465,165,105
360811291043,995,304,68750.0,23339.0,344,139,268
360811291044,609,268,103224.0,48122.0,191,0,81
360811291045,1269,696,93009.0,23048.0,613,136,251
360811301001,669,346,80000.0,49110.0,278,39,60
360811301002,1184,181,89554.0,22101.0,484,51,270
360811301003,698,55,71719.0,34047.0,212,73,147
360811301004,1412,116,76686.0,56175.0,492,14,203
360811333001,853,232,110379.0,32993.0,268,40,190
360811333002,479,143,103929.0,60959.0,212,0,27
360811333003,1066,764,163714.0,25667.0,299,20,143
360811339001,1289,641,143155.0,32525.0,405,18,319
360811341001,1186,380,92411.0,66196.0,339,57,219
360811341003,1038,268,,,390,155,211
360810470002,2086,25,48698.0,18644.0,551,257,635
360810471001,2502,10,43717.0,20701.0,769,671,622
360810472001,900,204,112273.0,58555.0,362,39,127
360810472002,1301,647,97763.0,44137.0,414,157,250
360810473001,1288,116,58550.0,15076.0,509,322,225
360810473002,1553,258,59601.0,8429.0,589,511,250
360810475001,2007,87,70793.0,11252.0,653,443,481
360810475002,2644,200,67500.0,28285.0,798,532,411
360810476002,788,284,79600.0,31247.0,290,61,120
360810478011,1490,232,43750.0,24614.0,862,22,104
360810478021,1090,7,82200.0,4257.0,401,314,181
360810479002,935,50,76845.0,31088.0,237,113,279
360810479003,1607,90,49615.0,24246.0,560,368,331
360810480002,686,12,59300.0,45066.0,156,43,125
360810481001,970,0,52377.0,11293.0,267,115,248
360810481003,1645,298,,,575,412,90
360810481004,1686,63,63008.0,35592.0,578,268,238
360810483011,1997,192,61078.0,17667.0,629,362,357
360810483021,1948,111,77368.0,43061.0,548,431,547
360810484002,635,9,55993.0,39776.0,281,256,170
360810484003,1122,0,95625.0,59109.0,289,0,164
360810485001,454,22,92917.0,82869.0,149,120,150
360810485002,1733,38,78920.0,23781.0,605,349,162
360810489001,789,27,66744.0,21769.0,214,154,188
360810489002,701,77,66650.0,22693.0,207,79,128
360810492012,1541,132,72045.0,15062.0,572,511,160
360810492021,2525,58,91136.0,12299.0,590,141,547
360810493012,1025,239,53542.0,18147.0,309,178,276
360810493021,1471,463,37420.0,32564.0,487,195,271
360810495001,1600,889,99545.0,26014.0,508,293,395
360810496001,1544,71,97847.0,29365.0,389,17,344
360810496002,890,66,93287.0,13672.0,263,49,129
360810496003,780,0,93938.0,28867.0,237,81,95
360810497001,1909,703,74315.0,35390.0,599,266,316
360810497002,1203,371,63913.0,23196.0,316,176,395
360810499001,0,0,,,0,0,0
360810499002,1708,211,76181.0,40985.0,443,208,377
360810499003,2536,211,54259.0,5926.0,745,419,763
360810499004,1312,156,63125.0,8893.0,434,231,224
360810500001,1238,117,70526.0,38858.0,346,242,179
360810500002,3140,0,58232.0,10887.0,1167,1132,774
360810502011,1390,0,74205.0,18954.0,411,110,210
360811347011,3185,510,49609.0,17733.0,1133,1009,603
360811347013,272,15,88287.0,78532.0,81,81,83
360811347021,2504,538,83365.0,10553.0,944,517,456
360811347023,10,5,,,0,0,4
360811367001,443,57,111188.0,11145.0,165,0,24
360811367003,1140,141,122019.0,25955.0,267,115,101
360811367005,1026,89,57227.0,52814.0,290,113,265
360811367006,1392,167,94770.0,55401.0,472,344,364
360811377002,2911,637,70375.0,19305.0,1070,493,867
360811377003,1632,475,86761.0,47420.0,485,114,507
360811385011,565,264,,,216,0,114
360811385012,1448,367,96125.0,41929.0,407,240,359
360811385014,1328,537,95417.0,8014.0,454,197,341
360811385021,90,59,,,0,0,5
360811399002,1176,381,144375.0,35343.0,395,60,229
360811403001,1170,262,91250.0,21129.0,354,36,256
360811409011,1086,188,107563.0,40134.0,352,121,220
360811409021,1459,366,56458.0,40904.0,447,136,236
360811417002,1532,299,76488.0,27401.0,498,151,356
360811417004,1213,181,45685.0,18777.0,401,81,313
360811417005,102,23,74271.0,36207.0,39,0,11
360811429002,1753,478,51974.0,49961.0,688,126,214
360811429003,1024,211,84821.0,32208.0,282,51,284
360811435001,1159,335,95185.0,20033.0,374,48,159
360811435002,1191,276,157500.0,67083.0,320,58,261
360811441001,1040,211,101883.0,23445.0,379,66,17
360811441002,657,191,,,265,89,69
360811441003,441,206,64375.0,28373.0,275,55,16
360811441004,648,220,143438.0,25228.0,205,39,81
360811447001,1209,88,51441.0,9254.0,438,321,226
360811447002,2102,288,90242.0,12108.0,600,134,420
360811451011,1072,484,69107.0,12717.0,367,69,174
360811451021,1321,235,,,472,130,273
360811451022,1350,276,66250.0,28437.0,430,188,156
360811459001,705,81,65655.0,10617.0,223,93,120
360811459002,1066,434,93875.0,16570.0,348,50,142
360811459003,983,442,106538.0,27590.0,354,96,206
360811463001,1593,898,71468.0,5144.0,862,231,159
360811463002,1254,444,70846.0,37485.0,329,282,273
360811467002,638,415,99485.0,19766.0,397,397,11
360811467003,1117,408,87626.0,6948.0,481,241,138
360810502021,1327,10,71667.0,23087.0,394,76,299
360810504001,1126,26,76250.0,47512.0,333,159,214
360810504002,605,15,101667.0,14912.0,190,23,94
360810506001,544,0,142000.0,94083.0,184,40,5
360810506002,996,0,93250.0,23966.0,262,47,233
360810507002,2216,1063,93426.0,31942.0,730,391,343
360810508001,1239,13,73491.0,13264.0,377,173,222
360810510001,1151,29,93000.0,25675.0,272,50,365
360810511001,1360,891,122813.0,27237.0,385,89,291
360810511002,932,396,85938.0,29929.0,331,176,230
360810512002,689,12,78281.0,20907.0,212,51,108
360810512003,447,0,81154.0,48161.0,168,59,97
360810513002,1119,686,99688.0,38267.0,365,137,241
360810515001,1130,854,98611.0,36073.0,334,144,288
360810515003,507,195,80965.0,24400.0,184,53,130
360810516001,851,0,72692.0,50163.0,220,62,226
360810517001,979,665,93036.0,33756.0,377,196,134
360810517002,931,702,73839.0,36918.0,363,146,136
360810518002,1192,0,60766.0,31735.0,389,121,306
360810520001,1313,35,66700.0,16799.0,428,135,117
360810521002,1159,610,52500.0,40967.0,402,184,267
360810522001,1728,0,80694.0,26342.0,479,31,396
360810524002,948,0,62232.0,35097.0,281,99,179
360810525001,1502,1015,75208.0,23673.0,510,212,320
360810526001,1218,48,86111.0,27401.0,330,88,295
360810526002,913,72,46670.0,13970.0,385,118,149
360810530001,1349,0,106719.0,50337.0,284,80,353
360810531001,2007,1260,65288.0,44630.0,782,380,429
360810531002,1091,519,80736.0,21041.0,431,308,133
360810532001,996,10,88375.0,36102.0,267,71,176
360810532002,1188,0,68155.0,44802.0,323,91,340
360810534012,1037,13,99276.0,38085.0,267,66,208
360810535011,1315,590,84306.0,30912.0,463,248,243
360810535021,0,0,,,0,0,0
360810536011,1436,9,,,589,350,203
360810536012,861,25,104583.0,37122.0,184,68,228
360810538001,824,4,83750.0,35989.0,201,32,226
360810538002,904,0,110000.0,17192.0,236,32,173
360810539011,892,116,63587.0,44518.0,302,131,184
360810539012,2203,649,78168.0,13945.0,763,430,366
360810539013,1190,435,102000.0,36666.0,388,273,208
360810539021,169,169,132292.0,61909.0,73,0,23
360811471002,1167,755,89153.0,15951.0,623,53,114
360811479001,1277,523,105917.0,28201.0,497,81,289
360811479003,1441,544,94837.0,71834.0,530,165,266
360811483000,0,0,,,0,0,0
360811483002,644,195,,,224,55,198
360811483003,701,528,149809.0,35631.0,309,7,94
360811507011,1227,506,125066.0,40385.0,355,22,242
360811507012,1068,544,144261.0,15243.0,345,132,293
360811507021,1020,548,168594.0,67476.0,321,58,226
360811507022,601,199,114643.0,16108.0,210,24,117
360811507024,415,187,84702.0,77216.0,161,49,57
360811529011,1484,571,98583.0,27535.0,429,97,498
360811529013,1531,854,67639.0,21377.0,705,87,219
360811529021,1216,263,190005.0,144400.0,599,0,29
360811529023,1637,394,66802.0,19603.0,680,209,232
360811529024,2545,1140,77188.0,28693.0,1088,137,596
360811551032,945,213,67448.0,55652.0,429,242,212
360811551034,914,518,91458.0,16366.0,495,269,45
360811551041,1687,448,77031.0,35964.0,706,257,466
360811567001,1929,286,57896.0,14777.0,355,288,171
360811571011,538,171,74506.0,40058.0,209,129,71
360811571013,629,327,97833.0,82722.0,276,14,177
360811571014,1204,38,66081.0,21129.0,380,157,280
360811571016,1831,401,138002.0,31072.0,489,104,316
360811571017,1348,333,106250.0,24859.0,302,9,353
360811571021,917,182,87813.0,31487.0,234,91,253
360811571022,1163,124,115476.0,18730.0,312,102,301
360811579011,565,142,167716.0,67800.0,205,6,46
360811579012,983,80,151000.0,93974.0,238,8,54
360811579013,1049,304,83500.0,28824.0,392,17,118
360811579014,1181,299,103911.0,20392.0,363,71,263
360811579015,1045,178,70845.0,25609.0,237,96,184
360811579016,566,252,104792.0,67087.0,213,21,75
360811579021,691,190,196100.0,85681.0,182,25,93
360811579022,742,104,178542.0,125218.0,178,12,213
360811579023,789,364,,,244,4,173
360811579024,1074,151,54911.0,13865.0,314,40,302
360811579025,1096,231,91400.0,29442.0,244,16,196
360811579031,523,241,130625.0,34111.0,162,46,106
360811579032,1025,329,64236.0,31919.0,363,136,211
360811579034,828,357,115341.0,46311.0,223,41,186
360810001011,2806,1416,119816.0,47169.0,1314,1160,635
360810001021,1640,961,188041.0,50514.0,768,768,125
360810001022,3477,1800,185568.0,32290.0,1552,1501,795
360810001041,225,46,,,0,0,24
360810002001,1074,157,84609.0,50703.0,299,129,221
360810004001,1396,57,66667.0,19182.0,360,190,237
360810004002,1429,25,69516.0,33234.0,350,209,469
360810006001,1616,147,113487.0,75782.0,399,125,582
360810006002,978,45,97941.0,34975.0,236,151,208
360810007011,1192,505,192905.0,71995.0,594,215,188
360810007012,1502,786,139517.0,34646.0,599,364,378
360810007022,546,388,111414.0,30115.0,185,85,73
360810007023,1644,1321,111136.0,82078.0,754,587,359
360810008002,1552,193,75714.0,33024.0,456,115,432
360810010001,1821,160,101324.0,46585.0,456,269,339
360810012001,1197,202,87083.0,21969.0,342,203,144
360810012003,1462,371,61250.0,29871.0,430,323,410
360810014001,1475,252,68286.0,6496.0,452,273,332
360810014003,1183,328,52120.0,18808.0,336,200,315
360810016001,1128,172,81550.0,18890.0,411,216,98
360810018001,1655,166,57596.0,49233.0,515,265,308
360810018002,944,106,92045.0,19075.0,302,97,194
360810019021,3376,1150,130610.0,26881.0,1727,1415,359
360810019031,1514,540,145526.0,35490.0,670,611,176
360810022001,1246,235,78529.0,52227.0,366,187,277
360810022002,980,179,64922.0,31500.0,347,268,292
360810540001,1969,1,67841.0,24810.0,673,192,219
360810540002,1441,0,,,411,93,333
360810540003,696,19,81983.0,28267.0,244,146,143
360810542001,904,21,67115.0,60562.0,302,35,87
360810542003,1474,4,54286.0,40362.0,458,172,402
360810542004,1373,1,,,544,27,59
360810545002,778,175,50455.0,43806.0,264,264,143
360810545003,1619,406,51500.0,17945.0,506,499,388
360810547002,1623,377,85878.0,13260.0,468,388,258
360810547003,1625,129,100927.0,82421.0,557,314,249
360810548002,1616,16,73056.0,37251.0,420,17,304
360810549001,1586,367,83169.0,37993.0,377,357,343
360810549003,1701,161,79167.0,10793.0,474,420,457
360810549004,1256,245,68804.0,28110.0,358,322,252
360810551002,1156,256,88750.0,42197.0,402,402,231
360810551003,1379,409,68125.0,31470.0,387,357,362
360810552001,1597,51,57500.0,50480.0,638,533,301
360810552002,1307,49,74205.0,36090.0,335,108,199
360810553002,1475,309,57900.0,20911.0,528,493,217
360810554001,1129,223,78125.0,21026.0,347,102,165
360810555001,995,331,56923.0,27026.0,296,191,295
360810555002,1379,127,83281.0,33779.0,438,326,304
360810556002,907,73,76693.0,35735.0,259,74,217
360810557002,1506,554,82907.0,26382.0,390,278,356
360810557003,984,347,71875.0,22152.0,341,341,110
360810558002,1060,144,84375.0,41158.0,338,95,108
360810559001,1191,262,69333.0,7646.0,350,257,233
360810560002,721,176,67143.0,45719.0,206,15,151
360810561001,8,0,,,4,0,0
360810564001,1089,218,56625.0,31836.0,455,199,137
360810565001,1575,326,102571.0,33992.0,551,348,280
360810566002,501,57,34792.0,28653.0,188,75,64
360810567001,1069,305,100000.0,20150.0,312,46,148
360810567003,1315,373,104545.0,17053.0,446,244,499
360810567004,1458,463,113393.0,39062.0,371,177,269
360810568001,2561,112,77409.0,20069.0,961,370,365
360810568002,941,106,145938.0,79035.0,252,48,152
360810568003,625,0,161544.0,103810.0,143,40,145
360810568004,1105,10,100221.0,42819.0,245,75,271
360810577001,1036,760,84273.0,30550.0,373,359,224
360810577002,1487,807,42153.0,21394.0,623,425,303
360810577003,1416,529,67833.0,29480.0,462,179,268
360811617003,799,412,138583.0,28705.0,284,0,180
360811617004,1665,435,128068.0,38860.0,483,116,335
360811621002,1905,388,44817.0,17030.0,606,288,628
360811621003,1253,338,90208.0,35913.0,392,173,480
360811621005,1289,79,93750.0,55374.0,332,146,216
360819901000,0,0,,,0,0,0
360810024001,1173,149,85682.0,43242.0,302,139,319
360810024002,1122,137,60781.0,24686.0,337,181,188
360810025001,850,0,,,469,453,121
360810025002,1105,60,,,417,417,403
360810025003,1218,34,30000.0,20653.0,748,748,174
360810025004,728,103,21435.0,12060.0,411,411,88
360810025005,1722,0,,,851,836,474
360810025006,1014,17,,,471,471,298
360810026001,1287,229,130179.0,23676.0,391,4,281
360810026002,846,137,63250.0,20701.0,257,137,245
360810028001,2095,335,74460.0,11577.0,685,516,455
360810028002,1359,120,66250.0,23277.0,422,229,297
360810030001,1609,349,74250.0,24690.0,409,135,256
360810031002,449,151,133214.0,40998.0,202,188,18
360810033011,2370,815,136116.0,7236.0,1258,1200,166
360810033021,600,80,41484.0,30077.0,201,184,161
360810034001,1118,111,53665.0,31311.0,275,157,255
360810036002,1825,120,74012.0,11813.0,494,248,328
360810037001,0,0,,,0,0,0
360810038002,2012,215,60703.0,16757.0,497,361,609
360810039001,1389,405,46565.0,917.0,473,437,263
360810040012,974,173,82569.0,30625.0,255,113,247
360810040021,1583,125,51650.0,42470.0,415,234,308
360810042002,914,116,76607.0,26624.0,274,112,106
360810042003,1440,32,60923.0,42586.0,381,206,235
360810043002,31,2,,,0,0,15
360810044011,1925,106,66731.0,17394.0,430,276,578
360810045001,776,410,53667.0,20777.0,344,252,77
360810045002,817,559,100069.0,32977.0,363,75,193
360810047001,1331,809,86429.0,21329.0,592,470,169
360810050001,0,0,,,0,0,0
360810051001,1215,213,59875.0,15529.0,425,347,213
360810052001,1349,77,53750.0,26096.0,386,282,360
360810052002,1496,199,79375.0,30105.0,411,222,285
360810053002,1752,679,115128.0,68769.0,672,490,316
360810053003,1049,755,87400.0,61786.0,584,551,81
360810054001,352,143,78594.0,10624.0,126,83,94
360810054002,1589,313,75979.0,29544.0,497,241,157
360810054004,1806,239,,,677,378,337
360810055001,1025,315,86583.0,32234.0,372,322,123
360810057002,644,177,115074.0,94962.0,321,321,41
360810057003,1772,538,66250.0,25177.0,601,544,370
360810579001,922,328,61250.0,18513.0,310,239,230
360810579002,768,412,60000.0,13130.0,316,259,97
360810580001,962,0,110446.0,38792.0,238,41,221
360810580002,906,8,93438.0,35245.0,300,56,59
360810580003,1856,3,114545.0,55752.0,372,104,346
360810580004,524,8,75921.0,29087.0,188,86,83
360810581001,1136,683,86080.0,39913.0,333,122,323
360810582001,1493,26,99954.0,21280.0,399,111,289
360810582002,2487,107,100962.0,60073.0,710,76,441
360810583001,1444,568,78958.0,63925.0,474,424,345
360810583003,540,348,92138.0,15878.0,251,121,47
360810585001,1325,614,81856.0,28567.0,383,374,249
360810585003,1888,1226,80000.0,22884.0,688,533,297
360810587001,1790,1357,122721.0,52103.0,589,348,368
360810587003,1116,665,71486.0,12352.0,420,373,223
360810589001,1635,913,58705.0,18738.0,507,400,334
360810589003,1730,716,56535.0,26477.0,654,547,413
360810590001,1313,160,76797.0,41744.0,400,61,287
360810591002,1169,443,,,530,472,209
360810591003,1192,532,69265.0,6172.0,548,430,175
360810592001,1575,0,102008.0,18846.0,481,51,238
360810593001,1428,610,62917.0,36944.0,457,241,235
360810594001,652,4,99737.0,20592.0,248,10,95
360810594002,1135,7,175577.0,47262.0,280,23,196
360810595012,1186,907,112857.0,60768.0,392,263,169
360810595021,1410,308,81424.0,10835.0,310,105,404
360810596001,826,7,74950.0,68244.0,269,57,135
360810596002,486,11,,,255,2,31
360810598002,1160,2,98646.0,14210.0,335,101,258
360810599001,430,306,42917.0,31419.0,211,99,58
360810600001,1126,4,115682.0,47647.0,360,34,154
360810601002,944,493,92292.0,45233.0,370,170,205
360810603001,2079,1100,88900.0,38998.0,662,298,500
360810606002,606,7,87545.0,41683.0,277,43,62
360810607011,14,14,,,14,0,0
360810610001,1554,22,152083.0,41712.0,437,11,223
360810612001,1286,0,110781.0,38606.0,309,13,222
360810612002,792,0,123851.0,3480.0,194,0,119
360810613011,1224,684,74219.0,58535.0,375,256,300
360810613012,1230,639,74485.0,21768.0,421,320,239
360810613013,1227,528,74844.0,33032.0,465,362,137
360810613014,1765,821,72833.0,12871.0,574,504,427
360810058001,1688,435,75750.0,27530.0,548,270,340
360810058002,1368,308,93485.0,26944.0,372,233,438
360810058003,2402,419,81556.0,10692.0,719,251,641
360810058004,770,84,60529.0,32112.0,261,27,133
360810059001,1307,987,103162.0,27490.0,627,460,95
360810059002,1138,573,73750.0,13965.0,500,425,165
360810059003,1326,803,104318.0,23138.0,440,419,396
360810061001,1278,621,100882.0,65248.0,486,412,171
360810061002,1917,784,65521.0,23179.0,1036,1004,204
360810061003,1534,1154,108988.0,15475.0,801,736,114
360810061004,768,486,89896.0,46625.0,321,280,132
360810062011,2446,1136,57448.0,36856.0,1098,106,456
360810062012,1211,809,60493.0,14459.0,726,85,23
360810062013,2024,1230,50991.0,15329.0,1187,102,215
360810062022,622,73,76650.0,40171.0,147,87,176
360810062023,467,97,53611.0,33710.0,150,116,128
360810062025,1023,612,75677.0,52075.0,394,288,253
360810062026,1242,782,47250.0,24225.0,552,169,313
360810063001,869,438,67386.0,42782.0,422,399,63
360810063002,2385,1506,87688.0,35435.0,985,954,316
360810063004,1173,566,109323.0,33689.0,416,230,192
360810065011,1187,655,90789.0,19624.0,596,588,126
360810065013,821,429,54299.0,36591.0,437,385,104
360810065021,1576,779,77361.0,13072.0,625,562,254
360810065023,1343,928,86150.0,12329.0,713,613,104
360810069001,1337,877,154458.0,37854.0,707,654,92
360810069003,600,334,99375.0,56146.0,354,354,14
360810071001,388,120,98553.0,47823.0,198,150,27
360810071003,1235,490,93466.0,19947.0,605,568,145
360810073001,885,550,100840.0,52999.0,435,397,60
360810073002,1882,706,90417.0,24321.0,1008,913,253
360810075001,1459,606,,,959,896,112
360810075002,1515,623,73672.0,56550.0,833,508,188
360810077001,1894,793,106176.0,29186.0,796,692,333
360810079001,1964,727,64408.0,36311.0,835,634,315
360810081001,1226,468,77283.0,23930.0,566,463,245
360810083001,586,323,76071.0,32079.0,356,291,31
360810085001,853,258,56029.0,12731.0,284,240,212
360810085002,88,34,15625.0,11114.0,32,32,26
360810086002,1251,465,77917.0,26955.0,405,133,270
360810087001,1041,78,,,492,492,269
360810087003,1592,66,17071.0,14292.0,530,530,338
360810613021,0,0,,,0,0,0
360810614001,1432,26,127958.0,13129.0,410,47,301
360810616011,940,24,,,355,41,146
360810616012,790,0,71552.0,18154.0,212,4,272
360810616013,798,30,104904.0,81551.0,223,55,89
360810616021,589,7,106250.0,10084.0,179,23,75
360810616022,458,46,74125.0,53290.0,165,43,113
360810618001,640,41,63542.0,21918.0,335,129,101
360810619001,2379,1444,117731.0,16447.0,702,377,656
360810619002,1019,850,101490.0,75856.0,411,310,50
360810621001,659,405,74306.0,33757.0,271,186,45
360810621002,825,519,86742.0,16382.0,288,137,176
360810622001,1194,105,107679.0,31321.0,340,69,256
360810622002,937,0,121538.0,26831.0,296,38,69
360810623002,1495,915,73750.0,35737.0,507,258,350
360810624001,0,0,,,0,0,0
360810625002,1219,748,79816.0,21209.0,447,269,141
360810626001,718,15,,,188,44,107
360810626003,677,0,74100.0,12828.0,268,5,65
360810627001,1288,776,94313.0,28904.0,475,163,280
360810629001,1250,643,81723.0,14069.0,399,263,367
360810629003,1199,367,83333.0,15251.0,352,283,291
360810630001,894,6,123553.0,34958.0,320,30,130
360810632001,987,0,113036.0,47653.0,285,8,201
360810632002,1454,35,103500.0,12174.0,426,88,225
360810633021,537,485,118173.0,34254.0,213,61,131
360810633022,990,500,99886.0,36210.0,329,166,195
360810635002,1688,756,70976.0,11747.0,584,255,529
360810637001,67,0,,,33,33,0
360810637003,721,649,91477.0,62997.0,280,0,84
360810637004,1217,743,116250.0,35477.0,416,65,205
360810638002,450,5,97824.0,45870.0,135,8,111
360810638003,324,11,92778.0,36358.0,104,39,73
360810638005,752,56,141406.0,57134.0,222,17,81
360810639001,2372,1177,82309.0,17068.0,799,271,407
360810641011,2288,1423,74508.0,10435.0,923,95,460
360810641021,0,0,,,0,0,0
360810645002,988,473,74297.0,13486.0,413,200,221
360810646001,1813,17,80273.0,14163.0,603,84,336
360810646002,1343,0,110357.0,16049.0,454,51,263
360810650001,1192,61,98750.0,25741.0,339,42,196
360810650002,1609,12,105353.0,24689.0,487,74,412
360810088001,1859,587,92031.0,8879.0,585,178,427
360810091001,938,489,86076.0,23585.0,531,268,82
360810094001,1402,76,81797.0,22466.0,359,191,380
360810094002,1415,78,84107.0,42949.0,312,112,449
360810095001,958,623,85938.0,16140.0,392,326,111
360810095002,1232,861,92614.0,16734.0,449,296,294
360810096001,1654,127,105764.0,30213.0,483,108,377
360810096002,1596,62,88078.0,13132.0,387,84,319
360810097001,588,376,122546.0,46237.0,258,145,133
360810097002,1044,778,107417.0,29078.0,435,355,320
360810097003,925,584,101415.0,25665.0,388,290,156
360810097004,1255,726,73962.0,15384.0,424,338,164
360810098001,1443,37,64931.0,24611.0,367,263,180
360810098002,1184,4,99545.0,38141.0,286,104,261
360810099001,0,0,,,0,0,0
360810100001,1304,70,242531.0,185599.0,433,126,199
360810101001,1330,985,68023.0,33989.0,533,404,260
360810101002,1128,731,63971.0,15287.0,460,259,123
360810102002,1465,67,77500.0,42985.0,394,148,233
360810103001,1419,808,54184.0,21997.0,560,364,240
360810103003,956,690,74940.0,20100.0,495,327,96
360810103004,778,435,50395.0,39257.0,450,415,33
360810104002,1369,171,86287.0,14318.0,429,74,194
360810105001,880,503,28534.0,3597.0,390,370,204
360810105003,1769,904,87042.0,18615.0,587,504,330
360810106001,1724,70,113122.0,26214.0,487,127,216
360810106002,2040,33,67500.0,27810.0,492,178,372
360810107011,0,0,,,0,0,0
360810108001,1697,95,77386.0,22710.0,459,204,198
360810110001,886,100,108698.0,30834.0,241,114,177
360810110002,1960,119,59722.0,25655.0,494,268,377
360810111002,1300,1006,109609.0,17749.0,528,356,199
360810112001,1238,148,57166.0,13275.0,385,162,245
360810113001,1378,756,102354.0,21991.0,571,456,237
360810113002,2176,1091,83060.0,12456.0,919,754,256
360810114001,1323,297,65714.0,23295.0,348,202,296
360810115001,1805,1262,81250.0,28023.0,859,697,263
360810116001,773,227,53021.0,34635.0,259,113,121
360810116002,1178,96,80208.0,55717.0,347,231,227
360810117002,808,567,94500.0,36249.0,314,217,94
360810117003,941,670,95760.0,26880.0,387,311,65
360810118001,1448,78,77778.0,46617.0,394,196,248
360810654011,1446,15,93688.0,26127.0,373,136,345
360810654012,1550,19,127639.0,39860.0,363,135,440
360810654013,732,0,92443.0,9436.0,238,100,182
360810654021,27,6,,,6,0,0
360810655011,0,0,,,0,0,0
360810656001,1225,24,67917.0,65701.0,358,183,295
360810656002,1418,329,93841.0,35863.0,450,174,158
360810656003,2253,66,81829.0,30722.0,666,253,452
360810657021,1491,996,72500.0,10283.0,610,295,248
360810657031,1583,897,110381.0,27949.0,580,168,192
360810657033,592,468,65875.0,13188.0,243,39,62
360810659002,720,397,98105.0,30555.0,301,54,126
360810660001,1088,37,,,432,208,149
360810661001,1638,1441,100750.0,21748.0,612,98,211
360810663011,1315,864,110341.0,34649.0,459,83,236
360810663021,0,0,,,0,0,0
360810664011,46,0,,,21,21,0
360810664021,1150,10,114798.0,18115.0,373,64,32
360810664022,572,0,63594.0,21004.0,170,79,185
360810664031,2331,117,108065.0,46631.0,594,339,592
360810664032,2300,56,88646.0,13227.0,637,276,502
360810664041,0,0,,,0,0,0
360810665011,1052,952,129148.0,85077.0,431,113,221
360810665013,1250,1061,98438.0,38772.0,392,182,401
360810665014,694,272,,,248,138,88
360810667012,1151,819,142841.0,43577.0,407,115,173
360810669001,613,536,98000.0,25899.0,234,91,84
360810671001,1590,983,128393.0,30845.0,513,40,287
360810671002,926,574,95750.0,16631.0,438,40,144
360810677002,988,828,90625.0,48953.0,347,59,197
360810679001,377,157,75714.0,66299.0,150,26,97
360810679003,1239,818,53125.0,21983.0,554,296,216
360810680001,1521,0,108214.0,47713.0,452,69,373
360810680003,1324,2,78060.0,25717.0,455,91,167
360810680004,893,0,73750.0,23687.0,260,100,206
360810682002,382,0,95893.0,11942.0,151,36,62
360810683002,1368,52,78589.0,21987.0,515,80,232
360810683003,1124,62,48269.0,17242.0,452,212,171
360810687002,1220,488,66061.0,15116.0,488,171,81
360810687003,1608,361,61350.0,32757.0,807,451,227
360810690001,1780,1,95455.0,29473.0,492,157,457
360810118002,950,0,67443.0,23513.0,247,85,149
360810119002,721,447,90469.0,15797.0,339,286,33
360810120002,1296,42,70833.0,12656.0,316,143,235
360810121001,1123,759,80882.0,8896.0,516,310,171
360810122001,1085,39,41250.0,21526.0,286,155,283
360810122002,1848,407,89464.0,45383.0,387,138,387
360810123011,1086,602,89167.0,46958.0,424,281,144
360810123012,1081,932,96708.0,47882.0,445,271,247
360810123013,750,361,105921.0,15133.0,284,129,142
360810124001,1174,130,80417.0,23894.0,334,178,218
360810124002,1927,76,54861.0,34727.0,524,366,495
360810125001,757,408,102031.0,25344.0,335,244,111
360810125002,830,375,101023.0,20651.0,329,329,66
360810126011,1520,98,80515.0,19377.0,401,230,419
360810126012,1229,47,75268.0,18004.0,323,166,330
360810126021,1567,134,58571.0,10650.0,338,192,645
360810126022,1148,125,65139.0,10386.0,416,178,114
360810128001,832,499,104250.0,34989.0,309,167,141
360810128002,1355,137,61406.0,25707.0,428,198,305
360810130002,1187,192,81250.0,45860.0,302,148,307
360810132001,904,614,71131.0,67113.0,389,234,107
360810134001,1448,796,70823.0,24535.0,781,607,140
360810134002,1556,885,114000.0,60528.0,630,369,428
360810134004,216,35,,,81,52,0
360810135001,1236,1082,89750.0,41483.0,483,197,311
360810136002,823,503,79583.0,41069.0,336,198,208
360810137001,1785,1216,101146.0,11762.0,778,596,190
360810138002,1948,386,71667.0,20832.0,630,304,510
360810140001,2157,1153,98089.0,23805.0,579,228,895
360810141001,779,447,76923.0,34338.0,310,286,118
360810141002,911,342,73750.0,19766.0,374,304,137
360810142012,2237,86,52173.0,35051.0,636,374,723
360810142021,1922,125,87941.0,24979.0,478,319,219
360810143001,1357,878,72841.0,26227.0,569,494,200
360810143002,2099,962,72841.0,30142.0,965,854,357
360810145001,1166,816,84567.0,7867.0,407,258,186
360810145002,1165,708,82147.0,6378.0,479,393,220
360810147002,632,483,70781.0,41066.0,291,228,69
360810148001,1615,27,60227.0,48220.0,450,144,250
360810149001,1187,714,61500.0,35009.0,534,501,129
360810150001,1174,36,65938.0,15423.0,351,109,124
360810150002,1388,9,115385.0,34975.0,264,108,196
360810690002,1966,167,95536.0,27552.0,486,219,460
360810693001,2022,689,85139.0,18276.0,848,648,328
360810693002,769,128,52019.0,28507.0,313,264,113
360810694001,1945,77,82218.0,9129.0,624,276,347
360810694002,1407,13,86300.0,19261.0,492,292,315
360810695001,1395,613,75703.0,14463.0,549,328,295
360810695002,852,241,96277.0,12250.0,309,80,49
360810697011,1373,744,54617.0,37767.0,647,505,267
360810697012,816,195,67198.0,27488.0,325,260,153
360810697013,1882,384,96395.0,13753.0,794,735,449
360810697021,740,511,225022.0,216292.0,169,24,377
360810697022,933,573,85673.0,30697.0,326,52,169
360810697024,1138,422,76154.0,17850.0,486,101,146
360810703001,806,294,57938.0,7913.0,317,53,217
360810707001,655,269,113750.0,39998.0,240,59,119
360810707002,707,385,101250.0,35676.0,289,101,161
360810709001,1535,525,75455.0,31332.0,586,256,381
360810709002,1457,702,129306.0,41181.0,485,247,393
360810711002,2512,1242,82946.0,13102.0,1172,513,470
360810711003,1358,610,110224.0,46809.0,501,240,282
360810713031,2533,1336,93409.0,20449.0,1220,769,304
360810713032,927,531,64059.0,28492.0,548,365,107
360810713041,881,636,33672.0,21914.0,452,319,143
360810713042,1795,1006,95850.0,33666.0,863,219,330
360810713044,2674,1208,61250.0,60556.0,1272,812,420
360810713051,1129,580,65982.0,25770.0,511,189,152
360810713053,2134,921,87083.0,14482.0,948,948,401
360810713054,561,370,99575.0,14436.0,347,347,13
360810713062,3522,1336,88684.0,25743.0,1432,1276,847
360810713063,1123,523,96295.0,18249.0,581,224,210
360810716001,0,0,,,0,0,0
360810717011,1443,1122,82386.0,57064.0,669,331,309
360810717013,726,395,47500.0,25125.0,448,50,34
360810717014,1736,865,48656.0,14088.0,745,360,501
360810717022,1567,317,84167.0,43374.0,798,328,213
360810719001,1277,724,52431.0,36946.0,461,356,228
360810721001,931,229,85568.0,56482.0,431,141,131
360810721002,1033,523,123594.0,36669.0,478,123,240
360810721004,688,186,163125.0,157253.0,321,38,107
360810723001,280,204,81250.0,34349.0,184,3,8
360810723002,957,407,192596.0,42930.0,335,75,185
360850003002,1132,729,109205.0,24044.0,557,262,100
360850006002,1689,859,22087.0,17112.0,913,503,209
360850007002,980,386,99795.0,32153.0,400,333,68
360850008001,1636,672,79390.0,40669.0,498,87,392
360850008003,1634,824,71458.0,28484.0,576,155,371
360850011001,908,311,49931.0,29788.0,473,292,154
360850017001,527,274,90417.0,42197.0,262,131,52
360850018001,659,389,74286.0,26238.0,208,203,213
360850033001,1530,632,120612.0,26615.0,569,206,276
360850036002,1269,436,65560.0,26080.0,443,153,286
360850040011,1456,120,34899.0,30831.0,503,473,60
360850040022,1194,213,135117.0,40349.0,484,64,0
360850040032,862,0,,,586,586,200
360850040042,2223,344,,,531,317,648
360850050001,2379,1490,100167.0,42226.0,790,157,538
360850059011,1296,969,92386.0,76862.0,499,164,255
360850064001,846,729,173842.0,29348.0,235,0,116
360850067001,847,621,120500.0,84487.0,320,29,185
360850070011,1873,1166,111537.0,40798.0,579,19,430
360850070021,1335,780,125365.0,88179.0,379,70,425
360850070024,0,0,,,0,0,0
360850074002,2513,1419,39219.0,12879.0,948,444,532
360850075002,1617,437,79277.0,40832.0,465,280,541
360850081000,0,0,,,0,0,0
360850105002,543,362,118250.0,64365.0,264,112,29
360850105005,1233,141,77950.0,11276.0,387,111,303
360850112012,2037,1589,78026.0,28990.0,592,132,360
360850112031,2070,1282,92113.0,15451.0,734,115,366
360850112040,0,0,,,0,0,0
360850114011,632,535,75857.0,14994.0,356,89,94
360850114022,1404,788,76845.0,22639.0,517,219,355
360850121002,574,393,,,232,8,89
360850122002,862,501,57829.0,19952.0,362,143,189
360850125001,1277,233,81736.0,39884.0,428,126,229
360850128040,0,0,,,0,0,0
360850128043,0,0,,,0,0,0
360850128052,266,243,153523.0,103371.0,73,8,53
360850128060,0,0,,,0,0,0
360850128062,1111,910,53344.0,28552.0,453,321,237
360850128065,1906,1074,77788.0,29796.0,577,119,433
360850134003,1778,1107,64821.0,39763.0,570,144,548
360850138003,1692,1043,134900.0,96397.0,612,89,442
360850141001,1299,407,52024.0,28533.0,588,256,299
360850146042,1892,1736,136343.0,109244.0,645,78,532
360850146051,2019,1875,125208.0,33557.0,661,75,291
360850146062,2292,1935,93779.0,24902.0,908,101,345
360850146071,2774,2263,108281.0,24778.0,943,170,687
360850146082,2115,1690,116750.0,26888.0,742,57,373
360850147003,1261,1075,104712.0,42932.0,506,201,140
360850151003,1103,665,144967.0,86993.0,324,12,287
360850151005,940,678,59670.0,35896.0,340,0,203
360850156011,1502,1267,87578.0,31778.0,581,102,305
360850156014,1034,819,116481.0,35093.0,368,0,220
360850156021,779,661,125441.0,104802.0,236,15,168
360850156024,1017,928,,,342,36,269
360850156032,1587,1505,110500.0,29061.0,624,132,327
360850170122,1433,1267,112917.0,18232.0,524,68,334
360850170132,1688,1049,74266.0,39289.0,595,28,380
360850170151,2490,2401,98154.0,18330.0,952,132,378
360850173001,1306,625,137000.0,48578.0,442,58,305
360850176001,1159,1084,131053.0,86947.0,412,20,247
360850176004,1311,1247,141603.0,74139.0,402,71,209
360850177013,458,384,,,177,9,67
360850177022,1159,1159,98645.0,1220.0,534,51,127
360850181003,759,675,223365.0,90016.0,235,0,224
360850187012,999,518,96250.0,48331.0,346,90,247
360850187041,2483,1764,106395.0,61405.0,690,258,316
360850189012,1212,551,83250.0,26324.0,495,65,36
360850189022,2357,1964,131250.0,35540.0,634,94,655
360850197002,964,723,84219.0,41810.0,385,101,216
360850198002,1331,1147,201579.0,62541.0,372,19,158
360850201001,1910,619,77356.0,60147.0,685,303,589
360850208041,2647,2150,88639.0,14407.0,821,26,563
360850208051,1484,1446,102798.0,18432.0,501,59,283
360850208061,1320,1089,,,457,62,406
360850213002,1025,181,54549.0,29439.0,275,181,108
360850213005,427,236,,,177,107,46
360850223002,1272,133,55729.0,27560.0,361,127,430
360850226012,1428,1331,162727.0,121060.0,442,55,368
360850226020,0,0,,,0,0,0
360850226023,0,0,,,0,0,0
360850228012,0,0,,,0,0,0
360850231002,1072,228,134107.0,56065.0,219,34,350
360850239002,1497,428,102625.0,64346.0,385,114,613
360850244011,2447,2034,71491.0,62333.0,845,177,571
360850244020,0,0,,,0,0,0
360850247001,1513,279,53700.0,6814.0,512,286,392
360850248001,1162,997,87014.0,57803.0,415,110,256
360850277041,2111,1366,80288.0,70474.0,775,323,461
360850277052,1531,766,110096.0,17947.0,533,137,375
360850277062,1144,569,112222.0,19230.0,300,46,328
360850279002,1069,742,98333.0,66423.0,216,40,107
360850291020,0,0,,,0,0,0
360850291041,1759,878,140833.0,26295.0,580,44,277
360850291044,2285,1258,123017.0,31039.0,692,396,592
360850291052,1963,1265,170825.0,73845.0,577,161,535
360850291062,2331,1659,105639.0,20345.0,689,173,527
360850303021,1296,469,94479.0,33722.0,363,91,354
360850303024,0,0,,,0,0,0
360850319020,0,0,,,0,0,0
360850319023,1633,209,140021.0,19929.0,465,116,464
360859901000,0,0,,,0,0,0
360850074000,0,0,,,0,0,0
360850132033,2565,2174,126250.0,85424.0,856,154,500
360850132041,1159,1015,100701.0,43900.0,429,113,189
360850132042,2523,1718,84444.0,14697.0,806,160,697
360850132043,1127,728,64677.0,50693.0,514,224,150
360850133011,1067,42,11343.0,8650.0,489,481,270
360850133021,479,53,26467.0,22639.0,159,81,112
360850133022,968,18,31500.0,30616.0,312,192,302
360850133023,1873,76,123190.0,49023.0,512,318,459
360850134001,1401,805,112875.0,30609.0,440,199,497
360850134002,948,773,79000.0,37292.0,406,67,113
360850138001,720,687,,,358,0,36
360850138002,1094,1068,85909.0,35952.0,400,0,148
360850138004,1149,745,120899.0,44700.0,423,101,208
360850138005,1903,1461,126901.0,9631.0,673,73,383
360850141002,1265,345,61000.0,45346.0,444,236,305
360850146041,1392,1208,121333.0,60006.0,514,120,216
360850146043,2302,1648,90000.0,32980.0,780,53,707
360850146044,1455,1074,113506.0,15671.0,513,150,355
360850146052,1800,1572,117417.0,17373.0,665,164,285
360850146061,1280,1056,105800.0,56794.0,448,102,269
360850146063,1596,1031,122578.0,21675.0,473,19,120
360850146064,566,548,127005.0,68606.0,233,18,113
360850146072,1951,1639,103694.0,7198.0,703,147,409
360850146081,1149,977,88836.0,46874.0,427,27,256
360850147001,633,618,105909.0,45382.0,292,29,94
360850147002,1294,1050,80208.0,58842.0,598,130,235
360850151001,2040,1518,105821.0,25433.0,707,261,474
360850151002,576,490,,,148,0,224
360850151004,943,788,110117.0,14565.0,296,25,219
360850154000,0,0,,,0,0,0
360850154001,0,0,,,0,0,0
360850156012,535,507,88051.0,5919.0,236,65,72
360850156013,1108,1093,137517.0,9607.0,425,152,59
360850156015,765,744,77139.0,60697.0,287,70,181
360850156016,1131,327,130417.0,62994.0,362,136,141
360850156022,751,631,120444.0,13804.0,284,23,186
360850156023,778,751,124023.0,28764.0,249,17,59
360850156030,0,0,,,0,0,0
360850156031,990,819,,,361,26,117
360850156033,2059,1194,81793.0,52073.0,649,176,687
360850169011,1127,852,146196.0,91418.0,444,99,199
360850169012,2552,1718,106607.0,69209.0,646,183,733
360850170051,2582,2128,87083.0,23774.0,923,136,583
360850170052,2331,1717,105078.0,36363.0,765,167,685
360850170071,2352,1532,85504.0,25649.0,727,151,700
360850170072,1571,1016,100524.0,33815.0,497,33,387
360850170073,2306,1253,97212.0,29067.0,642,0,822
360850170091,1258,1076,77300.0,43890.0,410,83,303
360850170092,2061,1798,129559.0,47339.0,610,85,617
360850170093,1391,1308,81786.0,45025.0,568,221,247
360850170111,2065,1793,90954.0,29728.0,883,223,409
360850170112,2449,2197,120278.0,43267.0,834,94,535
360850170121,1741,1399,74231.0,18926.0,668,151,266
360850170123,846,634,,,387,101,145
360850170131,2820,1820,71615.0,30006.0,911,157,537
360850170141,3179,2100,89555.0,9594.0,1128,263,550
360850170142,1294,993,95600.0,34553.0,508,118,304
360850170161,2135,1459,113529.0,29727.0,732,0,368
360850170162,2270,2064,103599.0,25951.0,710,110,446
360850173002,1023,204,22821.0,8058.0,526,526,211
360850176000,0,0,,,0,0,0
360850176002,1013,764,126678.0,31569.0,313,0,341
360850176003,1414,1378,157083.0,119402.0,429,87,310
360850177011,624,483,72778.0,9622.0,256,65,125
360850177012,866,625,130921.0,25429.0,314,34,91
360850177014,1508,1132,168871.0,67894.0,558,25,434
360850177021,1403,1118,120893.0,71344.0,410,95,419
360850181001,719,416,12391.0,11169.0,326,326,0
360850181002,1668,1485,100129.0,24894.0,701,25,177
360850187011,792,473,116250.0,17749.0,282,76,148
360850187031,2271,1090,79401.0,14543.0,694,282,547
360850187032,2116,512,81953.0,60851.0,579,119,564
360850187042,976,513,66429.0,65262.0,486,76,106
360850189011,1827,1406,101250.0,24475.0,679,173,356
360850189013,1523,1054,130927.0,36423.0,425,149,313
360850189021,1651,896,103793.0,15567.0,586,44,323
360850189023,1734,851,,,480,162,569
360850197001,792,681,84375.0,40464.0,317,6,151
360850198000,0,0,,,0,0,0
360850198001,1049,1048,148323.0,103162.0,387,77,196
360850198003,2032,1609,59743.0,53298.0,766,314,307
360850198004,2663,2229,84926.0,38796.0,851,245,581
360850201002,859,552,129688.0,36377.0,258,56,275
360850201003,886,394,114464.0,65876.0,335,129,130
360850207010,0,0,,,0,0,0
360850207011,999,132,95448.0,62912.0,315,115,147
360850207012,1038,61,75326.0,35747.0,324,115,172
360850207013,1127,94,41806.0,32732.0,315,184,377
360850207020,0,0,,,0,0,0
360850207021,457,104,,,246,176,74
360850207022,792,25,,,324,207,244
360850207023,884,79,,,306,136,163
360850208031,2497,2311,82278.0,48710.0,899,146,680
360850208032,1939,1819,143750.0,82065.0,581,102,528
360850208033,1388,1211,161957.0,98855.0,400,37,193
360850208034,1771,1607,71567.0,30045.0,608,0,655
360850208042,2265,1592,83281.0,32111.0,849,243,552
360850208043,1316,1183,108452.0,19972.0,424,69,333
360850208052,3123,2478,116406.0,16667.0,1166,46,822
360850208053,1730,1576,70833.0,61404.0,676,115,270
360850208062,777,777,,,396,167,92
360850213001,1071,220,79290.0,51346.0,331,167,315
360850213003,1121,763,103750.0,24672.0,402,58,290
360850213004,1222,197,129722.0,105084.0,306,167,419
360850223000,0,0,,,0,0,0
360850223001,1467,202,53720.0,1106.0,580,114,402
360850223003,0,0,,,0,0,0
360850226011,2650,2069,100313.0,46301.0,1015,254,607
360850226013,1649,1594,156761.0,33018.0,475,96,614
360850226014,1131,934,144041.0,64254.0,451,47,170
360850226021,961,960,,,473,349,70
360850226022,464,420,67070.0,27282.0,203,19,37
360850228010,0,0,,,0,0,0
360850228011,24,18,,,10,10,0
360850228021,0,0,,,0,0,0
360850231001,1885,183,68295.0,30453.0,585,239,326
360850231003,2084,568,76593.0,15670.0,631,330,422
360850239001,2312,459,72083.0,33879.0,623,162,492
360850244010,0,0,,,0,0,0
360850244012,2337,1966,102198.0,29523.0,723,199,503
360850244013,1133,1026,163750.0,102827.0,334,42,284
360850244021,2542,2355,113929.0,24553.0,848,95,607
360850244022,2428,2208,116890.0,33803.0,866,244,494
360850247002,1650,454,105037.0,19054.0,439,124,605
360850248000,0,0,,,0,0,0
360850248002,2048,1583,102331.0,51613.0,671,111,528
360850248003,1697,1363,107945.0,19189.0,581,136,470
360850251001,2185,1656,135536.0,37807.0,749,79,414
360850251002,1373,970,104770.0,12809.0,523,0,149
360850251003,2231,1656,131250.0,52191.0,835,79,320
360850273011,20,9,,,0,0,0
360850273012,0,0,,,0,0,0
360850273013,2313,1438,94688.0,34566.0,876,99,450
360850273014,567,168,41250.0,26474.0,210,49,136
360850273015,797,564,82941.0,34396.0,360,138,80
360850273021,2599,1839,,,783,233,948
360850273022,1626,1095,84773.0,65205.0,470,137,713
360850277021,1936,1300,79415.0,24618.0,894,252,401
360850277022,2095,998,63547.0,18308.0,744,428,665
360850277023,1131,741,68081.0,38598.0,536,101,236
360850277024,1312,847,81250.0,65316.0,714,207,75
360850277042,2495,1689,84527.0,12429.0,808,100,435
360850277051,2666,1635,87961.0,26060.0,789,195,649
360850277053,1920,1192,80417.0,36970.0,695,177,193
360850277061,1676,1087,,,494,116,375
360850277063,924,440,74259.0,67936.0,380,85,197
360850279001,1123,940,146875.0,82679.0,393,68,311
360850279003,0,0,,,0,0,0
360850279004,0,0,,,0,0,0
360850291021,470,255,54050.0,2483.0,215,5,148
360850291022,2640,1445,85692.0,15040.0,786,89,709
360850291042,1305,1070,114028.0,37617.0,550,57,159
360850291043,1867,1401,93438.0,83731.0,632,21,401
360850291051,1208,1134,65293.0,29607.0,525,195,309
360850291053,1264,560,86742.0,40923.0,462,110,148
360850291061,1180,853,130789.0,24629.0,354,71,278
360850303011,3583,1130,88462.0,32371.0,1130,372,814
360850303012,1568,743,90585.0,12797.0,788,259,83
360850303022,2577,552,113068.0,43217.0,928,215,479
360850303023,2696,711,68229.0,27630.0,778,252,762
360850319011,1999,72,12746.0,6662.0,816,800,405
360850319012,1294,239,78239.0,16606.0,358,8,307
360850319021,1622,97,17865.0,9387.0,589,489,629
360850319022,1698,192,128879.0,64846.0,500,104,483
360850323000,0,0,,,0,0,0
360850323001,1200,135,95469.0,33460.0,445,72,321
360850003000,0,0,,,0,0,0
360850003001,991,279,45417.0,10461.0,543,540,134
360850006000,0,0,,,0,0,0
360850006001,642,345,,,365,240,55
360850007000,0,0,,,0,0,0
360850007001,1447,101,,,757,720,272
360850007003,475,113,,,216,113,156
360850007004,1423,131,39417.0,24788.0,624,541,248
360850008002,2283,1356,89694.0,13680.0,779,117,435
360850009001,1210,453,58654.0,29074.0,520,351,223
360850009002,665,82,,,213,119,237
360850011002,1073,196,,,324,243,234
360850011003,1165,89,,,298,139,361
360850017002,766,252,42596.0,25691.0,293,139,167
360850018000,0,0,,,0,0,0
360850020011,1170,758,56065.0,15782.0,733,332,141
360850020012,1739,798,100000.0,21046.0,684,209,230
360850020021,2046,1287,92788.0,48415.0,779,284,390
360850020022,1136,938,,,492,204,257
360850021000,0,0,,,0,0,0
360850021001,1285,413,84453.0,40927.0,387,172,340
360850021002,1353,633,51375.0,30833.0,711,619,243
360850021003,2211,370,,,803,617,605
360850027001,911,456,24048.0,12209.0,130,108,66
360850027002,894,43,32206.0,18439.0,248,197,312
360850029001,875,169,49151.0,16411.0,308,207,206
360850029002,2144,96,12054.0,2902.0,863,841,661
360850029003,779,44,65833.0,37481.0,284,44,89
360850029004,1069,47,61429.0,29889.0,284,170,252
360850033002,2092,1050,84643.0,36631.0,784,450,592
360850036001,1696,621,132946.0,39240.0,463,239,583
360850039001,738,586,75441.0,14424.0,338,255,119
360850039002,1635,769,80199.0,10844.0,659,547,226
360850040012,1540,665,50625.0,21950.0,567,0,232
360850040021,1096,0,80941.0,39405.0,277,0,434
360850040031,880,0,,,417,417,212
360850040033,1511,0,13571.0,11173.0,460,379,576
360850040041,1652,347,,,669,411,217
360850047001,1901,1070,76563.0,14962.0,542,115,185
360850047002,846,650,113750.0,46210.0,377,77,175
360850050002,1009,690,65583.0,28709.0,316,170,282
360850050003,673,472,,,230,35,138
360850059012,1884,1210,68795.0,24701.0,705,277,396
360850059021,0,0,,,0,0,0
360850064002,461,386,64779.0,29669.0,181,33,72
360850064003,2011,758,30977.0,6435.0,752,489,511
360850067002,887,682,170742.0,63469.0,363,71,109
360850067003,795,676,107083.0,53694.0,343,208,173
360850070012,1210,981,64198.0,19366.0,428,0,184
360850070020,0,0,,,0,0,0
360850070022,3207,2219,120139.0,88195.0,962,204,541
360850070023,1834,1005,126250.0,62528.0,331,52,368
360850074001,1981,1085,,,819,192,453
360850074003,0,0,,,0,0,0
360850075001,653,75,2499.0,-333333333.0,167,123,217
360850075003,2281,1262,93393.0,20560.0,502,192,398
360850077001,1635,156,77125.0,12231.0,517,280,483
360850081001,1844,909,30168.0,7545.0,953,657,361
360850081002,1267,452,83182.0,60590.0,370,176,155
360850081003,1271,366,74178.0,29972.0,474,87,219
360850096011,2055,1559,101123.0,12416.0,727,250,463
360850096012,2601,2028,80481.0,34327.0,855,299,282
360850096021,1042,592,112292.0,48486.0,349,109,253
360850096022,746,475,79286.0,21181.0,344,184,25
360850096023,1405,1206,64212.0,14377.0,638,323,365
360850097010,0,0,,,0,0,0
360850097011,1362,298,63724.0,29318.0,448,281,474
360850097012,1479,417,119286.0,26365.0,532,101,418
360850097013,1490,896,100625.0,25237.0,533,230,431
360850097020,0,0,,,0,0,0
360850097021,0,0,,,0,0,0
360850105001,583,273,92250.0,40256.0,223,67,89
360850105003,689,542,145278.0,61474.0,214,31,169
360850105004,1383,415,,,557,377,396
360850112010,0,0,,,0,0,0
360850112011,1450,1077,66434.0,23308.0,471,130,321
360850112013,2426,1572,103906.0,19489.0,772,185,514
360850112014,0,0,,,0,0,0
360850112032,2541,1666,66083.0,11641.0,870,263,625
360850112033,1626,681,81548.0,21627.0,594,278,474
360850112041,233,19,96974.0,96395.0,66,66,35
360850112042,0,0,,,0,0,0
360850114012,2328,686,46092.0,14636.0,962,583,500
360850114021,1048,890,113306.0,35918.0,328,49,202
360850114023,1072,931,86094.0,33388.0,433,98,148
360850121001,929,801,124318.0,32619.0,366,0,222
360850121003,1409,1266,133462.0,64074.0,598,50,213
360850122001,1631,796,93333.0,48295.0,406,122,732
360850122003,813,779,103750.0,43728.0,325,61,67
360850122004,716,462,80625.0,40922.0,224,65,151
360850125002,1006,498,90197.0,19597.0,329,142,308
360850125003,820,638,106607.0,37720.0,278,112,207
360850128041,1975,1483,75500.0,35874.0,740,266,380
360850128042,2121,1167,90699.0,24102.0,788,208,419
360850128050,0,0,,,0,0,0
360850128051,2212,1855,103974.0,18393.0,696,117,412
360850128053,0,0,,,0,0,0
360850128054,56,56,,,23,23,0
360850128061,640,536,71250.0,10519.0,246,33,161
360850128063,1647,798,31589.0,7726.0,967,967,84
360850128064,0,0,,,0,0,0
360850132011,602,447,111250.0,28439.0,218,37,135
360850132012,745,686,110625.0,38890.0,278,14,151
360850132031,1221,956,75500.0,29207.0,448,74,247
360850132032,2200,1824,82059.0,59780.0,740,199,369
