block_geoid,pop
360050001000001,0
360050001001001,1344
360050001000002,0
360050001001000,171
360050001001002,367
360050001001003,1890
360050002001000,310
360050002003004,45
360050002003007,108
360050002003010,62
360050002003014,60
360050002003017,24
360050002003020,19
360050002003023,18
360050002003026,30
360050002000001,0
360050002001001,274
360050002001002,306
360050002001003,276
360050002001004,164
360050002001005,0
360050002002000,195
360050002002001,220
360050002002002,242
360050002002003,221
360050002002004,166
360050002002005,63
360050002002006,784
360050002002007,112
360050002002008,54
360050002003000,156
360050002003001,147
360050002003002,57
360050002003003,34
360050002003005,125
360050002003006,32
360050002003008,31
360050002003009,20
360050002003011,103
360050002003012,99
360050002003013,16
360050002003015,27
360050002003016,3
360050002003018,11
360050002003019,23
360050002003021,47
360050002003022,43
360050002003024,18
360050002003025,34
360050004001001,279
360050004001004,29
360050004002002,587
360050004002005,172
360050004004003,0
360050004000001,0
360050004000002,0
360050004001000,564
360050004001002,43
360050004001003,132
360050004002000,36
360050004002001,0
360050004002003,251
360050004002004,137
360050004002006,250
360050004003000,457
360050004003001,184
360050004003002,192
360050004003003,169
360050004003004,54
360050004003005,1029
360050004003006,54
360050004003007,169
360050004003008,576
360050004003009,100
360050004003010,111
360050004004000,245
360050004004001,170
360050004004002,108
360050004004004,174
360050004004005,0
360050016002000,313
360050016002003,0
360050016003000,745
360050016004002,0
360050016004006,303
360050016004009,139
360050016001000,2455
360050016002001,329
360050016002002,61
360050016002004,276
360050016002005,31
360050016004000,0
360050016004001,214
360050016004003,0
360050016004004,0
360050016004005,63
360050016004007,386
360050016004008,316
360050016004010,164
360050019011001,0
360050019011004,0
360050019011008,0
360050019011011,278
360050019011014,652
360050019011003,0
360050019011000,0
360050019011002,0
360050019011005,88
360050019011006,27
360050019011007,26
360050019011009,0
360050019011010,506
360050019011012,715
360050019011013,0
360050019021016,0
360050019021019,269
360050019021023,0
360050019021026,0
360050019021029,0
360050019021032,0
360050019021036,237
360050019021039,38
360050019021042,19
360050019021000,0
360050019021001,0
360050019021002,0
360050019021003,0
360050019021004,0
360050019021005,0
360050019021006,0
360050019021007,0
360050019021008,0
360050019021009,0
360050019021010,0
360050019021011,0
360050019021012,0
360050019021013,2
360050019021014,0
360050019021015,214
360050019021017,259
360050019021018,96
360050019021020,0
360050019021021,0
360050019021022,56
360050019021024,0
360050019021025,0
360050019021027,0
360050019021028,0
360050019021030,0
360050019021031,0
360050019021033,296
360050019021034,0
360050019021035,0
360050019021037,38
360050019021038,0
360050019021040,0
360050019021041,0
360050019021043,30
360050019021044,0
360050019021045,0
360050019021046,0
360050019021047,0
360050019021048,0
360050019021049,0
360050019021050,0
360050019021051,59
360050019031004,0
360050019031008,0
360050019031011,0
360050019031014,0
360050019032002,0
360050019032005,0
360050019032008,0
360050019032011,0
360050019031000,0
360050019031001,0
360050019031002,0
360050019031003,0
360050019031005,0
360050019031006,0
360050019031007,0
360050019031009,0
360050019031010,0
360050019031012,0
360050019031013,0
360050019031015,0
360050019032000,0
360050019032001,0
360050019032003,0
360050019032004,0
360050019032006,0
360050019032007,0
360050019032009,0
360050019032010,0
360050019032012,2
360050019032013,0
360050019032014,0
360050019040001,0
360050019041000,0
360050019040002,0
360050019040003,0
360050019042000,0
360050020011001,0
360050020013000,724
360050020011000,373
360050020011002,1949
360050020011003,0
360050020012000,1961
360050020021000,117
360050020021001,422
360050020021002,442
360050020021003,416
360050020021004,68
360050020022000,355
360050020022001,224
360050020022002,337
360050020022003,1095
360050020023000,336
360050020023001,403
360050020023002,369
360050023003000,1600
360050023001000,1284
360050023001001,1406
360050023001002,0
360050023002000,452
360050024001001,0
360050024001004,0
360050024001008,0
360050024001003,0
360050024000001,0
360050024001000,0
360050024001002,0
360050024001005,0
360050024001006,0
360050024001007,6
360050024001009,0
360050025001001,188
360050025004000,964
360050025005002,401
360050025001000,883
360050025002000,1462
360050025003000,1064
360050025005000,356
360050025005001,124
360050027012000,736
360050027011000,42
360050027011001,1006
360050027011002,133
360050027012001,1163
360050027021001,1011
360050027022000,0
360050027023001,817
360050027021000,0
360050027021002,442
360050027021003,0
360050027022001,405
360050027022002,558
360050027023000,872
360050027024000,890
360050028001016,460
360050028003000,1124
360050028001000,0
360050028001001,0
360050028001002,0
360050028001003,129
360050028001004,15
360050028001005,398
360050028001006,0
360050028001007,0
360050028001008,0
360050028001009,0
360050028001010,0
360050028001011,0
360050028001012,31
360050028001013,0
360050028001014,0
360050028001015,400
360050028001017,0
360050028002000,1894
360050028004000,1402
360050031001002,0
360050031001007,0
360050031001008,0
360050031001000,798
360050031001001,1070
360050031001003,553
360050031001004,417
360050031001005,53
360050031001006,73
360050031001009,0
360050033001000,59
360050033001001,0
360050033001005,209
360050033003001,651
360050033001003,140
360050033001004,300
360050033001006,0
360050033002000,272
360050033002001,1053
360050033003000,151
360050033003002,313
360050033003003,409
360050033001002,132
360050035002000,1502
360050035001001,504
360050035001000,0
360050035001002,21
360050035001003,147
360050035001004,39
360050035001005,62
360050035001006,0
360050035001007,0
360050035001008,138
360050035003000,417
360050035003001,505
360050035003002,391
360050037001000,340
360050038001000,498
360050038001002,616
360050038001004,0
360050038001001,569
360050038001003,0
360050039002000,580
360050039003002,556
360050039001000,581
360050039001001,672
360050039002001,1035
360050039003000,304
360050039003001,133
360050039004000,1034
360050039005000,512
360050039005001,938
360050040011003,506
360050040011000,394
360050040011001,88
360050040011002,222
360050040011004,295
360050040011005,234
360050041001002,375
360050041002001,825
360050041001000,798
360050041001001,505
360050041002000,549
360050041003000,1
360050041003001,122
360050041004000,671
360050041004001,1954
360050041002002,346
360050042003004,0
360050042003007,0
360050042003010,0
360050042005000,0
360050042001000,725
360050042001002,28
360050042003000,0
360050042001001,0
360050042002000,2272
360050042002001,0
360050042003001,0
360050042003002,0
360050042003003,0
360050042003005,0
360050042003006,0
360050042003008,1237
360050042003009,277
360050042004000,746
360050042004001,0
360050042005001,514
360050042005002,0
360050042005003,0
360050042005004,426
360050042006000,0
360050042006001,0
360050042006002,0
360050042006003,0
360050042006004,0
360050042007000,976
360050043002000,0
360050043002005,724
360050043002007,95
360050043002009,24
360050043002010,550
360050043004001,345
360050043001000,507
360050043001001,335
360050043001002,313
360050043002001,0
360050043002002,179
360050043002003,22
360050043002004,660
360050043002006,92
360050043002008,65
360050043003000,746
360050043003001,427
360050043004000,481
360050043004002,119
360050043004003,199
360050044004001,74
360050044001000,1286
360050044001001,0
360050044002000,643
360050044003000,313
360050044003001,414
360050044003002,1004
360050044004000,908
360050044004002,0
360050046001001,0
360050046001002,0
360050046001006,586
360050046001008,194
360050046001009,95
360050046001011,294
360050046001000,24
360050046001003,162
360050046001004,0
360050046001005,319
360050046001007,302
360050046001010,0
360050048002004,0
360050048002000,1129
360050048002002,715
360050048002005,0
360050048001000,0
360050048001001,0
360050048001002,0
360050048001003,1727
360050048001004,222
360050048002001,309
360050048002003,82
360050050011001,387
360050050011000,839
360050050012000,1498
360050050013000,1168
360050050014000,1068
360050050021000,1271
360050050021001,1335
360050050022000,1266
360050050023000,1249
360050050024000,1397
360050051002012,168
360050051003000,2234
360050051003001,187
360050051002001,494
360050051001018,0
360050051001000,0
360050051001001,158
360050051001002,77
360050051001003,0
360050051001004,0
360050051001005,0
360050051001006,0
360050051001007,0
360050051001008,0
360050051001009,0
360050051001010,0
360050051001011,4
360050051001012,0
360050051001014,108
360050051001015,0
360050051001016,27
360050051001013,0
360050051001017,0
360050051001019,0
360050051002000,0
360050051002002,42
360050051002003,0
360050051002004,6
360050051002005,0
360050051002006,35
360050051002007,2581
360050051002008,106
360050051002009,34
360050051002010,198
360050051002011,0
360050052001000,292
360050052001001,26
360050052001002,0
360050052001003,0
360050052001004,507
360050052002000,1305
360050053002000,2209
360050053001000,2162
360050053001001,0
360050053001002,0
360050053001003,0
360050053002001,0
360050053002002,0
360050054001000,356
360050054001001,1055
360050054002000,899
360050054002001,1016
360050054002002,945
360050054003000,538
360050054003001,103
360050054003002,423
360050054004000,1469
360050056001000,924
360050056003000,0
360050056003001,157
360050056003002,417
360050056003003,408
360050056003004,112
360050056001001,22
360050056002000,823
360050059021001,0
360050059021000,360
360050059021002,537
360050059022000,1092
360050059022001,588
360050060002002,0
360050060001002,336
360050060002010,0
360050060001000,0
360050060001001,216
360050060001003,0
360050060001004,574
360050060001005,0
360050060001006,133
360050060001007,0
360050060001008,0
360050060001009,0
360050060002000,0
360050060002001,0
360050060002003,0
360050060002004,3
360050060002005,0
360050060002006,0
360050060002007,0
360050060002008,0
360050060002009,0
360050060002011,0
360050060002012,0
360050060002013,0
360050061004003,37
360050061004004,26
360050061002001,1082
360050061003000,1158
360050061004000,4
360050061004001,0
360050061001000,31
360050061002000,1106
360050061004002,0
360050062002000,1528
360050062005000,0
360050062005001,0
360050062001002,0
360050062001003,0
360050062001004,605
360050062001005,622
360050062003000,1898
360050062004000,1296
360050062005002,672
360050062001000,0
360050062001001,148
360050063016004,0
360050063016007,0
360050063016010,127
360050063016013,0
360050063011000,0
360050063011001,0
360050063011003,452
360050063014004,295
360050063015005,0
360050063016000,0
360050063016002,0
360050063016003,0
360050063016005,0
360050063016006,0
360050063016008,0
360050063016009,0
360050063016011,278
360050063016012,61
360050063016014,153
360050063016015,86
360050063016016,0
360050063011002,0
360050063011004,453
360050063011005,0
360050063012000,371
360050063012001,795
360050063013000,1114
360050063013001,0
360050063013002,0
360050063014000,22
360050063014001,1638
360050063014002,0
360050063014003,21
360050063015000,18
360050063015001,0
360050063015002,316
360050063015003,310
360050063015004,0
360050063015006,0
360050063015007,0
360050063015008,0
360050063015009,0
360050063015010,0
360050063015011,0
360050063015012,0
360050063015013,28
360050063015014,29
360050063016001,0
360050063021000,0
360050063021003,19
360050063021006,0
360050063021001,0
360050063021002,0
360050063021004,0
360050063021005,0
360050063021007,0
360050063021008,0
360050063021009,0
360050064001000,536
360050064001001,500
360050064001002,512
360050064001003,292
360050064001004,0
360050064002000,746
360050064003000,591
360050064003001,0
360050064004000,379
360050064004001,483
360050064004002,147
360050065001002,49
360050065001005,651
360050065002002,1532
360050065004002,151
360050065004005,400
360050065001000,35
360050065001001,422
360050065001003,0
360050065001004,80
360050065002000,568
360050065002001,1335
360050065003000,853
360050065004000,0
360050065004001,152
360050065004003,0
360050065004004,23
360050067001002,328
360050067001005,132
360050067003000,706
360050067004001,324
360050067006000,393
360050067006002,590
360050067001000,116
360050067001001,370
360050067001003,0
360050067001004,234
360050067002000,687
360050067002001,208
360050067002002,151
360050067003001,318
360050067004000,720
360050067004002,718
360050067005000,783
360050067006001,115
360050068001000,452
360050068002000,0
360050068001001,408
360050068001002,471
360050068002001,0
360050068002002,34
360050068002003,684
360050068003000,0
360050068003001,636
360050068003002,734
360050069002002,401
360050069002005,91
360050069004000,976
360050069001000,336
360050069001001,275
360050069001002,688
360050069001003,476
360050069001004,194
360050069001005,253
360050069001006,148
360050069001007,80
360050069001008,302
360050069002000,141
360050069002001,642
360050069002003,496
360050069002004,73
360050069002006,52
360050069003000,654
360050069003001,686
360050070001002,163
360050070001005,299
360050070003000,501
360050070001000,432
360050070001001,529
360050070001003,670
360050070001004,570
360050070002000,499
360050070002001,475
360050070003001,369
360050070003002,514
360050071001000,0
360050071001004,155
360050071001007,102
360050071002001,0
360050071002004,0
360050071002008,0
360050071002006,0
360050071001001,0
360050071001002,233
360050071001003,128
360050071001005,75
360050071001006,111
360050071001008,47
360050071002000,285
360050071002002,96
360050071002003,197
360050071002005,1195
360050071002007,158
360050071002009,0
360050071002010,0
360050071002011,0
360050071002012,0
360050071002013,0
360050071002014,7
360050072003004,970
360050072004000,963
360050072001000,0
360050072001001,556
360050072001002,496
360050072001003,969
360050072002000,1424
360050072002001,427
360050072002002,412
360050072003000,28
360050072003001,46
360050072003002,0
360050072003003,0
360050073001001,323
360050073001004,330
360050073001000,446
360050073001002,161
360050073001003,261
360050073002000,512
360050073002001,669
360050073003000,868
360050073003001,635
360050073003002,0
360050074001000,388
360050074002000,192
360050074003000,1086
360050074001001,383
360050074001002,418
360050074002001,289
360050074002002,780
360050075002000,104
360050075001000,1086
360050075001001,670
360050075002001,223
360050075002002,418
360050075002003,1597
360050075002004,0
360050075002005,245
360050075002006,118
360050075002007,183
360050075002008,278
360050075003000,985
360050075004000,27
360050075004001,815
360050076003001,308
360050076004002,504
360050076005000,150
360050076005003,0
360050076001000,98
360050076001001,522
360050076002000,586
360050076002001,576
360050076003000,589
360050076004000,36
360050076004001,92
360050076004003,643
360050076004004,0
360050076004005,422
360050076005001,348
360050076005002,495
360050076005004,32
360050076005005,281
360050077001000,228
360050077001003,100
360050077001006,175
360050077001010,0
360050077001001,137
360050077001002,220
360050077001004,294
360050077001005,130
360050077001007,119
360050077001008,21
360050077001009,66
360050077001011,264
360050077001012,220
360050078001000,0
360050078001003,433
360050078002000,0
360050078002004,496
360050078002002,306
360050078001001,44
360050078001002,340
360050078001004,474
360050078001005,423
360050078002001,0
360050078002003,698
360050078002005,302
360050078002006,649
360050078002007,518
360050078003000,370
360050078003001,858
360050078004000,225
360050078004001,901
360050079004000,378
360050079004003,137
360050079001000,539
360050079001001,133
360050079001002,574
360050079001003,288
360050079002000,526
360050079002001,278
360050079003000,260
360050079003001,633
360050079003002,185
360050079004001,799
360050079004002,224
360050079004004,70
360050079005000,852
360050079006000,950
360050083001000,409
360050083002000,369
360050083003001,276
360050083005000,911
360050083006002,0
360050083001001,480
360050083001002,188
360050083002001,316
360050083003000,993
360050083004000,472
360050083004001,783
360050083006000,552
360050083006001,373
360050083006003,0
360050084002000,262
360050084002003,340
360050084002006,206
360050084001000,335
360050084001001,510
360050084002001,278
360050084002002,299
360050084002004,322
360050084002005,35
360050085001002,957
360050085002003,225
360050085002001,232
360050085001000,27
360050085001001,0
360050085002000,98
360050085002002,749
360050085002004,0
360050085002005,607
360050085003000,312
360050085003001,329
360050085003002,42
360050085003003,368
360050085004000,906
360050085005000,1042
360050086001000,379
360050086001001,376
360050086001002,204
360050086002000,1602
360050086003000,1584
360050087001004,262
360050087002000,342
360050087003000,119
360050087004001,446
360050087001005,0
360050087001000,0
360050087001001,346
360050087001002,596
360050087001003,0
360050087001006,0
360050087002001,524
360050087002002,622
360050087003001,741
360050087004000,529
360050087005000,987
360050087005001,462
360050089001000,646
360050089002000,128
360050089002002,592
360050089001001,392
360050089001002,404
360050089001003,264
360050089002001,692
360050090004002,197
360050090000003,0
360050090001001,0
360050090001002,0
360050090001004,30
360050090001005,14
360050090001006,32
360050090002006,0
360050090002007,0
360050090000001,0
360050090000002,0
360050090001000,0
360050090001003,0
360050090001007,0
360050090001008,0
360050090001009,63
360050090001010,97
360050090002000,0
360050090002001,0
360050090002002,0
360050090002003,0
360050090002004,0
360050090002005,0
360050090002008,0
360050090002009,0
360050090002010,0
360050090002011,0
360050090002014,0
360050090002015,33
360050090002016,61
360050090002017,124
360050090002018,20
360050090002019,308
360050090002020,0
360050090003000,734
360050090002012,0
360050090002013,0
360050090003001,0
360050090004000,160
360050090004001,251
360050090004003,278
360050090005000,1509
360050092001001,0
360050092003004,0
360050092003005,62
360050092003006,0
360050092004001,573
360050092005002,0
360050092005003,0
360050092005004,0
360050092001005,0
360050092001006,0
360050092001007,0
360050092002000,443
360050092002001,423
360050092003000,416
360050092003001,471
360050092003002,754
360050092003003,252
360050092004000,468
360050092005000,695
360050092005001,329
360050092001000,1067
360050092001002,0
360050092001003,269
360050092001004,49
360050093014012,0
360050093015000,0
360050093015001,0
360050093015007,51
360050093015008,0
360050093016000,0
360050093016001,0
360050093012001,420
360050093014003,0
360050093014006,0
360050093011000,218
360050093011001,346
360050093011002,517
360050093011003,27
360050093012000,603
360050093012002,391
360050093013000,773
360050093013001,741
360050093013002,36
360050093013003,76
360050093014000,0
360050093014001,0
360050093014002,0
360050093014004,0
360050093014005,0
360050093014007,0
360050093014008,0
360050093014009,0
360050093014010,166
360050093014011,962
360050093015002,0
360050093015003,0
360050093015004,0
360050093015005,0
360050093015006,0
360050093015009,0
360050093015011,57
360050093015012,0
360050093015013,0
360050093016002,0
360050093015010,27
360050093016003,38
360050093016004,35
360050093016005,38
360050093016006,29
360050093016007,0
360050093016008,0
360050093021001,0
360050093021005,0
360050093022011,0
360050093022012,0
360050093022016,0
360050093022020,0
360050093022023,6
360050093022024,0
360050093022025,0
360050093020001,0
360050093021011,3
360050093021013,0
360050093021012,10
360050093021014,0
360050093021015,0
360050093021016,0
360050093021017,0
360050093021018,0
360050093021019,0
360050093021020,0
360050093021021,0
360050093021022,0
360050093021023,0
360050093021025,0
360050093021026,0
360050093021027,473
360050093022000,0
360050093022001,0
360050093022002,0
360050093022003,0
360050093022004,3
360050093021024,0
360050093022005,0
360050093022006,0
360050093022007,0
360050093022008,0
360050093022010,0
360050093022013,0
360050093022014,0
360050093022015,0
360050093022017,0
360050093022018,0
360050093022019,0
360050093022021,0
360050093022022,0
360050093022009,0
360050093022026,0
360050093022027,0
360050093022028,0
360050093022029,0
360050093022030,0
360050093022031,0
360050093020002,0
360050093021000,0
360050093021002,17
360050093021003,0
360050093021004,0
360050093021006,0
360050093021007,0
360050093021008,0
360050093021009,0
360050093021010,0
360050096002014,0
360050096002009,0
360050096002018,0
360050096001003,318
360050096002001,30
360050096001002,343
360050096002000,33
360050096002003,0
360050096002005,0
360050096002006,0
360050096002007,0
360050096002010,0
360050096002011,0
360050096002012,127
360050096002013,152
360050096002015,0
360050096002016,0
360050096002017,0
360050096002019,0
360050096002020,349
360050096002021,0
360050096002022,178
360050096002023,0
360050096002024,0
360050096002025,0
360050096002008,0
360050096001000,341
360050096001001,395
360050096001004,355
360050096001005,325
360050096001006,0
360050096001007,0
360050096001008,0
360050096002002,0
360050096002004,0
360050098002002,257
360050098003001,0
360050098003005,0
360050098003008,226
360050098003011,191
360050098004002,268
360050098005002,0
360050098003006,305
360050098001000,311
360050098001001,405
360050098001002,227
360050098001003,233
360050098001004,120
360050098002000,307
360050098002001,255
360050098002003,222
360050098003000,0
360050098003002,0
360050098003003,0
360050098003004,0
360050098003007,187
360050098003009,155
360050098003010,63
360050098004000,337
360050098004001,242
360050098005000,0
360050098005001,0
360050098005003,0
360050098005004,0
360050098005005,1592
360050110000001,0
360050110001001,0
360050110001004,0
360050110001007,0
360050110000002,0
360050110001000,0
360050110001002,0
360050110001003,0
360050110001005,0
360050110001006,0
360050110001008,0
360050110001009,0
360050110001010,0
360050110001011,0
360050115021014,604
360050115021017,0
360050115022000,699
360050115023001,0
360050115023004,964
360050115021000,0
360050115021001,0
360050115021002,0
360050115021003,0
360050115021004,0
360050115021005,0
360050115021006,0
360050115021007,25
360050115021008,0
360050115021009,0
360050115021010,0
360050115021011,144
360050115021012,602
360050115021013,515
360050115021015,0
360050115021016,45
360050115021018,0
360050115021019,0
360050115022001,478
360050115022002,290
360050115023000,0
360050115023002,0
360050115023003,30
360050117012000,0
360050117012001,0
360050117012002,0
360050117011000,40
360050117011001,0
360050117011002,384
360050117011003,868
360050117011004,256
360050117012003,0
360050117012004,0
360050117012005,0
360050117012006,0
360050117012007,6
360050117012008,0
360050117020001,0
360050117020003,0
360050117021010,0
360050117021012,0
360050117021013,0
360050117021014,0
360050117021019,0
360050117021020,0
360050117020002,0
360050117021000,0
360050117021001,0
360050117021002,0
360050117021003,0
360050117021004,0
360050117021005,0
360050117021006,0
360050117021007,0
360050117021008,0
360050117021009,0
360050117021011,0
360050117021015,0
360050117021016,0
360050117021017,0
360050117021021,0
360050117021022,0
360050117021018,0
360050118003011,104
360050118001004,459
360050118001005,111
360050118001015,0
360050118002000,0
360050118002014,45
360050118002017,76
360050118002018,33
360050118002019,41
360050118002026,21
360050118002027,59
360050118003003,156
360050118003004,108
360050118000001,0
360050118000002,0
360050118000003,0
360050118001010,0
360050118002001,24
360050118002005,0
360050118002006,31
360050118002024,21
360050118003007,129
360050118003008,35
360050118003010,86
360050118003012,67
360050118003009,0
360050118000004,0
360050118000005,0
360050118001000,69
360050118001001,190
360050118001002,140
360050118001003,289
360050118001006,1128
360050118001007,0
360050118001008,0
360050118001009,0
360050118001011,0
360050118001012,238
360050118001013,0
360050118001014,16
360050118002002,49
360050118002003,60
360050118002004,87
360050118002007,67
360050118002008,37
360050118002009,43
360050118002010,184
360050118002011,39
360050118002012,21
360050118002013,34
360050118002015,41
360050118002016,48
360050118002020,20
360050118002021,45
360050118002022,30
360050118002023,31
360050118002025,0
360050118002028,39
360050118002029,0
360050118003000,207
360050118003001,121
360050118003002,195
360050118003005,99
360050118003006,151
360050119001002,0
360050119002001,321
360050119001000,876
360050119001001,1223
360050119002000,622
360050119002002,0
360050119002003,101
360050119003000,746
360050119004000,853
360050119005000,267
360050119005001,694
360050121011003,383
360050121012001,240
360050121011000,185
360050121011001,743
360050121011002,151
360050121012000,0
360050121012002,225
360050121012003,297
360050121012004,522
360050121012005,215
360050121012006,358
360050121021001,655
360050121021002,381
360050121021004,179
360050121021000,315
360050121021003,86
360050123005001,0
360050123006000,29
360050123006003,0
360050123002000,429
360050123001001,1044
360050123001002,520
360050123002001,418
360050123001000,428
360050123002002,156
360050123002003,531
360050123003000,392
360050123003001,801
360050123004000,0
360050123005000,18
360050123005002,0
360050123005003,0
360050123005004,0
360050123006001,0
360050123006002,0
360050123006004,0
360050123006005,0
360050125001002,391
360050125002005,194
360050125002001,393
360050125002002,65
360050125002003,448
360050125002004,340
360050125001001,749
360050125001003,265
360050125001004,357
360050125001005,156
360050125001006,408
360050125001007,25
360050125002000,144
360050125001000,204
360050127011002,122
360050127011000,0
360050127011001,848
360050127011003,248
360050127011004,0
360050127012000,228
360050127012001,410
360050127012002,328
360050129012003,946
360050129011000,0
360050129011001,29
360050129011002,154
360050129011003,331
360050129011004,75
360050129011005,325
360050129011006,462
360050129011007,426
360050129012000,591
360050129012001,1067
360050129012002,517
360050130001002,241
360050130001005,113
360050130001008,93
360050130001000,51
360050130001001,119
360050130001003,286
360050130001004,0
360050130001006,59
360050130001007,32
360050130001009,204
360050131001002,346
360050131002000,628
360050131002003,89
360050131003002,0
360050131004001,508
360050131001000,468
360050131001001,419
360050131001003,211
360050131001004,0
360050131002001,230
360050131002002,292
360050131003000,382
360050131003001,1110
360050131003003,0
360050131003004,212
360050131004000,495
360050132001001,223
360050132002000,110
360050132002003,125
360050132003009,23
360050132004000,84
360050132004004,157
360050132004007,187
360050132005001,109
360050132005004,106
360050132005008,142
360050132005003,319
360050132000001,0
360050132001000,277
360050132001002,308
360050132001003,337
360050132002001,129
360050132002002,90
360050132002004,78
360050132002005,125
360050132002006,260
360050132002007,63
360050132002008,62
360050132003000,198
360050132003001,208
360050132003002,181
360050132003003,108
360050132003004,138
360050132003005,139
360050132003006,158
360050132003007,0
360050132003008,90
360050132003010,44
360050132003011,165
360050132004001,135
360050132004002,194
360050132004003,152
360050132004005,125
360050132004006,218
360050132004008,195
360050132005000,148
360050132005002,176
360050132005005,167
360050132005006,118
360050132005007,84
360050132005009,98
360050132005010,99
360050133001000,2070
360050133002002,95
360050133003000,958
360050133002000,368
360050133002001,453
360050133002003,160
360050133002004,602
360050133004000,1358
360050135001002,0
360050135003000,635
360050135001000,363
360050135001001,418
360050135002000,323
360050135002001,1428
360050135003001,0
360050135003002,611
360050135003003,223
360050135003004,0
360050138002002,27
360050138001011,0
360050138001014,153
360050138001018,47
360050138001021,81
360050138001024,86
360050138001027,79
360050138001031,20
360050138001034,0
360050138001037,19
360050138002000,475
360050138001026,63
360050138002003,53
360050138002004,82
360050138002005,0
360050138000001,0
360050138001000,113
360050138001001,49
360050138001002,25
360050138001003,104
360050138001004,30
360050138001005,178
360050138001006,0
360050138001007,0
360050138001008,0
360050138001009,0
360050138001010,0
360050138001012,0
360050138001013,0
360050138001015,0
360050138001016,34
360050138001017,11
360050138001019,42
360050138001020,57
360050138001022,17
360050138001023,54
360050138001025,92
360050138001028,296
360050138001029,73
360050138001030,83
360050138001032,0
360050138001033,0
360050138001035,0
360050138001036,0
360050138001038,0
360050138001039,56
360050138002001,137
360050138002006,0
360050138002007,0
360050138002008,176
360050138002009,120
360050138002010,128
360050138002011,0
360050141001002,723
360050141002000,480
360050141002003,0
360050141003001,83
360050141003004,453
360050141003007,543
360050141001004,0
360050141001000,260
360050141001001,717
360050141001003,348
360050141002001,192
360050141002002,1709
360050141002004,0
360050141002005,0
360050141003000,235
360050141003002,700
360050141003003,497
360050141003005,91
360050141003006,313
360050143001002,420
360050143001006,0
360050143001009,139
360050143001000,0
360050143001001,0
360050143001003,391
360050143001004,0
360050143001005,0
360050143001007,137
360050143001008,86
360050143001010,725
360050144002000,0
360050144003000,661
360050144001000,298
360050144002001,0
360050144002002,886
360050144004000,1071
360050144005000,1089
360050144005001,271
360050144005002,253
360050144005003,413
360050144006000,0
360050144006001,0
360050144006002,0
360050144006003,235
360050144006004,287
360050144006005,138
360050144006006,0
360050144006007,177
360050144006008,267
360050145004000,1139
360050145004003,79
360050145001000,1276
360050145001001,1231
360050145002000,1694
360050145003000,545
360050145003001,618
360050145004001,344
360050145004002,129
360050147011000,2301
360050147013000,1685
360050147012001,1613
360050147012000,762
360050147022001,681
360050147022004,328
360050147021000,943
360050147022000,291
360050147022002,381
360050147022003,0
360050147023000,826
360050147024000,1631
360050149001001,419
360050149002001,822
360050149003002,628
360050149001000,222
360050149001002,1090
360050149002000,521
360050149003000,0
360050149003001,1021
360050151001002,180
360050151002002,0
360050151003000,485
360050151001000,442
360050151001001,126
360050151001003,221
360050151002000,435
360050151002001,503
360050151002003,372
360050151002004,379
360050151003001,310
360050151003002,107
360050151003003,952
360050151004000,358
360050151004001,266
360050151004002,321
360050151004003,175
360050151004004,189
360050151004005,136
360050152002001,228
360050152002004,127
360050152002008,133
360050152001000,227
360050152001001,223
360050152001002,125
360050152001003,0
360050152001004,125
360050152001005,307
360050152002000,190
360050152002002,332
360050152002003,196
360050152002005,113
360050152002006,114
360050152002007,88
360050152002009,0
360050152002010,65
360050153001000,37
360050153001003,48
360050153001006,463
360050153001010,44
360050153002001,386
360050153003002,553
360050153001005,153
360050153001001,127
360050153001002,123
360050153001004,143
360050153001007,503
360050153001008,79
360050153001009,231
360050153001011,60
360050153002000,449
360050153003000,386
360050153003001,473
360050155002001,180
360050155002005,261
360050155001000,1899
360050155002000,375
360050155002002,32
360050155002003,91
360050155002004,53
360050157002004,557
360050157003002,260
360050157003005,0
360050157004003,669
360050157001002,0
360050157001000,0
360050157001001,0
360050157002000,0
360050157002001,726
360050157002002,221
360050157002003,478
360050157003000,0
360050157003001,572
360050157003003,410
360050157003004,742
360050157004000,424
360050157004001,121
360050157004002,362
360050158001002,212
360050158001005,117
360050158001008,0
360050158001000,0
360050158001001,306
360050158001003,108
360050158001004,123
360050158001006,386
360050158001007,190
360050158001009,0
360050159002000,243
360050159001000,934
360050159001001,1036
360050159002001,268
360050160001000,86
360050160001003,241
360050160001006,145
360050160003001,194
360050160003004,128
360050160004002,127
360050160004005,90
360050160000001,0
360050160001001,197
360050160001002,94
360050160001004,209
360050160001005,240
360050160001007,162
360050160001008,212
360050160002000,195
360050160002001,225
360050160002002,145
360050160002003,0
360050160002004,44
360050160002005,17
360050160002006,0
360050160002007,0
360050160002008,20
360050160002009,0
360050160002010,119
360050160002011,135
360050160003000,111
360050160003002,128
360050160003003,226
360050160003005,74
360050160004000,105
360050160004001,122
360050160004003,101
360050160004004,111
360050161001002,37
360050161001005,322
360050161001009,185
360050161002001,523
360050161004000,816
360050161001004,603
360050161001000,0
360050161001001,0
360050161001003,217
360050161001006,189
360050161001007,0
360050161001008,159
360050161001010,92
360050161002000,0
360050161002002,511
360050161003000,1116
360050161004001,473
360050162001001,255
360050162002001,193
360050162002004,73
360050162001000,369
360050162001002,177
360050162001003,206
360050162002000,267
360050162002002,163
360050162002003,104
360050162002005,101
360050163001000,0
360050163001001,34
360050163001002,0
360050163001003,0
360050163001004,0
360050164001010,75
360050164001000,153
360050164001001,162
360050164001002,45
360050164001003,9
360050164001004,107
360050164001005,102
360050164001006,80
360050164001007,88
360050164001008,142
360050164001009,107
360050164001011,78
360050164001012,73
360050165001000,0
360050165001004,0
360050165001007,0
360050165001010,0
360050165001013,0
360050165001017,0
360050165001020,0
360050165001023,0
360050165001012,47
360050165001001,0
360050165001002,0
360050165001003,0
360050165001005,0
360050165001006,0
360050165001008,0
360050165001009,77
360050165001011,0
360050165001014,46
360050165001015,279
360050165001016,0
360050165001018,0
360050165001019,173
360050165001021,475
360050165001022,0
360050166001002,270
360050166001006,133
360050166002000,214
360050166001000,109
360050166001001,448
360050166001003,182
360050166001004,172
360050166001005,152
360050166001007,97
360050166001008,122
360050166002001,207
360050166002002,0
360050166002003,169
360050166002004,117
360050166002005,0
360050166002006,0
360050166002007,233
360050167002006,0
360050167002007,0
360050167002008,1640
360050167002009,83
360050167001000,670
360050167001001,263
360050167002000,345
360050167002001,237
360050167002002,0
360050167002003,0
360050167002004,97
360050167002005,38
360050169001002,37
360050169001005,370
360050169001001,210
360050169001003,339
360050169001004,190
360050169001006,278
360050169001000,162
360050171001001,0
360050171001000,10
360050173001003,260
360050173002001,521
360050173003002,988
360050173004002,601
360050173001000,55
360050173001001,141
360050173001002,446
360050173001004,348
360050173002000,450
360050173003000,0
360050173003001,945
360050173004000,1080
360050173004001,560
360050175002001,522
360050175004000,207
360050175005000,756
360050175001000,682
360050175001001,758
360050175002000,498
360050175003000,369
360050175003001,886
360050175004001,979
360050175004002,451
360050175006000,880
360050177011001,602
360050177013001,715
360050177011000,250
360050177011002,882
360050177012000,1084
360050177013000,770
360050177013002,451
360050177021000,879
360050177022000,88
360050177022001,1212
360050177023000,534
360050177023001,1037
360050177024000,1229
360050179011000,885
360050179011001,1763
360050179012000,579
360050179012001,0
360050179013000,673
360050179013001,1224
360050179013002,0
360050179022000,1095
360050179023002,965
360050179021000,479
360050179021001,908
360050179022001,0
360050179023000,0
360050179023001,0
360050181011002,565
360050181013000,760
360050181011000,323
360050181011001,485
360050181011003,305
360050181012000,861
360050181021002,204
360050181022002,229
360050181024000,1506
360050181021000,28
360050181021001,772
360050181021003,0
360050181022000,835
360050181022001,740
360050181022003,0
360050181023000,1196
360050181024001,0
360050183011001,0
360050183012000,494
360050183013000,0
360050183013003,0
360050183011000,1073
360050183011002,0
360050183011003,559
360050183011004,0
360050183012001,669
360050183012002,0
360050183013001,612
360050183013002,1016
360050183021000,967
360050183021001,524
360050183022000,5
360050183022001,887
360050183022002,0
360050183022003,42
360050183023000,281
360050183023001,437
360050183023002,543
360050184002001,158
360050184002004,191
360050184002007,0
360050184002010,0
360050184003003,71
360050184003006,86
360050184004001,94
360050184004004,72
360050184004008,106
360050184001006,117
360050184001000,106
360050184001001,161
360050184001002,150
360050184001003,128
360050184001004,159
360050184001005,155
360050184002000,78
360050184002002,254
360050184002003,156
360050184002005,276
360050184002006,118
360050184002008,0
360050184002009,0
360050184003000,117
360050184003001,335
360050184003002,134
360050184003004,154
360050184003005,126
360050184003007,20
360050184004000,132
360050184004002,175
360050184004003,109
360050184004005,136
360050184004006,107
360050184004007,0
360050184004009,148
360050185011001,102
360050185011004,386
360050185011000,589
360050185011002,149
360050185011003,281
360050185011005,521
360050185011006,466
360050185011007,344
360050185011008,225
360050185011009,13
360050185022005,168
360050185024000,741
360050185024003,290
360050185022004,1379
360050185023000,250
360050185023001,437
360050185023002,586
360050185024001,187
360050185024002,29
360050185021000,1184
360050185021001,234
360050185022000,677
360050185022001,0
360050185022002,69
360050185022003,211
360050189001002,0
360050189001006,0
360050189001009,0
360050189001000,757
360050189001001,534
360050189001003,0
360050189001004,0
360050189001005,11
360050189001007,0
360050189001008,502
360050189001010,0
360050189001011,0
360050189001012,38
360050189002000,852
360050189002001,1538
360050189003000,141
360050189003001,625
360050189003002,381
360050189003003,723
360050189003004,297
360050189004000,692
360050189004001,329
360050189004002,479
360050189004003,461
360050193001001,573
360050193003000,0
360050193003004,1024
360050193004002,127
360050193001000,831
360050193001002,681
360050193002000,1661
360050193003001,0
360050193003002,0
360050193003003,0
360050193004000,225
360050193004001,535
360050193004003,363
360050194001001,0
360050194001004,0
360050194001008,245
360050194001011,385
360050194001014,0
360050194001017,0
360050194001021,0
360050194001024,0
360050194001003,0
360050194001000,0
360050194001002,0
360050194001005,0
360050194001006,368
360050194001007,108
360050194001009,312
360050194001010,132
360050194001012,0
360050194001013,349
360050194001015,123
360050194001016,0
360050194001018,0
360050194001019,0
360050194001020,0
360050194001022,0
360050194001023,0
360050194001025,0
360050194001026,0
360050194001027,0
360050194001028,0
360050194001029,0
360050194001030,0
360050194001031,0
360050195002006,218
360050195002009,0
360050195004001,36
360050195001000,1199
360050195001001,295
360050195001002,945
360050195002000,0
360050195002001,531
360050195002002,215
360050195002003,62
360050195002004,1387
360050195002005,0
360050195002007,0
360050195002008,0
360050195002010,0
360050195003000,1844
360050195004000,0
360050195004002,777
360050195004003,0
360050197001000,0
360050197001003,0
360050197002002,1013
360050197004000,0
360050197005000,0
360050197002001,214
360050197001001,662
360050197001002,1302
360050197002000,379
360050197003000,26
360050197003001,1058
360050197003002,676
360050197004001,0
360050197004002,825
360050197005001,1058
360050199002000,1674
360050199004000,715
360050199005000,1168
360050199001000,883
360050199003000,320
360050199003001,329
360050199004001,312
360050199004002,1051
360050199004003,321
360050199006000,598
360050199006001,538
360050200001000,88
360050200004006,125
360050200004009,0
360050200004013,21
360050200004016,0
360050200001001,185
360050200001002,325
360050200001003,302
360050200001004,410
360050200002000,1402
360050200002001,831
360050200003000,0
360050200003001,0
360050200003002,17
360050200003003,0
360050200004000,24
360050200004001,227
360050200004002,60
360050200004003,159
360050200004004,54
360050200004005,215
360050200004007,264
360050200004008,161
360050200004010,53
360050200004011,66
360050200004012,170
360050200004014,13
360050200004015,31
360050200004017,17
360050200004018,15
360050201001000,0
360050201001004,0
360050201001007,459
360050201001001,0
360050201001002,0
360050201001003,395
360050201001005,0
360050201001006,0
360050201001008,663
360050201001009,0
360050201001010,0
360050201001011,0
360050201001012,0
360050201001013,0
360050201001014,0
360050201001015,0
360050201001016,0
360050201001017,0
360050201002000,385
360050201002001,250
360050201002002,871
360050201003000,1322
360050201003001,0
360050202001002,272
360050202001005,296
360050202002002,96
360050202002001,214
360050202001000,156
360050202001001,155
360050202001003,178
360050202001004,137
360050202002000,346
360050202002003,240
360050202002004,233
360050202002005,466
360050204001000,475
360050204002000,66
360050204002003,154
360050204003000,364
360050204003004,47
360050204001001,228
360050204001002,182
360050204002001,196
360050204002002,238
360050204002004,81
360050204002005,115
360050204003001,388
360050204003002,292
360050204003003,303
360050205011002,0
360050205011005,0
360050205011009,0
360050205011000,0
360050205011001,0
360050205011003,0
360050205011004,0
360050205011006,0
360050205011007,0
360050205011008,0
360050205011010,0
360050205011011,0
360050205012000,0
360050205012001,0
360050205012002,0
360050205012003,0
360050205012004,1378
360050205013000,2045
360050205014000,404
360050205014001,734
360050205014002,784
360050205015000,702
360050205015001,1812
360050205015002,0
360050205023000,172
360050205021000,453
360050205021001,714
360050205022000,365
360050205023001,758
360050206011001,259
360050206012000,158
360050206012003,233
360050206012007,216
360050206011000,362
360050206011002,552
360050206011003,279
360050206012001,198
360050206012002,148
360050206012004,93
360050206012005,283
360050206012006,218
360050206012008,261
360050206012009,17
360050209001000,20
360050209001003,22
360050209004000,0
360050209004003,648
360050209004006,0
360050209001001,374
360050209001002,0
360050209001004,261
360050209002000,972
360050209003000,1311
360050209004001,491
360050209004002,724
360050209004004,0
360050209004005,0
360050210012000,1407
360050210014001,312
360050210011000,351
360050210011001,502
360050210012001,283
360050210013000,888
360050210014000,754
360050210015000,797
360050210016000,767
360050210016001,311
360050210017000,2574
360050210017001,0
360050210027001,44
360050210021000,1761
360050210022000,632
360050210023000,723
360050210024000,337
360050210024001,910
360050210024002,0
360050210025000,777
360050210025001,0
360050210026000,892
360050210027000,782
360050210028000,997
360050211001001,444
360050211002000,0
360050211003001,1055
360050211004002,306
360050211001000,385
360050211001002,337
360050211001003,316
360050211002001,1062
360050211002002,621
360050211003000,382
360050211004000,99
360050211004001,815
360050211004003,0
360050212001001,235
360050212003000,2059
360050212001000,496
360050212001002,301
360050212002000,1362
360050212004000,653
360050212004001,891
360050212005000,599
360050213011000,329
360050213012000,186
360050213011001,0
360050213011002,0
360050213012001,351
360050213012002,398
360050213012003,0
360050213012004,0
360050213022002,492
360050213024001,1071
360050213021000,2211
360050213022000,277
360050213022001,165
360050213023000,823
360050213024000,791
360050215013000,667
360050215011000,804
360050215011001,688
360050215012000,1260
360050215013001,659
360050215021001,123
360050215022001,637
360050215024000,713
360050215021000,717
360050215021002,495
360050215022000,608
360050215023000,782
360050215023001,395
360050215023002,326
360050215025000,1564
360050216011001,452
360050216012000,312
360050216012004,99
360050216012007,0
360050216014001,195
360050216011000,470
360050216011002,785
360050216011003,0
360050216012001,442
360050216012002,688
360050216012003,62
360050216012005,0
360050216012006,0
360050216013000,603
360050216014000,211
360050216014002,382
360050216022000,753
360050216023000,463
360050216023001,0
360050216023002,315
360050216023003,0
360050216023004,0
360050216024000,565
360050216024001,541
360050216024002,581
360050216025000,301
360050216025001,1430
360050216025002,0
360050216026000,1008
360050216021000,0
360050216021001,280
360050217001001,401
360050217002000,1379
360050217004000,838
360050217001000,1298
360050217001002,411
360050217001003,0
360050217003000,147
360050217003001,532
360050218002000,789
360050218003002,252
360050218003005,112
360050218004001,0
360050218004004,0
360050218005001,0
360050218005004,0
360050218005007,0
360050218001000,283
360050218001001,896
360050218002001,1366
360050218003000,315
360050218003001,248
360050218003003,371
360050218003004,129
360050218003006,72
360050218004000,374
360050218004002,216
360050218004003,107
360050218004005,0
360050218004006,216
360050218005000,0
360050218005002,201
360050218005003,0
360050218005005,0
360050218005006,663
360050218005008,0
360050218005009,0
360050219001000,180
360050219001001,343
360050219001002,288
360050219001003,21
360050219001004,0
360050219001005,0
360050219001006,55
360050219001007,71
360050219001008,17
360050219001009,201
360050219001010,0
360050220001006,480
360050220001009,59
360050220001012,80
360050220001007,103
360050220001000,23
360050220001001,39
360050220001002,460
360050220001003,0
360050220001004,0
360050220001005,0
360050220001008,0
360050220001010,1176
360050220001011,91
360050221012000,438
360050221011000,906
360050221011001,0
360050221012001,944
360050221013000,1053
360050221013001,660
360050221021000,0
360050221021003,0
360050221023000,0
360050221021001,943
360050221021002,1578
360050221022000,0
360050221022001,1065
360050221023001,1132
360050221023002,739
360050221023003,0
360050222001000,100
360050222001003,791
360050222003000,252
360050222003003,263
360050222001001,10
360050222001002,275
360050222002000,604
360050222002001,229
360050222003001,0
360050222003002,55
360050222003004,452
360050222003005,0
360050222004000,492
360050222004001,445
360050223004002,777
360050223001000,427
360050223001001,493
360050223002000,811
360050223002001,266
360050223003000,811
360050223003001,797
360050223004000,0
360050223004001,681
360050223004003,0
360050224011001,0
360050224012001,408
360050224011000,0
360050224011002,0
360050224011003,1400
360050224012000,482
360050224012002,497
360050224012003,0
360050224031000,0
360050224031003,1164
360050224031001,0
360050224031002,0
360050224032000,1481
360050224032001,630
360050224041001,410
360050224043000,585
360050224041000,238
360050224042000,1152
360050224042001,293
360050224043001,1158
360050224043002,653
360050225001000,0
360050225006001,1690
360050225001001,1108
360050225002000,88
360050225002001,894
360050225002002,91
360050225002003,523
360050225002004,342
360050225003000,223
360050225003001,285
360050225003002,785
360050225004000,112
360050225004001,800
360050225004002,0
360050225004003,0
360050225005000,1170
360050225005001,0
360050225006000,30
360050225006002,0
360050227011001,466
360050227012002,871
360050227013001,484
360050227013004,0
360050227013007,278
360050227011000,832
360050227012000,0
360050227012001,277
360050227012003,1089
360050227012004,0
360050227013000,806
360050227013002,320
360050227013003,246
360050227013005,0
360050227013006,0
360050227013008,0
360050227021002,380
360050227021005,715
360050227021000,0
360050227021001,0
360050227021003,0
360050227021004,521
360050227021006,18
360050227031001,801
360050227031005,180
360050227031000,0
360050227031002,0
360050227031003,0
360050227031004,12
360050227031006,706
360050228001001,620
360050228001004,188
360050228001000,367
360050228001002,0
360050228001003,0
360050228001005,559
360050228002000,642
360050228002001,1285
360050228003000,1366
360050228004000,1309
360050229012003,0
360050229014000,244
360050229015001,840
360050229011000,0
360050229011001,0
360050229011002,517
360050229011003,484
360050229011004,0
360050229011005,0
360050229011006,0
360050229012000,401
360050229012001,861
360050229012002,0
360050229013000,734
360050229013001,131
360050229014001,676
360050229015000,878
360050229015002,0
360050229021002,0
360050229021005,19
360050229022002,232
360050229023001,462
360050229021000,0
360050229021001,608
360050229021003,110
360050229021004,505
360050229022000,0
360050229022001,0
360050229022003,434
360050229022004,281
360050229023000,413
360050229023002,337
360050230001001,862
360050230001004,42
360050230001007,48
360050230002003,367
360050230001000,0
360050230001002,0
360050230001003,151
360050230001005,136
360050230001006,179
360050230002000,137
360050230002001,383
360050230002002,296
360050230002004,400
360050231001001,15
360050231001000,20
360050231001002,641
360050231001003,265
360050231001004,165
360050231001005,190
360050231001006,99
360050231001007,0
360050231001008,0
360050231001009,26
360050231001010,34
360050231001011,0
360050231001012,9
360050232001004,68
360050232002002,685
360050232001000,361
360050232001001,309
360050232001002,330
360050232001003,378
360050232002000,498
360050232002001,371
360050233012002,620
360050233012000,0
360050233012003,0
360050233011000,0
360050233011001,847
360050233011002,361
360050233012001,995
360050233013000,468
360050233013001,533
360050233014000,753
360050233014001,0
360050233021000,499
360050233021001,956
360050233021002,127
360050233021003,0
360050233021004,0
360050233022000,1515
360050233022001,477
360050233022002,0
360050235011002,269
360050235011006,434
360050235011009,0
360050235012001,972
360050235011000,0
360050235011001,0
360050235011003,548
360050235011004,0
360050235011005,0
360050235011007,410
360050235011008,0
360050235011010,0
360050235012000,0
360050235013000,0
360050235013001,937
360050235021000,926
360050235022000,902
360050235023001,377
360050235024000,0
360050235024004,0
360050235021001,0
360050235021002,931
360050235021003,0
360050235022001,0
360050235023000,0
360050235023002,316
360050235023003,0
360050235024001,6
360050235024002,189
360050235024003,0
360050235024005,770
360050236001001,382
360050236002001,238
360050236002004,2
360050236001000,473
360050236001002,277
360050236002000,305
360050236002002,142
360050236002003,385
360050236002005,0
360050237021000,197
360050237021001,0
360050237021002,0
360050237021003,314
360050237021004,659
360050237021005,9
360050237021006,0
360050237032001,433
360050237033000,0
360050237031000,0
360050237031001,76
360050237031002,0
360050237031003,1685
360050237031004,895
360050237031005,0
360050237031006,0
360050237032000,0
360050237032002,889
360050237032003,20
360050237033001,1088
360050237042000,1047
360050237043001,1309
360050237041000,0
360050237041001,794
360050237042001,820
360050237043000,0
360050238002000,341
360050238002004,95
360050238003001,190
360050238003004,132
360050238001000,117
360050238001001,21
360050238002001,229
360050238002002,294
360050238002003,145
360050238002005,222
360050238003000,351
360050238003002,317
360050238003003,155
360050238003005,141
360050239001001,296
360050239003001,357
360050239004000,744
360050239006001,292
360050239001000,1153
360050239002000,1291
360050239002001,197
360050239003000,684
360050239003002,72
360050239003003,413
360050239005000,1108
360050239006000,399
360050239006002,208
360050239007000,393
360050239007001,606
360050240002001,439
360050240003002,462
360050240003006,0
360050240001000,374
360050240001001,394
360050240001002,75
360050240001003,144
360050240001004,0
360050240001005,0
360050240001006,534
360050240001007,737
360050240001008,53
360050240001009,0
360050240002000,407
360050240003000,467
360050240003001,489
360050240003003,0
360050240003004,0
360050240003005,8
360050241001002,519
360050241003000,551
360050241005000,1652
360050241004000,890
360050241001000,273
360050241001001,588
360050241002000,692
360050241002001,370
360050241003001,796
360050243002001,296
360050243001000,374
360050243001001,995
360050243002000,1211
360050243003000,1046
360050243004000,1655
360050244001000,178
360050244001003,102
360050244002002,307
360050244002006,169
360050244001001,557
360050244001002,144
360050244002000,195
360050244002001,255
360050244002003,282
360050244002004,125
360050244002005,93
360050245012000,684
360050245014000,1171
360050245011000,1789
360050245012001,432
360050245013000,983
360050245021002,144
360050245023001,786
360050245021000,993
360050245021001,87
360050245021003,339
360050245022000,546
360050245023000,902
360050246001002,207
360050246001005,143
360050246002002,288
360050246001000,327
360050246001001,228
360050246001003,70
360050246001004,179
360050246002000,330
360050246002001,323
360050246002003,202
360050246002004,0
360050247001001,812
360050247002002,0
360050247001000,0
360050247002000,0
360050247002001,0
360050247002003,16
360050247002004,1093
360050248001000,0
360050248001003,0
360050248001007,26
360050248003005,54
360050248001001,16
360050248001002,0
360050248001004,172
360050248001005,204
360050248001006,0
360050248001008,608
360050248001009,173
360050248002000,485
360050248002001,189
360050248002002,92
360050248002003,291
360050248002004,116
360050248002005,159
360050248002006,60
360050248003000,88
360050248003001,181
360050248003002,149
360050248003003,180
360050248003004,91
360050248003006,224
360050248003007,62
360050249001000,4
360050250001003,361
360050250002001,142
360050250002004,279
360050250001000,287
360050250001001,273
360050250001002,311
360050250001004,373
360050250002000,313
360050250002002,273
360050250002003,60
360050251001002,560
360050251002003,60
360050251004000,428
360050251005001,498
360050251006000,281
360050251001001,240
360050251001000,317
360050251002000,294
360050251002001,407
360050251002002,247
360050251003000,358
360050251003001,497
360050251004001,375
360050251005000,737
360050251005002,264
360050251005003,368
360050251007000,351
360050251007001,642
360050252001001,129
360050252001004,177
360050252001000,137
360050252001002,394
360050252001003,275
360050252001005,174
360050252001006,88
360050252001007,103
360050252002000,172
360050252002001,276
360050252002002,87
360050252002003,89
360050252002004,68
360050252002005,145
360050252002006,103
360050252002007,265
360050253002002,217
360050253003000,1496
360050253001000,594
360050253001001,1074
360050253001002,535
360050253002000,358
360050253002001,439
360050253002003,76
360050253002004,519
360050253004000,666
360050253004001,260
360050254001001,0
360050254001004,334
360050254002001,246
360050254002003,230
360050254001000,184
360050254001002,113
360050254001003,365
360050254001005,117
360050254002000,320
360050254002002,254
360050255001000,1990
360050255003000,1079
360050255001001,479
360050255002000,3558
360050255002001,461
360050255003001,344
360050255003002,181
360050256001000,530
360050256001003,178
360050256002000,123
360050256002004,48
360050256001001,155
360050256001002,155
360050256001004,57
360050256001005,0
360050256002001,191
360050256002002,89
360050256002003,382
360050257001002,614
360050257001000,771
360050257001001,424
360050257001003,0
360050257001004,0
360050257001005,0
360050257001006,0
360050257001007,0
360050257001008,0
360050261001000,1702
360050261001001,358
360050263004000,755
360050263001000,1232
360050263001001,6
360050263002000,684
360050263002001,376
360050263003000,1863
360050263005000,1872
360050264001000,145
360050264002009,110
360050264003002,172
360050264003006,92
360050264004001,240
360050264004004,327
360050264004007,338
360050264004002,0
360050264001002,171
360050264001003,177
360050264001004,99
360050264001005,201
360050264001006,319
360050264001007,175
360050264001008,144
360050264002000,175
360050264002001,173
360050264002002,240
360050264002003,97
360050264002004,25
360050264002005,154
360050264002006,91
360050264002007,32
360050264002008,55
360050264003000,193
360050264003001,231
360050264003003,197
360050264003004,189
360050264003005,223
360050264003007,106
360050264004000,170
360050264004003,0
360050264004005,186
360050264004006,149
360050264004008,69
360050264001001,228
360050265001002,195
360050265002000,1767
360050265003001,824
360050265001000,0
360050265001001,694
360050265001003,149
360050265001004,827
360050265002001,266
360050265003000,1200
360050265004000,706
360050265004001,538
360050266011000,0
360050266011004,78
360050266011001,638
360050266011002,518
360050266011003,78
360050266011005,255
360050266011006,101
360050266012000,94
360050266012001,478
360050266012002,283
360050266013000,268
360050266013001,247
360050266013002,151
360050266013003,139
360050266022002,359
360050266023000,114
360050266023004,291
360050266023007,138
360050266024000,706
360050266021000,657
360050266021001,190
360050266021002,344
360050266021003,219
360050266021004,314
360050266022000,254
360050266022001,0
360050266022003,392
360050266022004,517
360050266023001,167
360050266023002,0
360050266023003,219
360050266023005,230
360050266023006,187
360050266023008,137
360050266023009,57
360050266025000,132
360050266025001,170
360050266025002,615
360050267011000,473
360050267012000,1512
360050267011001,427
360050267011002,601
360050267013000,970
360050267013001,0
360050267021000,1037
360050267023000,1232
360050267026000,500
360050267021001,695
360050267021002,96
360050267022000,1057
360050267024000,623
360050267025000,749
360050267026001,1033
360050269001001,693
360050269001004,227
360050269001000,0
360050269001002,528
360050269001003,0
360050269001005,0
360050269001006,0
360050269001007,48
360050269001008,0
360050269001009,23
360050269002000,585
360050269002001,32
360050269002002,1169
360050269003000,821
360050273002002,539
360050273004000,923
360050273001000,0
360050273001001,0
360050273001002,0
360050273001003,1125
360050273001004,411
360050273002000,99
360050273002001,242
360050273002003,653
360050273003000,1545
360050273003001,829
360050273004001,1573
360050274013013,116
360050274014002,0
360050274014019,116
360050274014022,117
360050274014026,72
360050274011001,40
360050274011004,66
360050274012001,141
360050274012005,73
360050274013002,100
360050274013005,390
360050274013009,104
360050274013012,35
360050274014009,0
360050274014010,97
360050274014011,149
360050274014012,142
360050274014013,0
360050274014014,0
360050274014015,0
360050274014016,0
360050274014017,97
360050274014018,99
360050274014020,82
360050274014021,42
360050274014023,81
360050274014024,114
360050274014025,109
360050274014027,120
360050274014028,178
360050274011000,98
360050274011002,171
360050274011003,204
360050274011005,145
360050274012000,184
360050274012002,184
360050274012003,146
360050274012004,130
360050274013000,114
360050274013001,16
360050274013003,141
360050274013004,230
360050274013006,124
360050274013007,116
360050274013008,56
360050274013010,332
360050274013011,65
360050274014000,0
360050274014001,0
360050274014003,0
360050274014004,0
360050274014005,0
360050274014006,0
360050274014007,0
360050274014008,0
360050274020001,0
360050274021001,50
360050274021005,118
360050274021008,431
360050274022001,187
360050274023000,340
360050274023004,214
360050274020002,0
360050274021000,179
360050274021002,71
360050274021003,166
360050274021004,104
360050274021006,127
360050274021007,113
360050274021009,63
360050274022000,220
360050274022002,182
360050274022003,168
360050274023001,125
360050274023002,95
360050274023003,105
360050274023005,223
360050274023006,272
360050276000001,0
360050276001001,0
360050276001017,0
360050276001020,0
360050276001024,0
360050276001027,17
360050276000002,0
360050276001000,3
360050276001002,0
360050276001003,0
360050276001004,0
360050276001005,0
360050276001006,0
360050276001007,0
360050276001008,3
360050276001009,0
360050276001010,0
360050276001011,0
360050276001012,0
360050276001013,0
360050276001014,0
360050276001015,0
360050276001016,0
360050276001018,0
360050276001019,0
360050276001021,0
360050276001022,0
360050276001023,0
360050276001025,0
360050276001026,0
360050277001002,381
360050277002002,0
360050277002006,546
360050277003000,499
360050277002001,0
360050277001000,518
360050277001001,209
360050277002000,0
360050277002003,0
360050277002004,0
360050277002005,0
360050277002007,529
360050277002008,0
360050277003001,270
360050277004000,2016
360050279001000,453
360050279001003,154
360050279003000,1271
360050279004001,482
360050279001001,0
360050279001002,0
360050279001004,718
360050279002000,65
360050279002001,1168
360050279003001,620
360050279004000,957
360050279005000,1064
360050279006000,1193
360050281001000,448
360050281001001,971
360050281002000,207
360050281002001,600
360050281003000,70
360050281003001,873
360050281003002,551
360050283002001,3
360050283002005,669
360050283002008,0
360050283001000,0
360050283001001,41
360050283001002,13
360050283001003,0
360050283001004,849
360050283001005,0
360050283002000,104
360050283002002,163
360050283002003,0
360050283002004,98
360050283002006,144
360050283002007,0
360050283002009,0
360050284001001,0
360050284001004,0
360050284001008,21
360050284001011,0
360050284001014,0
360050284001017,0
360050284001010,0
360050284001000,9
360050284001002,0
360050284001003,241
360050284001005,0
360050284001006,0
360050284001007,0
360050284001009,0
360050284001012,0
360050284001013,0
360050284001015,0
360050284001016,11
360050284001018,0
360050284001019,15
360050284001020,0
360050285004005,210
360050285001000,407
360050285001001,1159
360050285002000,403
360050285003000,213
360050285003001,302
360050285003002,0
360050285004000,0
360050285004001,0
360050285004002,0
360050285004003,181
360050285004004,344
360050285004006,169
360050285004007,0
360050285004008,52
360050286001000,0
360050286001003,125
360050286001006,168
360050286002002,135
360050286002000,190
360050286001001,50
360050286001002,116
360050286001004,142
360050286001005,63
360050286002001,292
360050286002003,114
360050287001002,283
360050287001005,282
360050287003001,803
360050287001000,354
360050287001001,256
360050287001003,106
360050287001004,251
360050287002000,1077
360050287003000,541
360050288001002,86
360050288001006,223
360050288002002,113
360050288001000,60
360050288001001,64
360050288001003,140
360050288001004,175
360050288001005,97
360050288002000,107
360050288002001,59
360050288002003,95
360050288002004,98
360050288002005,148
360050288002006,155
360050288002007,64
360050288003000,501
360050288003001,192
360050288004000,109
360050288004001,77
360050288004002,97
360050288004003,78
360050288004004,82
360050288004005,108
360050288004006,74
360050288004007,47
360050288004008,6
360050289001001,188
360050289001005,0
360050289003001,219
360050289003004,50
360050289004000,577
360050289001000,333
360050289001002,257
360050289001003,148
360050289001004,107
360050289002000,1734
360050289003000,539
360050289003002,132
360050289003003,165
360050289003005,0
360050289003006,0
360050289004001,287
360050293011001,18
360050293011004,0
360050293012002,559
360050293010001,0
360050293011000,985
360050293011002,0
360050293011003,0
360050293012000,262
360050293012001,130
360050293012003,0
360050293012004,0
360050293021001,44
360050293022001,721
360050293023000,42
360050293023003,598
360050293021000,788
360050293021002,23
360050293022000,0
360050293022002,348
360050293022003,0
360050293023001,44
360050293023002,1010
360050293024000,0
360050293024001,0
360050293024002,0
360050293024003,0
360050293024004,0
360050293024005,400
360050293024006,349
360050293024007,238
360050293024008,225
360050293024009,67
360050293024010,80
360050293024011,72
360050293024012,199
360050295001003,118
360050295002000,252
360050295002003,216
360050295004001,566
360050295001002,437
360050295001000,179
360050295001001,433
360050295001004,342
360050295001005,252
360050295002001,588
360050295002002,36
360050295003000,640
360050295003001,413
360050295004000,143
360050296001002,0
360050296001005,0
360050296001008,0
360050296001012,3
360050296001015,36
360050296001018,0
360050296001021,11
360050296001000,0
360050296001001,0
360050296001003,0
360050296001004,0
360050296001006,0
360050296001007,0
360050296001009,0
360050296001010,0
360050296001011,1020
360050296001013,289
360050296001014,176
360050296001016,0
360050296001017,0
360050296001019,0
360050296001020,14
360050296001022,79
360050296001023,48
360050296002000,0
360050296002001,1024
360050296002002,178
360050297001002,0
360050297001005,528
360050297002000,760
360050297002003,303
360050297003002,250
360050297001000,0
360050297001001,0
360050297001003,273
360050297001004,560
360050297001006,0
360050297001007,45
360050297002001,278
360050297002002,37
360050297002004,68
360050297003000,649
360050297003001,150
360050297003003,104
360050300001001,550
360050300001004,116
360050300002001,277
360050300002005,282
360050300003001,406
360050300004002,189
360050300001000,0
360050300001002,231
360050300001003,185
360050300001005,196
360050300002000,94
360050300002002,252
360050300002003,234
360050300002004,215
360050300002006,160
360050300003000,357
360050300004000,292
360050300004001,415
360050300004003,295
360050300005000,152
360050300005001,286
360050300005002,447
360050300006000,473
360050300006001,173
360050300006002,192
360050300006003,122
360050301001000,63
360050301001001,235
360050301001002,363
360050301001003,233
360050301002000,64
360050301002001,669
360050302011001,58
360050302011004,101
360050302011007,86
360050302013000,0
360050302011000,1051
360050302011002,95
360050302011003,32
360050302011005,117
360050302011006,0
360050302012000,983
360050302012001,21
360050302012002,0
360050302013001,1504
360050302022000,0
360050302023001,0
360050302021000,2674
360050302022001,0
360050302023000,2635
360050302024000,732
360050302024001,22
360050307011000,108
360050307011004,54
360050307012000,2065
360050307013000,760
360050307014001,164
360050307011001,460
360050307011002,69
360050307011003,0
360050307011005,81
360050307011006,156
360050307012001,209
360050307012002,92
360050307013001,370
360050307013002,235
360050307014000,362
360050307014002,614
360050309001000,348
360050309002011,333
360050309004001,18
360050309000001,0
360050309001001,0
360050309001002,860
360050309001003,23
360050309001004,30
360050309001005,0
360050309002000,57
360050309002001,53
360050309002002,0
360050309002003,48
360050309002004,27
360050309002005,43
360050309002006,19
360050309002007,48
360050309002008,40
360050309002009,49
360050309002010,30
360050309003000,863
360050309003001,279
360050309004000,779
360050309004002,0
360050310001001,80
360050310001004,26
360050310001007,47
360050310001011,71
360050310002002,89
360050310002007,295
360050310001008,74
360050310001000,56
360050310001002,303
360050310001003,251
360050310001005,41
360050310001006,48
360050310001009,93
360050310001010,72
360050310002000,0
360050310002001,0
360050310002003,121
360050310002004,0
360050310002005,0
360050310002006,11
360050310002008,122
360050310002009,206
360050310002010,194
360050310002011,113
360050310002012,88
360050310002013,144
360050310002014,133
360050310003000,261
360050310003001,228
360050310003002,195
360050310003003,218
360050310003004,130
360050310003005,114
360050310003006,208
360050310003007,123
360050310003008,88
360050310003009,129
360050312001000,189
360050312001003,98
360050312002002,121
360050312002005,157
360050312002003,115
360050312002004,49
360050312002006,72
360050312001001,104
360050312001002,254
360050312001004,154
360050312002000,129
360050312002001,113
360050314001002,102
360050314001005,129
360050314002002,108
360050314002005,108
360050314001000,210
360050314001001,305
360050314001003,147
360050314001004,152
360050314002000,288
360050314002001,121
360050314002003,71
360050314002004,80
360050314002006,93
360050314002007,157
360050316001000,251
360050316001001,318
360050316001002,264
360050316001003,214
360050316001004,187
360050316002000,172
360050316002001,145
360050316002002,100
360050316002003,120
360050316002004,96
360050316002005,125
360050316002006,79
360050318001001,110
360050318001004,164
360050318002002,103
360050318002005,112
360050318002008,118
360050318001000,0
360050318001002,68
360050318001003,223
360050318001005,147
360050318002000,188
360050318002001,182
360050318002003,140
360050318002004,119
360050318002006,90
360050318002007,197
360050319001001,0
360050319001005,0
360050319001000,120
360050319000001,0
360050319001002,0
360050319001003,0
360050319001004,0
360050319001006,334
360050323001001,323
360050323004000,203
360050323004003,424
360050323004007,137
360050323005001,30
360050323001000,558
360050323002000,1367
360050323003000,665
360050323004001,141
360050323004002,297
360050323004004,261
360050323004005,237
360050323004006,73
360050323004008,201
360050323005000,84
360050324001000,1211
360050324001001,0
360050324001002,0
360050324001003,497
360050324001004,10
360050324002000,404
360050324002001,533
360050324002002,458
360050324002003,0
360050326001007,111
360050326002001,253
360050326002005,197
360050326003002,108
360050326003005,196
360050326001000,299
360050326001001,293
360050326001002,239
360050326001003,20
360050326001004,99
360050326001005,372
360050326001006,136
360050326001008,0
360050326002000,163
360050326002002,237
360050326002003,163
360050326002004,159
360050326003000,112
360050326003001,108
360050326003003,37
360050326003004,22
360050326003006,170
360050328001001,128
360050328001005,150
360050328003000,135
360050328003003,555
360050328004002,483
360050328001000,126
360050328001002,0
360050328001003,278
360050328001004,331
360050328002000,888
360050328002001,234
360050328003001,138
360050328003002,219
360050328004000,189
360050328004001,279
360050330001003,0
360050330003000,1287
360050330001000,341
360050330001001,716
360050330001002,481
360050330002000,565
360050330002001,1053
360050330003001,34
360050330003002,346
360050330004000,106
360050330004001,319
360050330004002,0
360050330004003,174
360050330004004,415
360050332011000,0
360050332011001,0
360050332011002,463
360050332011003,411
360050332011004,605
360050332012000,1431
360050332013000,750
360050332013001,443
360050332022001,531
360050332022000,932
360050332021000,590
360050332021001,507
360050332023000,720
360050332024000,924
360050334001013,0
360050334001017,0
360050334001020,0
360050334001000,0
360050334001003,50
360050334001007,0
360050334001010,0
360050334001001,0
360050334001002,0
360050334001004,0
360050334001005,0
360050334001006,0
360050334001011,0
360050334001012,0
360050334001014,0
360050334001015,0
360050334001016,0
360050334001008,0
360050334001009,3
360050334001018,0
360050334001019,0
360050334001021,0
360050334001022,5
360050334001023,0
360050334001024,0
360050334001025,0
360050334001026,0
360050334001027,11
360050334001028,0
360050334001029,0
360050334001030,0
360050334001031,0
360050334001032,0
360050335001005,0
360050335001008,22
360050335001012,60
360050335002000,63
360050335002003,74
360050335002006,0
360050335002010,75
360050335002013,202
360050335003002,380
360050335001013,77
360050335001000,0
360050335001001,0
360050335001002,0
360050335001003,0
360050335001004,0
360050335001006,125
360050335001007,53
360050335001009,0
360050335001010,71
360050335001011,37
360050335001014,64
360050335002001,65
360050335002002,80
360050335002004,0
360050335002005,0
360050335002007,0
360050335002008,0
360050335002009,69
360050335002011,169
360050335002012,30
360050335003000,341
360050335003001,383
360050336011002,717
360050336014000,350
360050336011000,168
360050336011001,187
360050336012000,391
360050336012001,476
360050336013000,772
360050336014001,914
360050336014002,331
360050336021000,0
360050336021001,189
360050336021002,904
360050336021003,195
360050336021004,267
360050337003000,85
360050337003003,32
360050337003006,156
360050337003009,0
360050337002006,102
360050337001000,73
360050337001001,170
360050337001002,33
360050337001003,280
360050337002000,269
360050337002001,191
360050337002002,126
360050337002003,83
360050337002004,126
360050337002005,89
360050337003001,97
360050337003002,113
360050337003004,309
360050337003005,102
360050337003007,1402
360050337003008,0
360050337003010,0
360050338011002,116
360050338012000,645
360050338011000,67
360050338011001,43
360050338011003,494
360050338011004,253
360050338012001,466
360050338012002,253
360050338021000,724
360050338021001,714
360050338021002,299
360050340001001,422
360050340002000,134
360050340002003,89
360050340002006,56
360050340001000,339
360050340001002,405
360050340001003,115
360050340002001,119
360050340002002,369
360050340002004,501
360050340002005,354
360050340003000,1092
360050340004000,103
360050340004001,166
360050340004002,0
360050340004003,594
360050342002009,0
360050342001000,286
360050342001001,266
360050342001002,295
360050342002000,101
360050342002001,231
360050342002002,124
360050342002003,35
360050342002004,0
360050342002005,118
360050342002006,0
360050342002007,276
360050342002008,0
360050342002010,0
360050343001001,136
360050343002002,127
360050343001000,664
360050343001002,102
360050343002000,205
360050343002001,118
360050343002003,60
360050343002004,294
360050344001000,251
360050344002000,83
360050344002003,276
360050344002007,53
360050344002002,155
360050344001001,307
360050344001002,259
360050344002001,0
360050344002004,20
360050344002005,254
360050344002006,0
360050344002008,272
360050345001005,183
360050345001008,62
360050345001001,149
360050345001000,383
360050345001002,73
360050345001003,114
360050345001004,27
360050345001006,313
360050345001007,0
360050345002000,266
360050345002001,360
360050345002002,132
360050345002003,141
360050345002004,251
360050345002005,68
360050345002006,315
360050345002007,59
360050345002008,0
360050345003000,858
360050348001006,0
360050348001009,70
360050348003000,224
360050348003003,174
360050348003006,258
360050348004002,287
360050348004001,360
360050348001000,0
360050348001001,40
360050348001002,197
360050348001003,219
360050348001004,246
360050348001005,322
360050348001007,41
360050348001008,78
360050348001010,0
360050348001011,0
360050348002000,2240
360050348003001,231
360050348003002,230
360050348003004,233
360050348003005,295
360050348004000,0
360050348004003,285
360050348004004,298
360050348004005,312
360050350001000,182
360050350001003,246
360050350001006,278
360050350002001,319
360050350002005,299
360050350001001,121
360050350001002,0
360050350001004,24
360050350001005,195
360050350001007,0
360050350002000,315
360050350002002,157
360050350002003,0
360050350002004,148
360050351001002,940
360050351003004,0
360050351003005,30
360050351003006,82
360050351003007,0
360050351003008,287
360050351003009,330
360050351001000,278
360050351001001,56
360050351002000,183
360050351002001,747
360050351002002,32
360050351002003,204
360050351003000,0
360050351003001,39
360050351003002,139
360050351003003,192
360050356001002,328
360050356001005,0
360050356002003,173
360050356002006,2
360050356002009,138
360050356002011,0
360050356001000,246
360050356001001,214
360050356001003,204
360050356001004,108
360050356002000,290
360050356002001,149
360050356002002,145
360050356002004,137
360050356002005,89
360050356002007,0
360050356002008,38
360050356002010,0
360050358001000,192
360050358001004,0
360050358001007,198
360050358002000,106
360050358002003,0
360050358003000,54
360050358003003,76
360050358001001,123
360050358001002,105
360050358001003,16
360050358001005,205
360050358001006,194
360050358001008,256
360050358001009,294
360050358002001,320
360050358002002,210
360050358002004,247
360050358002005,266
360050358002006,216
360050358003001,301
360050358003002,13
360050358003004,358
360050358003005,68
360050358003006,164
360050358004000,878
360050358005000,223
360050358005001,241
360050358005002,253
360050358005003,113
360050358006000,253
360050358006001,364
360050358006002,221
360050358006003,260
360050358007000,145
360050358007001,221
360050358007002,29
360050358007003,54
360050358007004,155
360050358007005,150
360050359001000,0
360050359001003,476
360050359001006,272
360050359001010,0
360050359001013,0
360050359001016,5
360050359001005,287
360050359001001,395
360050359001002,0
360050359001004,499
360050359001007,505
360050359001008,312
360050359001009,0
360050359001011,0
360050359001012,0
360050359001014,980
360050359001015,0
360050359001017,0
360050360001001,213
360050360002000,332
360050360001000,224
360050360001002,321
360050360001003,0
360050360001004,94
360050360002001,273
360050360002002,256
360050360002003,288
360050360003000,0
360050360003001,12
360050360003002,235
360050360003003,167
360050360003004,117
360050360003005,46
360050360003006,48
360050360003007,133
360050360003008,265
360050361002000,443
360050361003000,303
360050361005000,1021
360050361001000,1319
360050361002001,530
360050361002002,521
360050361003001,34
360050361003002,652
360050361004000,746
360050363002000,744
360050363003002,422
360050363004002,106
360050363004006,403
360050363005000,0
360050363006000,0
360050363006003,101
360050363006007,523
360050363004001,0
360050363001000,258
360050363001001,836
360050363003000,491
360050363003001,419
360050363004000,0
360050363004003,328
360050363004004,332
360050363004005,132
360050363004007,107
360050363004008,0
360050363005001,560
360050363005002,561
360050363006001,224
360050363006002,173
360050363006004,147
360050363006005,207
360050363006006,0
360050364001002,222
360050364001000,265
360050364001001,266
360050364001003,84
360050364001004,17
360050364001005,165
360050364001006,0
360050364002000,343
360050364002001,443
360050364003000,300
360050364003001,206
360050364003002,237
360050364003003,55
360050365013001,454
360050365011000,366
360050365011001,808
360050365012000,994
360050365012001,422
360050365012002,270
360050365012003,0
360050365013000,265
360050365013002,318
360050365021001,619
360050365022000,313
360050365022003,115
360050365021000,499
360050365021002,180
360050365021003,0
360050365021004,0
360050365022001,221
360050365022002,502
360050365022004,0
360050365022005,0
360050367001000,334
360050367001004,111
360050367001001,374
360050367001002,197
360050367001003,184
360050367002000,871
360050367002001,601
360050368001000,28
360050368001003,317
360050368002000,92
360050368001001,232
360050368001002,350
360050368001004,207
360050368001005,60
360050368002001,319
360050368002002,343
360050368002003,217
360050369011000,421
360050369011003,0
360050369011006,0
360050369011001,206
360050369011002,156
360050369011004,176
360050369011005,0
360050369011007,0
360050369012000,438
360050369012001,513
360050369021000,756
360050369022000,257
360050369022001,214
360050369022002,841
360050369022003,256
360050370003001,184
360050370003003,170
360050370001000,176
360050370001001,169
360050370001002,325
360050370001003,293
360050370002000,261
360050370002001,256
360050370002002,303
360050370003000,220
360050370003002,179
360050371001000,493
360050371001003,34
360050371002002,543
360050371002005,418
360050371003001,186
360050371004000,608
360050371001001,267
360050371001002,329
360050371001004,153
360050371002000,0
360050371002001,123
360050371002003,0
360050371002004,147
360050371002006,129
360050371003000,150
360050371003002,396
360050371003003,322
360050371004001,206
360050372001002,154
360050372001005,112
360050372002002,153
360050372002005,173
360050372001000,18
360050372001001,280
360050372001003,62
360050372001004,150
360050372002000,0
360050372002001,31
360050372002003,136
360050372002004,237
360050372002006,330
360050372002007,55
360050372002008,109
360050372002009,289
360050373001000,108
360050373002000,373
360050373002004,157
360050373003002,259
360050373004001,965
360050373003000,516
360050373001001,533
360050373001002,997
360050373002001,550
360050373002002,228
360050373002003,132
360050373003001,266
360050373003003,347
360050373004000,686
360050374002000,0
360050374002004,94
360050374002007,383
360050374001000,476
360050374001001,476
360050374002001,269
360050374002002,91
360050374002003,59
360050374002005,159
360050374002006,250
360050374003000,831
360050374004000,802
360050375041000,367
360050375041003,49
360050375041007,0
360050375041001,0
360050375041002,0
360050375041004,679
360050375041005,86
360050375041006,0
360050375041008,0
360050375042000,0
360050375042001,743
360050375042002,0
360050375042003,337
360050375043000,495
360050375043001,540
360050375043002,235
360050375043003,144
360050375043004,121
360050375043005,227
360050376001000,794
360050376001001,359
360050376002000,30
360050376002001,141
360050376002002,321
360050376002003,308
360050376002004,321
360050378001000,0
360050378001003,552
360050378002001,0
360050378003002,714
360050378001005,0
360050378001001,657
360050378001002,68
360050378001004,678
360050378002000,700
360050378003000,200
360050378003001,0
360050378003003,0
360050379001001,340
360050379002000,146
360050379002004,874
360050379004001,513
360050379001000,1301
360050379001002,0
360050379001003,0
360050379002001,18
360050379002002,125
360050379002003,1154
360050379003000,801
360050379004000,420
360050379005000,1186
360050380001001,435
360050380003000,400
360050380004000,383
360050380001000,706
360050380002000,401
360050380002001,398
360050380003001,271
360050380003002,217
360050380003003,410
360050380004001,162
360050380004002,192
360050380004003,102
360050380004004,36
360050380004005,608
360050380004006,217
360050381001000,683
360050381002000,1141
360050381003000,1017
360050381004000,512
360050381004001,603
360050381005000,866
360050381006000,1247
360050381006001,784
360050382001003,212
360050382002002,189
360050382002005,195
360050382001000,290
360050382001001,372
360050382001002,397
360050382001004,268
360050382002000,62
360050382002001,281
360050382002003,161
360050382002004,360
360050382002006,65
360050383011001,837
360050383012001,93
360050383013002,0
360050383011000,464
360050383011002,0
360050383012000,1266
360050383012002,371
360050383013000,1021
360050383013001,180
360050383013003,0
360050383013004,403
360050383031000,495
360050383032000,944
360050383031001,441
360050383031002,732
360050383032001,856
360050383041002,467
360050383041005,369
360050383041000,26
360050383041001,0
360050383041003,1523
360050383041004,123
360050385004005,631
360050385001002,0
360050385001005,346
360050385003004,177
360050385003005,363
360050385003006,75
360050385004000,651
360050385004001,420
360050385004002,59
360050385004003,0
360050385004004,278
360050385004006,97
360050385001000,0
360050385001001,78
360050385001003,0
360050385001004,73
360050385001006,516
360050385001007,0
360050385001008,28
360050385001009,317
360050385002000,0
360050385002001,382
360050385002002,286
360050385003000,0
360050385003001,125
360050385003002,234
360050385003003,226
360050386001001,244
360050386001005,132
360050386002002,296
360050386002005,204
360050386004000,30
360050386004004,171
360050386005001,22
360050386005004,148
360050386007000,428
360050386001004,139
360050386001000,409
360050386001002,110
360050386001003,89
360050386002000,25
360050386002001,241
360050386002003,80
360050386002004,318
360050386003000,966
360050386003001,0
360050386004001,0
360050386004002,217
360050386004003,353
360050386004005,50
360050386005000,129
360050386005002,347
360050386005003,124
360050386005005,123
360050386006000,1002
360050386007001,740
360050386008000,812
360050387001001,0
360050387001000,21
360050387001002,429
360050387001003,0
360050387001004,75
360050387001005,173
360050387001006,521
360050387001007,0
360050387002000,94
360050387002001,422
360050387002002,501
360050387003000,0
360050387003001,337
360050387003002,573
360050387003003,255
360050388001003,311
360050388002002,366
360050388001000,431
360050388001001,359
360050388001002,395
360050388002000,295
360050388002001,446
360050388002003,338
360050389001002,203
360050389002000,148
360050389003000,119
360050389003003,251
360050389005000,329
360050389003002,162
360050389001000,0
360050389001001,449
360050389001003,411
360050389001004,324
360050389002001,396
360050389002002,248
360050389003001,241
360050389003004,116
360050389003005,32
360050389004000,1002
360050389005001,388
360050390001001,421
360050390002000,416
360050390002003,308
360050390001000,414
360050390001002,272
360050390001003,446
360050390002001,493
360050390002002,553
360050391001003,142
360050391002002,120
360050391001000,1027
360050391001001,131
360050391001002,0
360050391002000,838
360050391002001,455
360050391002003,0
360050391003000,52
360050391003001,688
360050391003002,212
360050391003003,515
360050391004000,437
360050391004001,245
360050391004002,169
360050391004003,0
360050391004004,226
360050391005000,847
360050391006000,237
360050391006001,478
360050391006002,391
360050392002000,560
360050392001000,392
360050392001001,630
360050392002001,227
360050392002002,0
360050393001000,0
360050393002002,416
360050393005000,549
360050393006002,306
360050393001001,2075
360050393002000,999
360050393002001,525
360050393003000,964
360050393004000,1304
360050393006000,821
360050393006001,74
360050394002001,979
360050394004000,478
360050394002000,403
360050394001000,891
360050394002002,233
360050394002003,167
360050394003000,1039
360050394004001,457
360050395004005,0
360050395004009,0
360050395004012,0
360050395001001,0
360050395001004,115
360050395002001,0
360050395003000,519
360050395003003,0
360050395004004,0
360050395004003,28
360050395004006,151
360050395004007,369
360050395004008,213
360050395004010,0
360050395004011,31
360050395004013,0
360050395001000,633
360050395001002,0
360050395001003,259
360050395001005,16
360050395002000,243
360050395002002,336
360050395002003,159
360050395002004,172
360050395003001,367
360050395003002,0
360050395003004,82
360050395003005,162
360050395003006,36
360050395004000,31
360050395004001,314
360050395004002,18
360050396001001,332
360050396002001,412
360050396003002,426
360050396004002,122
360050396001000,434
360050396001002,221
360050396002000,414
360050396002002,425
360050396003000,451
360050396003001,584
360050396004000,379
360050396004001,285
360050397002000,394
360050397001000,0
360050397001001,167
360050397001002,994
360050397001003,326
360050397001004,130
360050397001005,1902
360050397001006,0
360050397001007,0
360050397001008,162
360050397001009,0
360050397001010,0
360050397001011,0
360050397001012,0
360050397001013,0
360050397001014,0
360050397001015,0
360050397001016,9
360050397002001,231
360050397002002,177
360050398001001,160
360050398001004,0
360050398002001,369
360050398003001,301
360050398001000,317
360050398001002,134
360050398001003,379
360050398001005,335
360050398002000,424
360050398002002,349
360050398003000,456
360050398003002,123
360050399011002,0
360050399012001,611
360050399014000,0
360050399014004,1311
360050399011000,509
360050399011001,698
360050399011003,0
360050399012000,235
360050399013000,429
360050399013001,540
360050399014001,0
360050399014002,0
360050399014003,0
360050399015000,881
360050399015001,40
360050399021000,537
360050399022000,657
360050399023002,947
360050399021001,212
360050399021002,510
360050399023000,421
360050399023001,421
360050399024000,951
360050399025000,218
360050399025001,674
360050401001000,1237
360050401001001,51
360050401002000,242
360050401002001,491
360050401002002,408
360050401002003,0
360050401002004,0
360050401003000,203
360050401003001,516
360050401004000,835
360050401005000,1026
360050401005001,0
360050403021000,0
360050403021003,0
360050403023000,0
360050403021001,679
360050403021002,1754
360050403021004,0
360050403022000,0
360050403022001,934
360050403023001,830
360050403031001,0
360050403032000,1519
360050403031000,356
360050403031002,0
360050403031003,1067
360050403033000,36
360050403033001,1865
360050403041000,1396
360050403043002,0
360050403042000,1482
360050403043000,1247
360050403043001,0
360050404001002,445
360050404002000,387
360050404003002,358
360050404001000,369
360050404001001,373
360050404001003,301
360050404001004,364
360050404002001,383
360050404003000,198
360050404003001,352
360050405012000,987
360050405013002,351
360050405011000,1431
360050405011001,667
360050405013000,431
360050405013001,518
360050405021000,1130
360050405022000,1785
360050405023000,260
360050405023001,912
360050405024000,502
360050405024001,691
360050405025000,801
360050405026000,789
360050405026001,450
360050406002001,453
360050406003002,387
360050406001000,359
360050406001001,318
360050406001002,431
360050406001003,289
360050406001004,307
360050406002000,457
360050406003000,577
360050406003001,214
360050407011002,0
360050407011000,559
360050407011001,492
360050407012000,650
360050407012001,0
360050407013000,1534
360050407013001,0
360050407021001,228
360050407022002,183
360050407023001,601
360050407021000,57
360050407021002,376
360050407022000,567
360050407022001,244
360050407022003,414
360050407023000,0
360050407023002,1563
360050407023003,0
360050407024000,378
360050407024001,549
360050407024002,721
360050407025000,1087
360050408001000,714
360050408002000,154
360050408002001,254
360050408002002,508
360050408003000,402
360050408003001,549
360050408004000,533
360050408004001,636
360050408004002,725
360050409001001,28
360050409001004,3139
360050409002000,249
360050409002002,164
360050409001000,0
360050409001002,0
360050409001003,0
360050409001005,0
360050409001006,0
360050409001007,0
360050409002001,0
360050411001000,0
360050411001003,0
360050411002001,375
360050411003001,993
360050411001001,431
360050411001002,0
360050411001004,744
360050411002000,262
360050411002002,144
360050411002003,0
360050411003000,0
360050411003002,266
360050413001001,0
360050413001004,374
360050413002001,0
360050413004000,27
360050413004003,361
360050413004004,36
360050413005000,942
360050413006000,602
360050413006001,626
360050413007000,597
360050413007001,0
360050413007002,0
360050413007003,538
360050413001000,1023
360050413001002,0
360050413001003,0
360050413001005,377
360050413002000,631
360050413003000,817
360050413003001,0
360050413003002,61
360050413004001,262
360050413004002,507
360050414001005,269
360050414002002,215
360050414003002,55
360050414003005,27
360050414004002,43
360050414004005,152
360050414004009,0
360050414004012,338
360050414004015,341
360050414004004,202
360050414001000,168
360050414001001,119
360050414001002,291
360050414001003,244
360050414001004,285
360050414002000,524
360050414002001,196
360050414002003,297
360050414003000,75
360050414003001,119
360050414003003,393
360050414003004,257
360050414004000,0
360050414004001,28
360050414004003,264
360050414004006,0
360050414004007,0
360050414004008,0
360050414004010,0
360050414004011,162
360050414004013,257
360050414004014,21
360050415002000,703
360050415005000,1004
360050415006002,581
360050415001000,431
360050415001001,1133
360050415003000,719
360050415004000,166
360050415004001,434
360050415006000,426
360050415006001,275
360050418001000,96
360050418001001,324
360050418001002,382
360050418001003,154
360050418001004,29
360050418001005,0
360050418001006,41
360050418001007,0
360050418001008,0
360050418001009,50
360050418002000,410
360050418002001,316
360050418002002,277
360050418002003,198
360050418003000,549
360050418003001,150
360050418004000,776
360050419001001,90
360050419001004,238
360050419003001,1147
360050419004002,0
360050419004006,0
360050419004009,0
360050419007000,655
360050419001000,235
360050419001002,134
360050419001003,474
360050419002000,640
360050419003000,422
360050419004000,1116
360050419004001,0
360050419004003,0
360050419004004,0
360050419004005,0
360050419004007,0
360050419004008,0
360050419005000,775
360050419006000,964
360050419007001,315
360050420001001,0
360050420001000,1016
360050420001002,0
360050420002000,856
360050420002001,679
360050420003000,908
360050420003001,68
360050420003002,378
360050421001000,12
360050421002000,1014
360050421005000,1189
360050421005003,0
360050421001001,42
360050421001002,838
360050421003000,889
360050421003001,395
360050421004000,1756
360050421005001,0
360050421005002,0
360050421005004,0
360050421005005,0
360050422001000,205
360050422001003,93
360050422002000,712
360050422001002,48
360050422001001,81
360050422001004,376
360050422001005,498
360050422001006,412
360050422002001,379
360050422002002,407
360050423001000,880
360050423002001,0
360050423003000,569
360050423001001,333
360050423002000,511
360050423002002,0
360050423002003,1083
360050423003001,803
360050424001002,248
360050424002001,362
360050424001000,329
360050424001001,332
360050424001003,342
360050424002000,229
360050424002002,382
360050424002003,329
360050425006001,541
360050425001000,900
360050425002000,1377
360050425003000,0
360050425003001,0
360050425003002,0
360050425003003,0
360050425003004,0
360050425003005,696
360050425003006,0
360050425003007,500
360050425004000,857
360050425005000,599
360050425005001,373
360050425006000,347
360050425007000,638
360050425007001,839
360050426001000,553
360050426001004,190
360050426002000,354
360050426002003,128
360050426002006,171
360050426003000,330
360050426004000,307
360050426005000,293
360050426006000,373
360050426002005,0
360050426001001,439
360050426001002,361
360050426001003,0
360050426001005,109
360050426001006,17
360050426002001,436
360050426002002,269
360050426002004,115
360050426002007,132
360050426002008,194
360050426002009,0
360050426003001,273
360050426003002,326
360050426004001,263
360050426004002,159
360050426005001,236
360050426005002,264
360050426006001,350
360050426006002,340
360050428001001,249
360050428001004,186
360050428001000,71
360050428001002,0
360050428001003,177
360050428001005,302
360050428002000,285
360050428002001,297
360050428002002,345
360050428002003,318
360050429011000,76
360050429011001,69
360050429011002,0
360050429011003,1157
360050429011004,648
360050429012000,845
360050429013000,916
360050429021000,983
360050429021001,1072
360050429021002,331
360050429022000,1005
360050429023000,943
360050430001000,344
360050430001003,252
360050430002002,174
360050430003001,100
360050430003004,280
360050430001001,299
360050430001002,228
360050430001004,214
360050430002000,137
360050430002001,195
360050430002003,211
360050430003000,299
360050430003002,101
360050430003003,118
360050431011002,390
360050431011000,258
360050431011001,814
360050431012000,918
360050431013000,1364
360050431014000,1441
360050431021000,746
360050431022000,355
360050431023001,514
360050431021001,614
360050431021002,723
360050431022001,487
360050431023000,57
360050431023002,1008
360050431023003,546
360050434004000,35
360050434004003,241
360050434001001,93
360050434001004,60
360050434002000,320
360050434001000,76
360050434001002,75
360050434001003,99
360050434001005,302
360050434001006,175
360050434002001,449
360050434002002,138
360050434003000,152
360050434003001,366
360050434003002,181
360050434004001,123
360050434004002,326
360050434004004,216
360050434004005,97
360050434004006,125
360050435011000,11
360050435011003,0
360050435011001,0
360050435011002,0
360050435011004,1181
360050435021000,2
360050435031000,0
360050435031003,0
360050435031007,0
360050435031010,0
360050435031013,0
360050435031001,0
360050435031002,0
360050435031004,0
360050435031005,0
360050435031006,0
360050435031008,0
360050435031009,122
360050435031011,0
360050435031012,0
360050435031014,0
360050435031015,0
360050435031016,0
360050435031017,0
360050435031018,0
360050435031019,0
360050435031020,0
360050435031021,0
360050435031022,0
360050436002001,330
360050436002004,57
360050436001000,68
360050436001001,68
360050436001002,177
360050436001003,0
360050436001004,285
360050436001005,338
360050436002000,333
360050436002002,258
360050436002003,147
360050442002001,111
360050442003000,44
360050442003003,67
360050442003006,61
360050442004002,195
360050442005000,130
360050442005003,51
360050442005006,61
360050442001001,715
360050442001000,61
360050442002000,259
360050442002002,193
360050442002003,216
360050442003001,169
360050442003002,155
360050442003004,174
360050442003005,74
360050442003007,67
360050442004000,176
360050442004001,145
360050442004003,204
360050442004004,109
360050442005001,194
360050442005002,101
360050442005004,100
360050442005005,45
360050444001003,490
360050444001000,262
360050444001001,87
360050444001002,269
360050444002000,298
360050444002001,167
360050444002002,264
360050444002003,158
360050444003000,227
360050444003001,313
360050444003002,434
360050444004000,232
360050444004001,329
360050444004002,214
360050444004003,212
360050444004004,28
360050448001005,166
360050448002002,36
360050448001000,243
360050448001001,146
360050448001002,113
360050448001003,376
360050448001004,158
360050448002000,119
360050448002001,120
360050448002003,254
360050448002004,276
360050449011000,72
360050449011004,160
360050449012000,138
360050449012003,177
360050449011001,0
360050449011002,224
360050449011003,155
360050449011005,146
360050449011006,49
360050449012001,145
360050449012002,105
360050449012004,275
360050449012005,141
360050449012006,159
360050449021000,42
360050449021003,336
360050449022001,329
360050449021001,145
360050449021002,240
360050449021004,356
360050449022000,381
360050449022002,356
360050449022003,44
360050451011001,139
360050451011004,276
360050451012002,348
360050451011000,134
360050451011002,180
360050451011003,73
360050451012000,0
360050451012001,343
360050451012003,86
360050451012004,50
360050451012005,188
360050451022006,128
360050451021000,154
360050451021001,33
360050451021002,124
360050451021003,215
360050451021004,190
360050451021005,73
360050451022000,0
360050451022001,0
360050451022002,0
360050451022003,659
360050451022004,322
360050451022005,101
360050451022007,143
360050456002001,116
360050456003012,56
360050456003016,38
360050456003019,0
360050456003022,0
360050456003025,174
360050456001001,127
360050456003024,123
360050456001000,70
360050456001002,250
360050456001003,272
360050456001004,240
360050456001005,61
360050456002000,0
360050456002002,36
360050456002003,136
360050456002004,332
360050456002005,293
360050456002006,0
360050456002007,110
360050456003000,11
360050456003001,49
360050456003002,3
360050456003003,34
360050456003004,0
360050456003005,17
360050456003006,14
360050456003007,39
360050456003008,37
360050456003009,28
360050456003010,0
360050456003011,70
360050456003013,109
360050456003014,39
360050456003015,98
360050456003017,74
360050456003018,0
360050456003020,0
360050456003021,0
360050456003023,0
360050458004000,2279
360050458001000,1559
360050458002000,1325
360050458003000,174
360050458004001,325
360050460001001,860
360050460001004,259
360050460001007,158
360050460002003,62
360050460001000,17
360050460001002,573
360050460001003,38
360050460001005,121
360050460001006,213
360050460002000,222
360050460002001,317
360050460002002,50
360050462032001,0
360050462031000,2872
360050462032000,1143
360050462033000,0
360050462033001,23
360050462033002,0
360050462033003,0
360050462033004,0
360050462033005,420
360050462033006,22
360050462033007,0
360050462033008,39
360050462033009,63
360050462033010,0
360050462033011,0
360050462033012,0
360050462033013,0
360050462033014,0
360050462033015,35
360050462033016,1028
360050462033017,954
360050462041000,762
360050462043000,64
360050462044000,2405
360050462041001,1077
360050462042000,1002
360050462042001,97
360050462043001,0
360050462043002,145
360050462053000,887
360050462054000,950
360050462055003,795
360050462055006,0
360050462055009,0
360050462051000,804
360050462052000,870
360050462053001,0
360050462053002,0
360050462055000,0
360050462055001,0
360050462055002,0
360050462055004,0
360050462055005,139
360050462055007,0
360050462055008,0
360050462055010,0
360050462063000,255
360050462061000,768
360050462062000,2172
360050462064000,1239
360050462071001,0
360050462072000,0
360050462071000,0
360050462071002,0
360050462071003,815
360050462072001,1467
360050462073000,3946
360050462082006,325
360050462083000,69
360050462083004,239
360050462084000,165
360050462084003,324
360050462081000,273
360050462081001,201
360050462081002,261
360050462081003,85
360050462081004,0
360050462081005,36
360050462081006,257
360050462082000,223
360050462082001,310
360050462082002,219
360050462082003,71
360050462082004,0
360050462082005,92
360050462082007,0
360050462082008,0
360050462083001,264
360050462083002,436
360050462083003,203
360050462083005,176
360050462083006,271
360050462084001,349
360050462084002,181
360050462084004,125
360050462092003,545
360050462091001,0
360050462091005,0
360050462091008,53
360050462091011,628
360050462091015,0
360050462091000,0
360050462091002,0
360050462091003,10
360050462091004,0
360050462091006,0
360050462091007,61
360050462091009,29
360050462091010,0
360050462091012,0
360050462091013,0
360050462091014,34
360050462091016,13
360050462091017,181
360050462092000,0
360050462092001,180
360050462092002,472
360050462092004,0
360050462093000,1362
360050462093001,139
360050484011000,103
360050484011003,157
360050484011006,39
360050484012002,50
360050484012005,140
360050484012008,95
360050484012011,44
360050484012015,0
360050484013001,224
360050484013004,135
360050484011001,241
360050484011002,391
360050484011004,188
360050484011005,306
360050484011007,61
360050484012000,0
360050484012001,0
360050484012003,14
360050484012004,64
360050484012006,95
360050484012007,114
360050484012009,0
360050484012010,144
360050484012012,67
360050484012013,32
360050484012014,0
360050484012016,0
360050484013000,231
360050484013002,353
360050484013003,113
360050484013005,104
360050484013006,282
360050484013007,101
360050484021000,41
360050504001009,0
360050504001012,0
360050504001016,0
360050504001019,0
360050504000001,0
360050504000002,0
360050504000003,0
360050504000004,0
360050504000005,4
360050504000006,0
360050504001000,0
360050504001001,0
360050504001002,0
360050504001003,0
360050504001004,0
360050504001005,1
360050504001006,0
360050504001007,0
360050504001008,0
360050504001010,0
360050504001011,0
360050504001013,0
360050504001014,0
360050504001015,0
360050504001017,0
360050504001018,0
360050504001020,0
360050516011000,115
360050516011004,0
360050516011007,61
360050516011010,65
360050516011013,52
360050516012001,55
360050516012004,125
360050516012007,50
360050516013011,17
360050516014002,131
360050516014006,64
360050516014009,51
360050516015000,0
360050516010001,0
360050516011001,61
360050516011002,135
360050516011003,61
360050516011005,44
360050516011006,72
360050516011008,89
360050516011009,119
360050516011011,24
360050516011012,60
360050516011014,40
360050516011015,54
360050516012000,67
360050516012002,62
360050516012003,84
360050516012005,112
360050516012006,61
360050516012008,83
360050516012009,137
360050516012010,80
360050516012011,77
360050516013000,57
360050516013001,78
360050516013002,51
360050516013003,169
360050516013004,247
360050516013005,106
360050516013006,160
360050516013007,229
360050516013008,51
360050516013009,58
360050516013010,28
360050516014000,93
360050516014001,57
360050516014003,189
360050516014004,99
360050516014005,110
360050516014007,196
360050516014008,85
360050516014010,56
360050516014011,18
360050516021001,0
360050516020001,0
360050516020002,0
360050516021000,0
360470001001000,25
360470001001003,0
360470001003005,614
360470001004002,521
360470001001001,36
360470001001002,0
360470001001004,14
360470001001005,182
360470001001006,17
360470001001007,271
360470001001008,19
360470001001009,112
360470001001010,111
360470001001011,117
360470001002000,187
360470001002001,166
360470001002002,223
360470001002003,128
360470001003000,0
360470001003001,255
360470001003002,174
360470001003003,227
360470001003004,218
360470001004000,474
360470001004001,525
360470002001003,0
360470002001006,0
360470002001009,34
360470002001012,102
360470002001016,85
360470002001019,0
360470002001000,61
360470002001001,19
360470002001002,0
360470002001004,55
360470002001005,0
360470002001007,0
360470002001008,75
360470002001010,0
360470002001011,152
360470002001013,167
360470002001014,333
360470002001015,91
360470002001017,31
360470002001018,0
360470003012000,111
360470003013001,413
360470003014002,356
360470003015002,58
360470003011000,207
360470003011001,680
360470003012001,736
360470003013000,444
360470003014000,0
360470003014001,0
360470003014003,399
360470003015000,0
360470003015001,0
360470003015003,307
360470003015004,38
360470003015005,101
360470003015006,0
360470005011000,1663
360470005011001,886
360470005012000,540
360470005012001,511
360470005013000,170
360470005013001,634
360470005021000,895
360470005021001,520
360470005021002,0
360470005022000,203
360470005022001,230
360470005022002,792
360470007001000,249
360470007001003,32
360470007001006,236
360470007003000,252
360470007003003,270
360470007001001,458
360470007001002,0
360470007001004,1212
360470007001005,0
360470007002000,344
360470007002001,335
360470007002002,242
360470007003001,446
360470007003002,339
360470009001002,112
360470009001005,0
360470009001009,397
360470009002002,289
360470009001000,260
360470009001001,793
360470009001003,432
360470009001004,314
360470009001006,0
360470009001007,0
360470009001008,735
360470009002000,826
360470009002001,220
360470009002003,764
360470009002004,25
360470011001000,26
360470011001003,15
360470011001006,59
360470011001001,0
360470011001002,0
360470011001004,0
360470011001005,6
360470011001007,34
360470011001008,0
360470011001009,0
360470011001010,681
360470011001011,757
360470013001014,0
360470013001017,0
360470013001020,26
360470013001022,0
360470013001023,0
360470013001024,9
360470013002000,0
360470013002001,0
360470013002002,0
360470013002003,0
360470013002004,0
360470013002005,0
360470013002006,0
360470013001000,0
360470013001001,0
360470013001002,1569
360470013001003,408
360470013001004,0
360470013001005,17
360470013001006,0
360470013001007,0
360470013001008,1
360470013001009,0
360470013001010,0
360470013001011,410
360470013001012,0
360470013001013,14
360470013001015,0
360470013001016,0
360470013001018,0
360470013001019,11
360470013001021,0
360470015011006,0
360470015011009,0
360470015012001,0
360470015012004,0
360470015012007,174
360470015012011,204
360470015011000,209
360470015011001,351
360470015011002,82
360470015011003,163
360470015011004,844
360470015011005,0
360470015011007,0
360470015011008,0
360470015011010,397
360470015011011,625
360470015012000,0
360470015012002,0
360470015012003,0
360470015012005,555
360470015012006,548
360470015012008,151
360470015012009,232
360470015012010,269
360470015012012,357
360470015021001,0
360470015021004,0
360470015021007,0
360470015021011,1092
360470015021014,631
360470015021017,17
360470015021000,1067
360470015021002,0
360470015021003,0
360470015021005,418
360470015021006,0
360470015021008,0
360470015021009,0
360470015021010,0
360470015021012,450
360470015021013,0
360470015021015,1783
360470015021016,22
360470015021018,321
360470018012001,0
360470018010001,0
360470018010002,0
360470018011000,0
360470018011001,0
360470018011002,0
360470018011003,0
360470018011004,0
360470018011005,0
360470018011006,0
360470018011007,0
360470018011008,0
360470018011009,1
360470018011010,0
360470018012000,2562
360470018012002,0
360470018012003,0
360470018020001,0
360470018021003,0
360470018021006,0
360470018021009,0
360470018021000,0
360470018021001,0
360470018021002,4
360470018021004,0
360470018021005,0
360470018021007,0
360470018021008,0
360470018021010,0
360470018021011,2
360470018030001,0
360470018031002,5
360470018031005,0
360470018031008,3
360470018030002,0
360470018031000,3
360470018031001,0
360470018031003,0
360470018031004,0
360470018031006,0
360470018031007,5
360470018031009,0
360470018031010,0
360470018041000,0
360470018040001,0
360470018041001,0
360470020001001,242
360470020001004,0
360470020001000,43
360470020001002,207
360470020001003,287
360470020001005,0
360470020001006,26
360470020001007,0
360470020001008,0
360470020002000,246
360470020002001,166
360470020002002,444
360470020002003,0
360470020002004,0
360470020002005,0
360470020002006,0
360470020002007,33
360470021001008,0
360470021001011,447
360470021001014,0
360470021001017,590
360470021002003,0
360470021002006,13
360470021002009,12
360470021002012,0
360470021002016,0
360470021002022,0
360470021002026,0
360470021002029,568
360470021003002,0
360470021003005,109
360470021003008,489
360470021003012,54
360470021003015,133
360470021003018,0
360470021002028,0
360470021001001,20
360470021001002,0
360470021001003,0
360470021001004,89
360470021001005,0
360470021001006,0
360470021001007,0
360470021001009,625
360470021001010,210
360470021001012,0
360470021001013,0
360470021001015,0
360470021001016,0
360470021002000,124
360470021002001,0
360470021002002,0
360470021002004,0
360470021002005,191
360470021002007,42
360470021002008,12
360470021002010,0
360470021002011,0
360470021002013,0
360470021002014,0
360470021002015,342
360470021002017,0
360470021002018,337
360470021001000,0
360470021002019,188
360470021002020,0
360470021002021,0
360470021002023,0
360470021002024,0
360470021002025,0
360470021002027,0
360470021003000,20
360470021003001,70
360470021003003,0
360470021003004,0
360470021003006,30
360470021003007,185
360470021003009,446
360470021003010,91
360470021003011,58
360470021003013,212
360470021003014,241
360470021003016,27
360470021003017,0
360470022001002,95
360470022001006,0
360470022003005,0
360470022003008,0
360470022003011,46
360470022004002,0
360470022001000,42
360470022001001,15
360470022001003,27
360470022001004,596
360470022001005,545
360470022001007,0
360470022001008,0
360470022001009,0
360470022001010,0
360470022002000,588
360470022002001,285
360470022002002,26
360470022002003,297
360470022002004,44
360470022002005,0
360470022002006,0
360470022002007,0
360470022003000,418
360470022003001,514
360470022003002,141
360470022003003,28
360470022003004,160
360470022003006,0
360470022003007,0
360470022003009,0
360470022003010,0
360470022004000,0
360470022004001,0
360470022004003,722
360470022004004,0
360470023001000,1372
360470023001004,0
360470023003000,1047
360470023003003,0
360470023003006,0
360470023003007,35
360470023001001,0
360470023001002,0
360470023001003,0
360470023001005,0
360470023002000,1486
360470023003001,0
360470023003002,0
360470023003004,0
360470023003005,0
360470023003008,0
360470023003009,0
360470029011000,0
360470029011003,841
360470029011006,379
360470029011001,0
360470029011002,0
360470029011004,623
360470029011005,335
360470029011007,284
360470029012000,0
360470029012001,46
360470029012002,0
360470029012003,0
360470029012004,123
360470029012005,194
360470029012006,199
360470029012007,125
360470030001000,0
360470030001001,0
360470030001002,125
360470030001003,103
360470030001004,243
360470030001005,418
360470030002000,361
360470030002001,561
360470031011000,928
360470031012000,229
360470031011001,1838
360470031011002,350
360470031012001,18
360470031013000,32
360470031021000,0
360470033002005,0
360470033002009,772
360470033001000,537
360470033002001,350
360470033002004,0
360470033002006,36
360470033002007,0
360470033002008,1219
360470033002010,0
360470033002011,107
360470033001001,300
360470033002000,544
360470033002002,360
360470033002003,582
360470034000001,0
360470034001002,0
360470034001005,0
360470034001009,137
360470034001012,0
360470034001000,0
360470034001001,0
360470034001003,0
360470034001004,0
360470034001006,198
360470034001007,219
360470034001008,379
360470034001010,0
360470034001011,0
360470034002000,269
360470034002001,150
360470034002002,698
360470034002003,237
360470034002004,79
360470034003000,417
360470034003001,0
360470034003002,383
360470034003003,323
360470035001000,446
360470035001001,414
360470035001002,572
360470035001003,0
360470035001004,0
360470035002000,141
360470035002001,347
360470035002002,482
360470036001000,529
360470036001001,198
360470036001002,121
360470036001003,360
360470036002000,736
360470036002001,1097
360470036003000,319
360470036003001,599
360470037001001,142
360470037001004,29
360470037001007,224
360470037001011,1150
360470037001000,31
360470037001002,0
360470037001003,51
360470037001005,24
360470037001006,0
360470037001008,0
360470037001009,1284
360470037001010,1190
360470037001012,440
360470037001013,0
360470038000001,0
360470038001002,0
360470038001005,229
360470038001004,0
360470038001006,209
360470038001007,180
360470038001000,261
360470038001001,650
360470038001003,0
360470039001001,169
360470039002000,467
360470039003000,253
360470039003002,251
360470039001000,19
360470039001002,575
360470039001003,435
360470039002001,0
360470039002002,305
360470039003001,170
360470041001000,198
360470041001004,386
360470041001001,331
360470041001002,157
360470041001003,381
360470041002000,304
360470041002001,390
360470041002002,294
360470041003000,308
360470041003001,338
360470041003002,311
360470043004002,228
360470043004005,400
360470043001000,0
360470043002000,654
360470043002001,187
360470043002002,378
360470043003000,322
360470043003001,64
360470043003002,105
360470043003003,444
360470043004000,197
360470043004001,249
360470043004003,252
360470043004004,330
360470044001002,0
360470044001005,0
360470044001008,133
360470044001011,77
360470044002000,420
360470044002004,168
360470044000001,0
360470044001000,186
360470044001001,84
360470044001003,99
360470044001004,0
360470044001006,150
360470044001007,178
360470044001009,129
360470044001010,121
360470044001012,99
360470044001013,90
360470044002001,103
360470044002002,158
360470044002003,136
360470044002005,117
360470045001001,360
360470045002000,234
360470045002003,196
360470045004001,105
360470045003001,272
360470045001000,246
360470045001002,233
360470045001003,354
360470045002001,273
360470045002002,62
360470045003000,424
360470045004000,352
360470045004002,74
360470045004003,186
360470045004004,105
360470046000001,0
360470046001000,316
360470046001001,100
360470046001002,131
360470046001003,70
360470046001004,80
360470046001005,30
360470046001006,0
360470046001007,0
360470046001008,0
360470046001009,112
360470046001010,119
360470046001011,47
360470046001012,149
360470047001001,0
360470047001005,96
360470047001008,313
360470047001011,0
360470047001014,0
360470047001000,17
360470047001002,0
360470047001003,15
360470047001004,188
360470047001006,247
360470047001007,707
360470047001009,0
360470047001010,0
360470047001012,0
360470047001013,0
360470047001015,368
360470049001002,228
360470049002001,242
360470049003000,399
360470049001000,150
360470049001001,0
360470049001003,451
360470049002000,121
360470049002002,257
360470049002003,121
360470049003001,443
360470050001000,67
360470050001003,0
360470050002003,470
360470050003002,269
360470050002000,141
360470050002001,153
360470050003000,112
360470050003001,121
360470050003003,377
360470050002002,181
360470050000001,0
360470050001001,0
360470050001002,0
360470050001004,313
360470050001005,331
360470051001001,0
360470051001004,152
360470051003006,63
360470051001000,0
360470051001002,228
360470051001003,87
360470051001005,252
360470051001006,0
360470051001007,0
360470051001008,0
360470051002000,0
360470051002001,0
360470051002002,0
360470051002003,204
360470051002004,241
360470051002005,305
360470051002006,262
360470051003000,0
360470051003001,0
360470051003002,37
360470051003003,269
360470051003004,198
360470051003005,244
360470051003007,0
360470051003008,116
360470052010001,0
360470052011003,0
360470052011006,544
360470052011001,1028
360470052011000,28
360470052011002,0
360470052011004,0
360470052011005,279
360470052021001,0
360470052022000,370
360470052022004,0
360470052020001,0
360470052021000,1126
360470052021002,0
360470052021003,0
360470052022001,567
360470052022002,202
360470052022003,403
360470052022005,0
360470052022006,0
360470053010001,0
360470053011001,24
360470053011004,66
360470053011008,95
360470053012011,43
360470053012014,22
360470053012017,13
360470053010002,0
360470053011000,0
360470053011002,31
360470053011003,33
360470053011005,143
360470053011006,113
360470053011007,126
360470053011009,47
360470053011010,95
360470053011011,174
360470053011012,0
360470053011013,261
360470053011014,147
360470053012000,0
360470053012001,15
360470053012002,0
360470053012003,20
360470053012004,144
360470053012005,87
360470053012006,0
360470053012007,33
360470053012008,79
360470053012009,16
360470053012010,52
360470053012012,107
360470053012013,139
360470053012015,20
360470053012016,19
360470053012018,0
360470053020003,0
360470053021001,0
360470053021004,0
360470053021007,0
360470053021011,0
360470053022000,0
360470053022003,0
360470053022007,0
360470053022010,0
360470053020001,0
360470053020002,0
360470053020004,0
360470053021000,0
360470053021002,5
360470053021003,0
360470053021005,0
360470053021006,22
360470053021008,0
360470053021009,0
360470053021010,0
360470053021012,0
360470053021013,0
360470053022001,0
360470053022002,10
360470053022004,0
360470053022005,0
360470053022006,0
360470053022008,0
360470053022009,0
360470053022011,0
360470053022012,0
360470053022013,2
360470053023000,45
360470053023001,0
360470053023002,0
360470053023003,2
360470053023004,0
360470053023005,0
360470053031003,0
360470053031006,0
360470053031000,0
360470053031001,0
360470053031002,0
360470053031004,0
360470053031005,0
360470053031007,0
360470053031008,0
360470054000001,0
360470054001002,524
360470054002000,246
360470054003000,710
360470054001000,537
360470054001001,501
360470054001003,0
360470054001004,0
360470054001005,0
360470054002001,53
360470054002002,304
360470054003001,551
360470054003002,0
360470056010001,0
360470056011002,119
360470056011005,0
360470056012002,147
360470056011004,0
360470056012000,266
360470056012001,497
360470056012003,130
360470056012004,392
360470056011000,480
360470056011001,642
360470056011003,19
360470056020002,0
360470056021002,310
360470056020001,0
360470056021000,370
360470056021001,331
360470056021003,330
360470056021004,354
360470056021005,39
360470056021006,0
360470056021007,0
360470058001000,326
360470058001001,605
360470058001002,56
360470058001003,65
360470058002000,459
360470058002001,391
360470058002002,502
360470058002003,320
360470058002004,33
360470058003000,256
360470058003001,437
360470059001000,61
360470059001003,196
360470059001006,55
360470059002001,0
360470059002004,0
360470059002007,13
360470059002010,0
360470059002013,47
360470059002017,100
360470059002020,0
360470059002023,0
360470059002026,0
360470059002019,0
360470059001001,37
360470059001002,29
360470059001004,17
360470059001005,153
360470059001007,242
360470059001008,72
360470059002000,0
360470059002002,0
360470059002003,0
360470059002005,0
360470059002006,0
360470059002008,0
360470059002009,0
360470059002011,0
360470059002012,0
360470059002014,211
360470059002015,0
360470059002016,0
360470059002018,71
360470059002021,0
360470059002022,0
360470059002024,149
360470059002025,0
360470059002027,0
360470059002028,0
360470059002029,0
360470059002030,77
360470059002031,122
360470059002032,90
360470060001000,545
360470060001001,279
360470060001002,367
360470060002000,405
360470060002001,284
360470060002002,235
360470060002003,0
360470060003000,409
360470060003001,352
360470062001002,453
360470062003000,150
360470062001000,229
360470062001001,487
360470062002000,1032
360470062002001,256
360470062003001,212
360470062003002,139
360470063001001,221
360470063002001,154
360470063002004,0
360470063001000,358
360470063001002,385
360470063002000,291
360470063002002,336
360470063002003,231
360470063002005,0
360470063002006,31
360470064001000,279
360470064001003,331
360470064003000,577
360470064001001,166
360470064001002,405
360470064002000,436
360470064002001,380
360470064002002,241
360470064003001,533
360470064003002,275
360470065001000,356
360470065002001,342
360470065004000,403
360470065006000,358
360470065005000,342
360470065001001,457
360470065002000,398
360470065003000,410
360470065003001,342
360470065004001,265
360470065005001,285
360470065006001,322
360470065006002,221
360470065006003,366
360470065007000,287
360470065007001,0
360470065007002,191
360470065007003,116
360470065007004,0
360470065007005,0
360470065007006,0
360470066002000,469
360470066003001,434
360470066003000,569
360470066001000,687
360470066001001,162
360470066001002,447
360470066002001,524
360470066003002,682
360470067002000,326
360470067003001,365
360470067005000,303
360470067001000,280
360470067001001,384
360470067002001,505
360470067003000,297
360470067004000,376
360470067004001,366
360470067005001,416
360470068001001,1048
360470068002002,279
360470068004001,504
360470068004002,144
360470068001000,486
360470068002000,1105
360470068002001,506
360470068003000,544
360470068003001,187
360470068004000,688
360470069011001,363
360470069011000,366
360470069012000,354
360470069012001,548
360470069021000,142
360470069022000,505
360470069021001,469
360470069021002,371
360470069021003,107
360470069022001,58
360470069022002,310
360470070001000,0
360470070001003,0
360470070001006,0
360470070002000,242
360470070001007,0
360470070001001,0
360470070001002,0
360470070001004,143
360470070001005,676
360470070001008,508
360470070001009,0
360470070002001,432
360470070002002,453
360470071001000,317
360470071001001,358
360470071001002,413
360470071002000,203
360470071002001,68
360470071002002,1531
360470071002003,76
360470071002004,0
360470071003000,1396
360470072001005,308
360470072001000,686
360470072001001,0
360470072001002,0
360470072001003,0
360470072001004,652
360470072001006,436
360470072001007,0
360470074001000,866
360470074003000,36
360470074004000,0
360470074001001,769
360470074002000,793
360470074002001,1003
360470074003001,785
360470074003002,0
360470074004001,712
360470074004002,865
360470075001000,19
360470075001003,331
360470075002002,106
360470075003001,249
360470075003004,0
360470075004000,465
360470075005001,322
360470075001001,361
360470075001002,298
360470075002000,0
360470075002001,109
360470075002003,347
360470075002004,412
360470075003000,22
360470075003002,367
360470075003003,105
360470075003005,18
360470075003006,461
360470075004001,347
360470075005000,352
360470075005002,0
360470076001002,661
360470076001000,490
360470076001001,697
360470076002000,662
360470076002001,531
360470076003000,533
360470076003001,636
360470076003002,662
360470077003000,144
360470077003003,57
360470077003006,458
360470077003010,103
360470077003013,0
360470077004002,209
360470077001000,358
360470077001001,303
360470077001002,356
360470077001003,302
360470077001004,607
360470077002000,345
360470077002001,349
360470077002002,19
360470077002003,394
360470077002004,56
360470077002005,0
360470077003001,32
360470077003002,208
360470077003004,50
360470077003005,206
360470077003007,0
360470077003008,0
360470077003009,310
360470077003011,0
360470077003012,0
360470077004000,130
360470077004001,389
360470077004003,305
360470078001001,815
360470078003001,644
360470078001000,541
360470078002000,883
360470078002001,664
360470078003000,588
360470078004000,666
360470078004001,532
360470080001000,410
360470080002000,548
360470080003001,77
360470080003002,489
360470080001001,699
360470080001002,535
360470080002001,746
360470080003000,520
360470082001000,617
360470082001001,760
360470082002000,658
360470082002001,271
360470082002002,262
360470082002003,210
360470082002004,232
360470082003000,0
360470082003001,728
360470082003002,270
360470084002000,74
360470084002003,406
360470084003002,87
360470084003005,53
360470084001000,578
360470084001001,184
360470084001002,309
360470084002001,167
360470084002002,546
360470084003000,527
360470084003001,92
360470084003003,82
360470084003004,206
360470085001003,464
360470085002000,497
360470085003000,471
360470085003003,468
360470085001000,0
360470085001001,944
360470085001002,1105
360470085001004,0
360470085002001,844
360470085002002,478
360470085003001,418
360470085003002,984
360470086001000,0
360470088001002,887
360470088002002,697
360470088001000,349
360470088001001,649
360470088002000,0
360470088002001,676
360470090011002,686
360470090011000,0
360470090011001,244
360470090011003,956
360470090021001,142
360470090021000,0
360470090021002,445
360470090021003,804
360470092011000,674
360470092012000,848
360470092012001,337
360470092012002,228
360470092021000,978
360470092021001,1370
360470092022000,676
360470092022001,400
360470094011000,699
360470094011001,878
360470094012000,742
360470094012001,808
360470094021000,748
360470094021001,590
360470094022000,816
360470094022001,1014
360470096001001,850
360470096003001,603
360470096001000,831
360470096002000,1109
360470096002001,702
360470096003000,763
360470096004000,885
360470096004001,719
360470098001000,1141
360470098002001,926
360470098004000,719
360470098002000,988
360470098001001,936
360470098003000,1012
360470098003001,887
360470098004001,831
360470100001001,882
360470100003001,1188
360470100001000,960
360470100002000,1113
360470100002001,915
360470100003000,970
360470100004000,948
360470100004001,765
360470101001000,13
360470101001003,142
360470101002000,289
360470101002004,402
360470101001001,155
360470101001002,311
360470101001004,389
360470101001005,405
360470101002001,605
360470101002002,233
360470101002003,220
360470101003000,110
360470101003001,191
360470101003002,245
360470101003003,184
360470101003004,81
360470101003005,272
360470101003006,343
360470102001000,1143
360470102001001,775
360470102001002,961
360470102002000,888
360470102002001,44
360470102002002,675
360470102003000,943
360470102003001,1149
360470104012000,768
360470104011000,709
360470104011001,675
360470104012001,863
360470104022000,840
360470104021000,608
360470104021001,788
360470104022001,729
360470106011001,768
360470106011000,815
360470106012000,838
360470106012001,616
360470106021000,690
360470106022000,766
360470106022001,663
360470106021001,701
360470108012000,717
360470108011000,479
360470108011001,731
360470108012001,949
360470108021001,737
360470108021000,913
360470108022000,326
360470108022001,864
360470110001000,23
360470110001003,245
360470110001007,133
360470110002002,35
360470110001005,358
360470110001001,50
360470110001002,0
360470110001004,293
360470110001006,73
360470110002000,561
360470110002001,420
360470110002003,518
360470112001001,786
360470112001004,182
360470112002001,476
360470112004000,1062
360470112001000,1210
360470112001002,0
360470112001003,0
360470112001005,0
360470112001006,301
360470112002000,537
360470112003000,776
360470112003001,635
360470112004001,671
360470114001000,735
360470114001001,346
360470114001002,76
360470114001003,0
360470114001004,487
360470114002000,587
360470114002001,542
360470114002002,162
360470114002003,167
360470114003000,440
360470114003001,17
360470114003002,591
360470116001002,139
360470116002001,669
360470116001000,679
360470116001001,98
360470116001003,989
360470116002000,600
360470116002002,872
360470116003000,769
360470116003001,714
360470117001000,109
360470117001003,412
360470117002002,409
360470117003001,278
360470117002000,41
360470117001001,64
360470117001002,488
360470117002001,323
360470117002003,45
360470117003000,77
360470117003002,426
360470117003003,0
360470118001001,0
360470118002001,493
360470118003000,636
360470118003003,0
360470118001000,16
360470118001002,19
360470118002000,873
360470118002002,0
360470118002003,41
360470118003001,281
360470118003002,219
360470119011003,0
360470119012011,50
360470119012014,199
360470119012017,9
360470119011000,83
360470119011001,0
360470119011002,0
360470119011004,0
360470119011005,14
360470119011006,10
360470119011007,0
360470119011008,20
360470119011009,225
360470119012000,18
360470119012001,10
360470119012002,4
360470119012003,31
360470119012004,0
360470119012005,78
360470119012006,113
360470119012007,21
360470119012008,0
360470119012009,0
360470119012010,97
360470119012012,260
360470119012013,71
360470119012015,135
360470119012016,105
360470119012018,36
360470119021002,0
360470119021005,0
360470119021008,0
360470119021011,0
360470119021000,0
360470119021001,0
360470119021003,0
360470119021004,0
360470119021006,0
360470119021007,0
360470119021009,0
360470119021010,0
360470119021012,0
360470120001002,70
360470120001005,24
360470120001008,0
360470120001011,213
360470120001000,335
360470120001001,12
360470120001003,0
360470120001004,7
360470120001006,0
360470120001007,84
360470120001009,0
360470120001010,80
360470120001012,351
360470121001002,349
360470121001000,43
360470121001001,478
360470121001003,251
360470121002000,110
360470121002001,157
360470121002002,0
360470121002003,375
360470121002004,153
360470122004004,402
360470122001000,1167
360470122001001,795
360470122002000,1074
360470122002001,778
360470122003000,0
360470122004000,645
360470122004001,457
360470122004002,129
360470122004003,74
360470126003000,0
360470126003003,289
360470126003006,0
360470126003001,0
360470126001002,0
360470126001003,0
360470126001004,0
360470126001005,0
360470126001006,419
360470126001007,826
360470126002000,0
360470126002001,0
360470126002002,243
360470126002003,54
360470126002004,453
360470126002005,375
360470126003002,0
360470126003004,426
360470126003005,0
360470126003007,0
360470126001000,0
360470126001001,0
360470127001002,551
360470127002002,193
360470127003000,431
360470127001000,576
360470127001001,136
360470127002000,757
360470127002001,260
360470127002003,24
360470127002004,247
360470127003001,861
360470128011005,885
360470128011008,0
360470128011001,0
360470128011000,0
360470128011002,698
360470128011003,530
360470128011004,373
360470128011006,81
360470128011007,0
360470129012000,486
360470129013002,114
360470129011000,0
360470129011001,52
360470129012001,426
360470129013000,514
360470129013001,0
360470129014000,393
360470129014001,348
360470129021000,446
360470129021001,310
360470129022000,1105
360470129022001,0
360470129022002,230
360470129022003,208
360470129022004,531
360470129022005,39
360470129022006,449
360470130003000,590
360470130004001,280
360470130004000,471
360470130001000,939
360470130001001,139
360470130001002,154
360470130002000,752
360470130002001,662
360470130003001,651
360470130004002,709
360470131001001,462
360470131003001,287
360470131004001,300
360470131001000,555
360470131002000,491
360470131002001,476
360470131003000,333
360470131003002,234
360470131004000,556
360470131004002,285
360470132001001,455
360470132002001,73
360470132002005,0
360470132001000,294
360470132001002,305
360470132002000,120
360470132002002,490
360470132002003,694
360470132002004,439
360470132002006,0
360470132002007,0
360470133001000,510
360470133002001,675
360470133004000,560
360470133001001,509
360470133002000,569
360470133003000,552
360470133003001,443
360470133004001,593
360470134001016,246
360470134002002,371
360470134003002,341
360470134001000,124
360470134001001,109
360470134001002,19
360470134001003,0
360470134001004,0
360470134001005,0
360470134001006,0
360470134001007,0
360470134001008,0
360470134001009,126
360470134001010,58
360470134001011,197
360470134001012,23
360470134001013,174
360470134001014,42
360470134001015,209
360470134001017,179
360470134002000,526
360470134002001,410
360470134003000,512
360470134003001,378
360470134003003,168
360470135001001,747
360470135002002,487
360470135003000,367
360470135001000,390
360470135002000,25
360470135002001,561
360470135002003,317
360470135003001,905
360470136001000,0
360470136001003,169
360470136001006,151
360470136003000,388
360470136001001,0
360470136001002,0
360470136001004,446
360470136001005,299
360470136002000,391
360470136002001,637
360470136003001,443
360470136004000,514
360470136004001,641
360470137001000,623
360470137002001,411
360470137003002,389
360470137001001,468
360470137002000,618
360470137003000,336
360470137003001,166
360470137003003,395
360470138002001,397
360470138003000,543
360470138003001,306
360470138001000,214
360470138001001,379
360470138001002,570
360470138001003,378
360470138002000,460
360470139001000,429
360470139001001,480
360470139002000,651
360470139002001,528
360470139003000,423
360470139003001,456
360470139004000,409
360470139004001,351
360470140001001,222
360470140002000,73
360470140002004,199
360470140002007,298
360470140001000,372
360470140001002,270
360470140001003,152
360470140002001,84
360470140002002,105
360470140002003,182
360470140002005,111
360470140002006,68
360470141011002,452
360470141011000,163
360470141011001,649
360470141011003,357
360470141021001,440
360470141021000,446
360470141022000,458
360470141022001,514
360470142001001,172
360470142001004,113
360470142001007,0
360470142001010,0
360470142001000,346
360470142001002,0
360470142001003,0
360470142001005,184
360470142001006,71
360470142001008,143
360470142001009,0
360470142001011,0
360470142001012,0
360470142001013,0
360470142001014,0
360470142001015,222
360470142002000,595
360470142002001,363
360470142003000,627
360470142003001,598
360470143002003,152
360470143003001,490
360470143001000,136
360470143001001,246
360470143001002,0
360470143001003,0
360470143001004,86
360470143001005,371
360470143001006,417
360470143002000,303
360470143002001,405
360470143002002,306
360470143002004,68
360470143002005,102
360470143003000,122
360470143003002,501
360470145001001,315
360470145002000,620
360470145003001,349
360470145004002,543
360470145003002,456
360470145001000,465
360470145001002,433
360470145001003,25
360470145002001,601
360470145003000,168
360470145004000,167
360470145004001,175
360470145004003,87
360470147001001,0
360470147002001,544
360470147001000,214
360470147001002,501
360470147002000,495
360470147002002,488
360470148001001,186
360470148002002,185
360470148001000,194
360470148001002,170
360470148002000,151
360470148002001,154
360470148002003,204
360470149011001,463
360470149011000,371
360470149012000,488
360470149012001,207
360470149023002,200
360470149023003,300
360470149021000,582
360470149021001,368
360470149021002,529
360470149022000,185
360470149022001,219
360470149022002,281
360470149022003,275
360470149023000,425
360470149023001,237
360470150002002,242
360470150001000,265
360470150001001,322
360470150001002,295
360470150002000,177
360470150002001,230
360470150002003,260
360470151001001,395
360470151003000,456
360470151001000,508
360470151002000,501
360470151002001,541
360470151003001,563
360470151004000,354
360470151004001,378
360470152001000,274
360470152001003,36
360470152002001,117
360470152002004,241
360470152003003,265
360470152001001,163
360470152001002,146
360470152001004,54
360470152002000,254
360470152002002,118
360470152002003,110
360470152003000,97
360470152003001,216
360470152003002,371
360470152003004,83
360470153001001,9
360470153003000,370
360470153004001,386
360470153001000,128
360470153002000,429
360470153002001,482
360470153003001,449
360470153004000,380
360470154001000,0
360470154001001,9
360470154001002,0
360470155004000,471
360470155004001,289
360470155001000,229
360470155001001,475
360470155002000,521
360470155002001,454
360470155003000,550
360470155003001,477
360470157002000,614
360470157001000,615
360470157001001,428
360470157002001,416
360470157003000,454
360470157003001,204
360470157003002,176
360470157003003,489
360470157004000,643
360470157004001,408
360470159004000,355
360470159005001,0
360470159006000,522
360470159006003,357
360470159006004,160
360470159001000,505
360470159001001,288
360470159001002,191
360470159002000,459
360470159002001,393
360470159002002,59
360470159003000,564
360470159003001,365
360470159004001,633
360470159005000,0
360470159005002,0
360470159005003,0
360470159005004,0
360470159006001,166
360470159006002,189
360470160001001,0
360470160001004,0
360470160002001,598
360470160003003,160
360470160004002,113
360470160004005,392
360470160003002,367
360470160001000,259
360470160001002,687
360470160001003,0
360470160001005,387
360470160002000,409
360470160003000,194
360470160003001,457
360470160004000,161
360470160004001,248
360470160004003,0
360470160004004,30
360470161001002,79
360470161001000,493
360470161001001,449
360470161001003,131
360470161002000,0
360470161003000,810
360470161003001,381
360470161004000,0
360470161004001,165
360470161004002,428
360470161004003,58
360470161004004,456
360470162002004,320
360470162002007,0
360470162002011,0
360470162001000,203
360470162001001,516
360470162001002,308
360470162002000,0
360470162002001,436
360470162002002,204
360470162002003,231
360470162002005,0
360470162002006,0
360470162002008,0
360470162002009,0
360470162002010,0
360470163002001,347
360470163003001,828
360470163001000,0
360470163002000,1023
360470163002002,537
360470163003000,589
360470163004000,764
360470164000002,0
360470164001003,0
360470164001006,0
360470164001009,0
360470164001012,29
360470164001016,0
360470164001019,0
360470164000001,0
360470164001000,0
360470164001001,60
360470164001002,0
360470164001004,0
360470164001005,15
360470164001007,167
360470164001008,30
360470164001010,0
360470164001011,122
360470164001013,0
360470164001014,0
360470164001015,12
360470164001017,0
360470164001018,0
360470164001020,0
360470164001021,0
360470164001022,0
360470164001023,0
360470164001024,0
360470164001025,0
360470164001026,196
360470164001027,61
360470164001028,46
360470164001029,37
360470165004000,418
360470165001000,533
360470165001001,646
360470165002000,413
360470165002001,537
360470165002002,499
360470165003000,314
360470165003001,551
360470165003002,598
360470165004001,571
360470166001002,172
360470166001005,128
360470166002001,57
360470166002004,91
360470166002003,125
360470166001000,140
360470166001001,159
360470166001003,116
360470166001004,130
360470166001006,161
360470166002000,231
360470166002002,153
360470166002005,115
360470166002006,190
360470167001001,730
360470167003000,474
360470167004001,370
360470167001000,329
360470167002000,534
360470167002001,477
360470167003001,765
360470167004000,553
360470167004002,522
360470168001000,260
360470168001004,122
360470168001009,0
360470168000001,0
360470168001001,288
360470168001002,384
360470168001003,207
360470168001005,264
360470168001006,170
360470168001007,0
360470168001008,0
360470169001000,539
360470169001001,292
360470169002000,734
360470169002001,410
360470169003000,433
360470169003001,28
360470169003002,159
360470169003003,210
360470169004000,609
360470169004001,382
360470169005000,349
360470169005001,314
360470170002001,403
360470170003000,387
360470170001000,438
360470170001001,190
360470170001002,331
360470170002000,428
360470170002002,375
360470170002003,168
360470170003001,280
360470170003002,306
360470170003003,298
360470171001003,125
360470171002001,195
360470171003002,279
360470171004001,165
360470171004004,115
360470171001000,513
360470171001002,256
360470171001004,36
360470171002000,323
360470171002002,224
360470171003000,270
360470171003001,66
360470171003003,250
360470171004000,172
360470171004002,357
360470171004003,63
360470171001001,308
360470172001002,424
360470172001006,146
360470172002001,349
360470172002004,251
360470172001000,351
360470172001001,35
360470172001003,305
360470172001004,74
360470172001005,297
360470172001007,170
360470172002000,335
360470172002002,219
360470172002003,207
360470172002005,137
360470174001000,369
360470174001004,0
360470174000001,0
360470174001001,320
360470174001002,331
360470174001003,0
360470174001005,0
360470174002000,323
360470174002001,310
360470174002002,297
360470175001000,5
360470175001001,0
360470176002001,418
360470176000001,0
360470176001000,303
360470176001001,425
360470176001002,346
360470176001003,0
360470176001004,0
360470176001005,0
360470176002000,333
360470176002002,379
360470176002003,214
360470177001000,0
360470177001004,0
360470177001007,0
360470177001010,0
360470177001013,0
360470177001012,0
360470177001001,0
360470177001002,0
360470177001003,0
360470177001005,15
360470177001006,0
360470177001008,0
360470177001009,0
360470177001011,0
360470177001014,0
360470178001002,484
360470178001005,58
360470178002002,89
360470178002005,317
360470178001000,214
360470178001001,80
360470178001003,108
360470178001004,380
360470178002000,396
360470178002001,149
360470178002003,72
360470178002004,82
360470178002006,220
360470178002007,310
360470179001001,556
360470179002001,97
360470179001000,0
360470179001002,861
360470179002000,585
360470179002002,211
360470179002003,705
360470179002004,50
360470179002005,91
360470179003000,333
360470179003001,406
360470179003002,0
360470179003003,0
360470180001000,282
360470180001001,304
360470180001002,471
360470180001003,390
360470180002000,501
360470180002001,238
360470180002002,440
360470180002003,499
360470181002000,422
360470181002003,159
360470181003002,82
360470181004002,302
360470181001001,411
360470181001000,635
360470181002001,153
360470181002002,112
360470181003000,929
360470181003001,202
360470181004000,404
360470181004001,124
360470181004003,269
360470182001002,487
360470182002001,115
360470182002004,492
360470182001000,335
360470182001001,386
360470182001003,20
360470182002000,0
360470182002002,648
360470182002003,488
360470182002005,426
360470182002006,348
360470183001000,486
360470183001003,312
360470183003000,381
360470183001001,331
360470183001002,79
360470183002000,432
360470183002001,442
360470183003001,321
360470184001001,55
360470184001000,384
360470184001002,138
360470184001003,331
360470184001004,323
360470184002000,259
360470184002001,312
360470184002002,310
360470184002003,348
360470185014000,665
360470185011000,0
360470185011001,0
360470185011002,711
360470185012000,0
360470185012001,0
360470185012002,0
360470185012003,1599
360470185013000,945
360470185013001,319
360470185014001,222
360470186001001,347
360470186001004,327
360470186002000,356
360470186002001,409
360470186002002,322
360470186001000,403
360470186001002,94
360470186001003,106
360470187001000,0
360470187001003,0
360470187001006,493
360470187001001,0
360470187001002,0
360470187001004,0
360470187001005,501
360470187001007,342
360470188001001,251
360470188001005,133
360470188002002,425
360470188001000,276
360470188001002,326
360470188001003,303
360470188001004,0
360470188002000,341
360470188002001,346
360470188002003,333
360470188002004,221
360470190001000,402
360470190001003,0
360470190001001,552
360470190001002,533
360470190001004,205
360470190002000,522
360470190002001,216
360470190002002,410
360470190002003,89
360470190002004,51
360470190002005,261
360470190003000,543
360470190003001,498
360470190003002,301
360470190003003,161
360470190003004,109
360470191001002,0
360470191001005,0
360470191001009,505
360470191001012,561
360470191002002,40
360470191002005,0
360470191003000,0
360470191003003,0
360470191002004,0
360470191001000,52
360470191001001,13
360470191001003,10
360470191001004,0
360470191001006,0
360470191001007,0
360470191001008,70
360470191001010,257
360470191002000,0
360470191002001,0
360470191002003,0
360470191002006,367
360470191002007,340
360470191002008,403
360470191003001,0
360470191003002,0
360470191003004,348
360470191003005,461
360470191001011,0
360470192001000,648
360470192002001,135
360470192002005,354
360470192003001,422
360470192001001,471
360470192002000,494
360470192002002,0
360470192002003,0
360470192002004,154
360470192002006,0
360470192003000,0
360470192003002,355
360470192003003,434
360470192003004,0
360470192004000,0
360470192004001,74
360470193001000,527
360470193001001,784
360470193001002,1256
360470193001003,0
360470193002000,121
360470193002001,929
360470193003000,374
360470193003001,306
360470193003002,0
360470193004000,756
360470193004001,1226
360470194001000,639
360470194001003,101
360470194003001,364
360470194001001,635
360470194001002,143
360470194002000,418
360470194002001,500
360470194003000,20
360470194003002,182
360470194003003,568
360470195001000,322
360470195002001,581
360470195004000,517
360470195003001,199
360470195001001,499
360470195002000,331
360470195003000,1046
360470195004001,189
360470196001002,325
360470196002001,436
360470196003000,630
360470196003003,372
360470196001000,627
360470196001001,603
360470196001003,143
360470196002000,326
360470196002002,294
360470196002003,324
360470196003001,267
360470196003002,344
360470197002001,464
360470197003001,800
360470197001000,253
360470197001001,164
360470197002000,188
360470197002002,272
360470197003000,204
360470197003002,267
360470197003003,8
360470197004000,475
360470197004001,268
360470197004002,177
360470197004003,45
360470198001000,361
360470198001001,211
360470198001002,224
360470198002000,324
360470198002001,276
360470198002002,400
360470198002003,265
360470199003003,456
360470199002001,203
360470199001000,168
360470199001001,451
360470199002000,301
360470199002002,243
360470199002003,0
360470199003000,440
360470199003001,303
360470199003002,326
360470199004000,526
360470199004001,561
360470200001000,396
360470200002000,242
360470200001002,395
360470200001001,525
360470200002001,185
360470200002002,336
360470200002003,363
360470201001000,416
360470201002000,287
360470201003000,436
360470201004001,558
360470201001001,386
360470201001002,0
360470201002001,546
360470201002002,263
360470201003001,551
360470201004000,419
360470202002000,302
360470202002003,243
360470202001000,468
360470202001001,343
360470202001002,290
360470202002001,285
360470202002002,216
360470203001002,172
360470203001005,105
360470203001000,300
360470203001001,71
360470203001003,305
360470203001004,266
360470203002000,240
360470203002001,312
360470203002002,361
360470204001000,363
360470204001001,293
360470204001002,378
360470204002000,322
360470204002001,230
360470204002002,280
360470204002003,174
360470205003001,566
360470205001000,276
360470205001001,427
360470205001002,198
360470205002000,151
360470205002001,490
360470205002002,731
360470205003000,64
360470205003002,502
360470206001001,635
360470206002001,263
360470206001000,399
360470206001002,140
360470206001003,143
360470206002000,293
360470206002002,344
360470206002003,288
360470207001000,656
360470207002001,661
360470207003001,664
360470207003000,607
360470207001001,1342
360470207002000,941
360470207002002,0
360470208002000,397
360470208003000,344
360470208003003,194
360470208001000,344
360470208001001,196
360470208001002,468
360470208002001,490
360470208002002,504
360470208003001,123
360470208003002,488
360470208003004,234
360470210001001,614
360470210002002,386
360470210003002,376
360470210001000,541
360470210001002,433
360470210002000,533
360470210002001,605
360470210003000,505
360470210003001,495
360470211001000,525
360470211001001,21
360470211002000,120
360470211002001,802
360470211002002,145
360470211002003,181
360470211002004,108
360470211002005,204
360470211002006,0
360470211003000,0
360470211003001,20
360470211003002,97
360470211003003,24
360470211003004,28
360470211003005,195
360470211003006,35
360470212001000,191
360470212001003,460
360470212002002,553
360470212003002,781
360470212001001,237
360470212001002,702
360470212001004,536
360470212002000,497
360470212002001,523
360470212003000,75
360470212003001,573
360470212003003,150
360470213001001,0
360470213001004,254
360470213002000,257
360470213002003,695
360470213003002,254
360470213001003,0
360470213001000,0
360470213001002,0
360470213001005,333
360470213001006,277
360470213001007,0
360470213002001,25
360470213002002,956
360470213003000,0
360470213003001,410
360470213003003,419
360470213003004,0
360470214001000,28
360470214002002,177
360470214003001,306
360470214001001,0
360470214002000,608
360470214002001,506
360470214002003,0
360470214003000,0
360470214003002,470
360470214003003,0
360470214003004,79
360470214003005,0
360470214003006,328
360470215004000,2256
360470215004001,0
360470215001000,281
360470215001001,589
360470215002000,605
360470215002001,358
360470215002002,0
360470215003000,1480
360470216001000,615
360470216002000,368
360470216003000,558
360470216001001,457
360470216001002,317
360470216002001,439
360470216002002,334
360470216003001,355
360470216003002,837
360470217001001,763
360470217002000,354
360470217002003,0
360470217001000,292
360470217001002,382
360470217001003,289
360470217002001,1218
360470217002002,778
360470217002004,0
360470217002005,275
360470218001000,240
360470218001004,125
360470218002002,406
360470218003002,446
360470218001001,376
360470218001002,675
360470218001003,70
360470218002000,454
360470218002001,511
360470218003000,408
360470218003001,480
360470219002000,253
360470219001000,347
360470219001001,749
360470219002001,580
360470219002002,90
360470219002003,524
360470219003000,243
360470219003001,186
360470219003002,102
360470219003003,96
360470219003004,620
360470219003005,435
360470219003006,0
360470219003007,0
360470220002001,406
360470220002004,582
360470220004000,176
360470220004003,273
360470220001000,804
360470220001001,984
360470220002000,0
360470220002002,256
360470220002003,0
360470220003000,523
360470220003001,620
360470220003002,110
360470220004001,350
360470220004002,469
360470220004004,107
360470220004005,0
360470221001000,0
360470221001003,761
360470221002001,648
360470221003001,212
360470221001002,212
360470221001001,79
360470221001004,525
360470221001005,0
360470221002000,113
360470221002002,654
360470221003000,109
360470221003002,584
360470222001001,726
360470222002001,290
360470222003001,21
360470222003004,739
360470222001000,605
360470222001002,712
360470222002000,167
360470222002002,144
360470222002003,692
360470222003000,757
360470222003002,68
360470222003003,18
360470222003005,418
360470222003006,141
360470222003007,135
360470224001000,539
360470224001001,476
360470224001002,232
360470224002000,813
360470224002001,758
360470224003000,915
360470224003001,571
360470224004000,481
360470224004001,491
360470224004002,527
360470224004003,314
360470226001002,313
360470226001005,25
360470226002002,539
360470226001000,435
360470226001001,71
360470226001003,204
360470226001004,269
360470226001006,56
360470226002000,225
360470226002001,527
360470227001002,400
360470227002001,439
360470227003000,174
360470227004001,246
360470227004004,488
360470227002003,61
360470227001000,328
360470227001001,0
360470227001003,192
360470227002000,349
360470227002002,245
360470227003001,321
360470227003002,431
360470227004000,307
360470227004002,51
360470227004003,483
360470228001002,0
360470228002001,374
360470228003001,138
360470228001000,753
360470228001001,0
360470228001003,650
360470228002000,193
360470228002002,491
360470228002003,457
360470228003000,150
360470228003002,263
360470228003003,169
360470229001000,338
360470229001001,462
360470229002000,384
360470229002001,295
360470229002002,160
360470229002003,101
360470229003000,520
360470229003001,320
360470229004000,558
360470229004001,501
360470229004002,284
360470230001000,670
360470230001001,605
360470230001002,183
360470230001003,274
360470230002000,425
360470230002001,210
360470230002002,423
360470230003000,515
360470230003001,523
360470230003002,614
360470231001000,745
360470231002002,163
360470231003001,598
360470231001001,489
360470231002000,526
360470231002001,694
360470231002003,440
360470231003000,177
360470232001002,535
360470232002002,604
360470232004001,287
360470232005001,799
360470232004002,419
360470232001000,499
360470232001001,391
360470232002000,502
360470232002001,538
360470232003000,521
360470232003001,660
360470232004000,248
360470232005000,379
360470233001002,443
360470233003000,371
360470233003004,80
360470233003007,453
360470233001000,428
360470233001001,462
360470233002000,1472
360470233002001,1116
360470233003001,524
360470233003002,152
360470233003003,86
360470233003005,94
360470233003006,280
360470234001000,851
360470234001001,428
360470234001002,580
360470234002000,851
360470234002001,648
360470234002002,478
360470234003000,842
360470234003001,613
360470234003002,632
360470235002003,287
360470235001000,797
360470235001001,1053
360470235001002,289
360470235001003,952
360470235002000,842
360470235002001,1165
360470235002002,536
360470236001002,607
360470236003001,991
360470236001000,479
360470236001001,566
360470236002000,1059
360470236002001,916
360470236003000,527
360470236004000,422
360470236004001,981
360470238001000,708
360470238002000,980
360470238003000,470
360470238002002,741
360470238001001,354
360470238001002,550
360470238002001,468
360470238003001,547
360470238003002,596
360470240001001,696
360470240002002,172
360470240002005,474
360470240003001,577
360470240001000,705
360470240002000,0
360470240002001,92
360470240002003,234
360470240002004,237
360470240002006,498
360470240003000,575
360470240003002,905
360470241001002,114
360470241001005,575
360470241001000,126
360470241001001,33
360470241001003,275
360470241001004,765
360470241001006,60
360470241002000,476
360470241002001,170
360470241002002,581
360470242001000,413
360470242001001,383
360470242001002,189
360470242001003,35
360470242001004,15
360470242001005,438
360470242002000,126
360470242002001,32
360470242002002,381
360470242002003,412
360470242002004,504
360470242002005,361
360470243001000,423
360470243002000,775
360470243001001,398
360470243001002,733
360470243002001,629
360470243003000,497
360470243003001,892
360470244001000,483
360470244002001,539
360470244003001,481
360470244001001,465
360470244002000,462
360470244002002,341
360470244003000,390
360470244003002,490
360470245001001,467
360470245004000,354
360470245001000,508
360470245002000,835
360470245002001,803
360470245003000,789
360470245004001,356
360470245004002,145
360470246001000,368
360470246002000,467
360470246003000,415
360470246001001,434
360470246001002,307
360470246002001,446
360470246002002,277
360470246003001,399
360470246003002,323
360470247001001,438
360470247002000,490
360470247001000,37
360470247001002,572
360470247001003,549
360470247002001,37
360470247002002,87
360470247002003,51
360470247002004,271
360470247002005,288
360470248002004,514
360470248001000,304
360470248001001,285
360470248001002,139
360470248001003,363
360470248001004,68
360470248001005,157
360470248002000,20
360470248002001,145
360470248002002,0
360470248002003,238
360470248002005,414
360470249001001,478
360470249003001,497
360470249001000,639
360470249002000,737
360470249002001,646
360470249003000,760
360470249004000,282
360470249004001,225
360470250001000,0
360470250001003,31
360470250001006,206
360470250002002,240
360470250002005,239
360470250001005,52
360470250001001,98
360470250001002,45
360470250001004,74
360470250001007,355
360470250002000,66
360470250002001,0
360470250002003,252
360470250002004,90
360470251002000,559
360470251003001,460
360470251001000,486
360470251001001,763
360470251002001,954
360470251003000,987
360470252002001,1002
360470252003002,191
360470252001000,449
360470252001001,324
360470252002000,574
360470252003000,512
360470252003001,203
360470252003003,183
360470252003004,193
360470252004000,1187
360470252004001,482
360470253001000,864
360470253001001,698
360470253002000,591
360470253002001,708
360470253003000,348
360470253003001,154
360470253003002,0
360470253003003,154
360470254002001,223
360470254003000,339
360470254001000,437
360470254001001,360
360470254001002,306
360470254002000,506
360470254002002,71
360470254002003,385
360470254003001,182
360470254003002,195
360470254003003,646
360470255001000,2742
360470255002000,2057
360470256001001,308
360470256001004,220
360470256002001,367
360470256001005,88
360470256001000,251
360470256001002,348
360470256001003,262
360470256002000,428
360470256002002,672
360470256002003,422
360470257001001,146
360470257002000,221
360470257003001,16
360470257001000,542
360470257001002,257
360470257001003,704
360470257002001,283
360470257003000,364
360470257003002,34
360470257003003,255
360470258001000,568
360470258002001,610
360470258003001,528
360470258001001,399
360470258001002,586
360470258002000,714
360470258002002,471
360470258003000,736
360470258003002,461
360470259011000,589
360470259011001,769
360470259011002,258
360470259011003,712
360470259021000,3560
360470260001000,376
360470260001001,408
360470260001002,481
360470260002000,472
360470260002001,460
360470260003000,326
360470260003001,399
360470260003002,326
360470260003003,408
360470261002001,310
360470261004000,310
360470261005000,580
360470261001000,792
360470261001001,565
360470261002000,318
360470261002002,551
360470261003000,634
360470261003001,761
360470261004001,485
360470261004002,491
360470261005001,682
360470262001001,339
360470262001004,323
360470262002003,101
360470262002006,310
360470262001003,234
360470262001000,287
360470262001002,273
360470262002000,85
360470262002001,90
360470262002002,0
360470262002004,0
360470262002005,346
360470262002007,338
360470263001001,0
360470263001004,788
360470263001000,457
360470263001002,462
360470263001003,381
360470264002001,452
360470264003002,669
360470264001000,489
360470264001001,362
360470264002000,674
360470264003000,435
360470264003001,280
360470264003003,285
360470264003004,49
360470264003005,26
360470264004000,365
360470264004001,547
360470264004002,470
360470265002000,634
360470265004000,636
360470265001000,723
360470265001001,563
360470265002001,616
360470265003000,549
360470265003001,531
360470265004001,133
360470266001001,411
360470266002001,461
360470266003001,351
360470266001000,383
360470266001002,512
360470266002000,490
360470266002002,600
360470266003000,361
360470266003002,392
360470267002000,570
360470267003001,521
360470267004001,583
360470267001000,511
360470267001001,521
360470267002001,451
360470267003000,356
360470267003002,210
360470267004000,505
360470268002000,275
360470268003000,481
360470268001000,465
360470268001001,789
360470268002001,251
360470268002002,165
360470268002003,279
360470268003001,397
360470268003002,339
360470268003003,281
360470268004000,506
360470268004001,458
360470269001000,454
360470269001001,472
360470269002000,536
360470269002001,373
360470269003000,0
360470269003001,697
360470269003002,473
360470270001002,623
360470270002002,280
360470270001000,299
360470270001001,495
360470270002000,353
360470270002001,390
360470270002003,279
360470271001002,0
360470271001005,56
360470271002001,525
360470271002003,209
360470271001000,151
360470271001001,928
360470271001003,341
360470271001004,451
360470271001006,293
360470271002000,6
360470271002002,533
360470272001000,485
360470272003000,295
360470272001001,631
360470272002000,798
360470272002001,579
360470272003001,363
360470272003002,482
360470273001000,447
360470273002001,64
360470273003001,310
360470273003005,0
360470273001001,289
360470273002000,92
360470273002002,518
360470273003000,361
360470273003002,349
360470273003003,81
360470273003004,620
360470274001002,381
360470274001000,192
360470274001001,414
360470274001003,276
360470274002000,380
360470274002001,187
360470274002002,165
360470274002003,518
360470274002004,306
360470274002005,453
360470275004001,486
360470275003001,522
360470275004000,609
360470275001000,147
360470275001001,628
360470275002000,367
360470275002001,235
360470275002002,360
360470275002003,258
360470275003000,459
360470276002000,707
360470276003002,149
360470276001000,692
360470276001001,700
360470276002001,490
360470276003000,560
360470276003001,524
360470276003003,64
360470277001001,678
360470277003000,0
360470277004001,679
360470277004000,674
360470277001000,765
360470277002000,501
360470277002001,484
360470277003001,570
360470278001003,412
360470278002002,328
360470278001000,538
360470278001001,653
360470278001002,194
360470278002000,38
360470278002001,320
360470278002003,648
360470278002004,411
360470279001000,472
360470279002001,424
360470279004001,427
360470279001001,563
360470279002000,488
360470279003000,468
360470279003001,441
360470279004000,391
360470280001001,421
360470280000001,0
360470280001000,327
360470280001002,0
360470280001003,0
360470280001004,0
360470280002000,50
360470280002001,79
360470280002002,325
360470280002003,351
360470280002004,207
360470280002005,102
360470281003003,537
360470281001000,551
360470281001001,777
360470281001002,375
360470281002000,702
360470281002001,522
360470281003000,204
360470281003001,538
360470281003002,316
360470281003004,278
360470282001000,408
360470282001003,0
360470282002001,0
360470282003000,171
360470282000001,0
360470282001001,286
360470282001002,846
360470282001004,0
360470282001005,0
360470282002000,196
360470282002002,422
360470282002003,485
360470282003001,468
360470283001001,420
360470283003000,572
360470283001000,841
360470283002000,779
360470283002001,527
360470283003001,794
360470284001000,508
360470284001001,763
360470284002000,553
360470284002001,614
360470284002002,301
360470284003000,613
360470284003001,597
360470284003002,447
360470285011000,138
360470285011001,445
360470285011002,53
360470285021000,1388
360470285021001,1270
360470286001002,0
360470286004000,269
360470286005000,417
360470286000001,0
360470286000002,0
360470286001000,1315
360470286001001,26
360470286001003,0
360470286002000,1334
360470286003000,1184
360470286004001,287
360470286004002,411
360470286005001,375
360470286005002,476
360470287001000,86
360470287001003,0
360470287002000,304
360470287003000,410
360470287001001,217
360470287001002,87
360470287001004,192
360470287001005,424
360470287001006,202
360470287002001,82
360470287002002,150
360470287003001,274
360470287003002,675
360470288001000,318
360470288002000,968
360470288003002,511
360470288001001,381
360470288001002,397
360470288002001,348
360470288003000,500
360470288003001,477
360470289001002,314
360470289001000,209
360470289001001,324
360470289001003,0
360470289002000,679
360470289002001,414
360470289003000,501
360470289003001,226
360470289004000,658
360470289004001,608
360470290001000,605
360470290001001,560
360470290002000,577
360470290002001,783
360470290003000,313
360470290003001,426
360470290003002,539
360470290003003,574
360470291001001,426
360470291002001,397
360470291001000,250
360470291001002,425
360470291002000,649
360470291003000,357
360470291003001,538
360470292001000,358
360470292002000,394
360470292002003,127
360470292003002,0
360470292003001,0
360470292000001,0
360470292001001,436
360470292001002,696
360470292002001,344
360470292002002,426
360470292003000,0
360470292003003,0
360470293002000,198
360470293003001,467
360470293001000,552
360470293001001,144
360470293002001,673
360470293003000,471
360470293004000,455
360470293004001,442
360470294000001,0
360470294001002,380
360470294001006,0
360470294001009,0
360470294001000,418
360470294001001,495
360470294001003,985
360470294001004,0
360470294001005,0
360470294001007,0
360470294001008,20
360470294001010,0
360470295001000,502
360470295001001,288
360470295001002,184
360470295002000,514
360470295002001,490
360470295003000,601
360470295003001,343
360470295004000,489
360470295004001,288
360470295004002,152
360470296003000,511
360470296004001,470
360470296002002,610
360470296001000,281
360470296001001,427
360470296001002,743
360470296002000,697
360470296002001,361
360470296003001,541
360470296003002,523
360470296004000,829
360470297003002,396
360470297001002,472
360470297002002,0
360470297001000,146
360470297003000,348
360470297003001,340
360470297001001,449
360470297002000,400
360470297002001,410
360470297002003,960
360470298001003,442
360470298001006,56
360470298002002,186
360470298003000,357
360470298001005,167
360470298001000,39
360470298001001,72
360470298001002,419
360470298001004,466
360470298002000,349
360470298002001,436
360470298002003,133
360470298002004,68
360470298003001,431
360470298003002,334
360470299001001,139
360470299001004,250
360470299001000,354
360470299001002,274
360470299001003,209
360470299002000,419
360470299002001,240
360470299002002,154
360470299002003,169
360470299002004,288
360470300001000,572
360470300001001,471
360470300002000,421
360470300002001,463
360470300003000,456
360470300003001,398
360470300004000,408
360470300004001,293
360470300005000,407
360470300005001,335
360470300006000,0
360470301001000,465
360470301001003,212
360470301002003,267
360470301003002,207
360470301003005,49
360470301003007,64
360470301001001,247
360470301001002,268
360470301002000,190
360470301002001,76
360470301002002,159
360470301003000,253
360470301003001,44
360470301003003,173
360470301003004,194
360470301003006,102
360470302001000,305
360470302002000,506
360470302003000,525
360470302001001,472
360470302001002,218
360470302001003,478
360470302002001,613
360470302002002,428
360470302003001,390
360470302003002,456
360470303001000,864
360470303001003,461
360470303002003,22
360470303003001,209
360470303001001,133
360470303001002,548
360470303002000,0
360470303002001,335
360470303002002,373
360470303002004,242
360470303003000,0
360470303003002,567
360470303003003,556
360470303003004,642
360470304002000,569
360470304002003,42
360470304003002,376
360470304003005,0
360470304003008,155
360470304000001,0
360470304000002,0
360470304001000,211
360470304001001,310
360470304001002,404
360470304001003,98
360470304001004,214
360470304001005,159
360470304001006,0
360470304001007,0
360470304001008,0
360470304001009,0
360470304001010,150
360470304002001,433
360470304002002,388
360470304002004,332
360470304003000,14
360470304003001,0
360470304003003,52
360470304003004,0
360470304003006,618
360470304003007,161
360470305001002,146
360470305001006,63
360470305002000,197
360470305003000,339
360470305004000,256
360470305001001,46
360470305001000,79
360470305001003,38
360470305001004,162
360470305001005,335
360470305001007,113
360470305001008,231
360470305002001,974
360470305002002,740
360470305003001,986
360470305003002,1055
360470305004001,552
360470305004002,937
360470306001001,284
360470306001004,199
360470306001000,0
360470306001002,256
360470306001003,193
360470306001005,74
360470306001006,308
360470306001007,233
360470306001008,239
360470306001009,247
360470306001010,182
360470307003009,589
360470307003012,551
360470307001000,304
360470307001001,1338
360470307002000,1169
360470307003000,0
360470307003001,0
360470307003002,0
360470307003003,0
360470307003004,0
360470307003005,523
360470307003006,15
360470307003007,126
360470307003008,61
360470307003010,156
360470307003011,269
360470307003013,524
360470308001004,22
360470308001007,32
360470308001010,312
360470308001001,155
360470308001000,36
360470308001002,11
360470308001003,37
360470308001005,199
360470308001006,938
360470308001008,42
360470308001009,218
360470308001011,312
360470308001012,0
360470309001000,0
360470309001004,41
360470309001007,800
360470309002002,652
360470309001001,0
360470309001002,0
360470309001003,24
360470309001005,0
360470309001006,229
360470309002000,337
360470309002001,126
360470311001000,0
360470311001001,0
360470311001002,285
360470311001003,468
360470311001004,168
360470311002000,219
360470311002001,116
360470311002002,853
360470311003000,0
360470311003001,0
360470311003002,351
360470311003003,731
360470313002000,199
360470313003000,251
360470313004001,0
360470313001000,0
360470313001001,0
360470313001002,432
360470313001003,700
360470313002001,431
360470313002002,473
360470313003001,269
360470313003002,1366
360470313004000,0
360470313004002,391
360470313004003,597
360470314010001,0
360470314011002,153
360470314011005,394
360470314013000,0
360470314013003,13
360470314013006,0
360470314013010,0
360470314015000,453
360470314016001,351
360470314011000,161
360470314011001,196
360470314011003,85
360470314011004,175
360470314012000,723
360470314012001,298
360470314012002,0
360470314013001,0
360470314013002,0
360470314013004,0
360470314013005,0
360470314013007,118
360470314013008,281
360470314013009,727
360470314013011,0
360470314014000,0
360470314015001,490
360470314016000,524
360470314020001,0
360470314021000,0
360470315001000,0
360470315001001,0
360470315001002,544
360470315001003,903
360470315002000,526
360470315002001,909
360470315003000,701
360470315003001,645
360470315004000,0
360470315004001,0
360470315004002,443
360470315004003,942
360470317012000,654
360470317013001,561
360470317012001,560
360470317011000,861
360470317011001,729
360470317013000,634
360470317022000,472
360470317023000,666
360470317021000,737
360470317021001,447
360470317022001,574
360470317022002,0
360470317022003,0
360470317023001,818
360470319001001,538
360470319002001,540
360470319003002,595
360470319001000,0
360470319001002,650
360470319002000,711
360470319003000,330
360470319003001,66
360470319003003,22
360470321001002,708
360470321003000,761
360470321004001,530
360470321001000,17
360470321001001,585
360470321002000,848
360470321002001,521
360470321003001,586
360470321004000,932
360470323001002,139
360470323001000,0
360470323001001,480
360470323001003,742
360470323002000,526
360470323002001,553
360470323003000,507
360470323003001,167
360470323003002,230
360470323003003,165
360470325001000,23
360470325001001,675
360470325001002,544
360470325002000,1066
360470325002001,388
360470325003000,0
360470325003001,3522
360470325003002,0
360470326001002,156
360470326002001,596
360470326003001,443
360470326004001,415
360470326005002,276
360470326005003,334
360470326001000,432
360470326001001,296
360470326001003,155
360470326002000,63
360470326002002,735
360470326002003,669
360470326003000,662
360470326003002,605
360470326004000,632
360470326005000,494
360470326005001,112
360470327002000,88
360470327002003,0
360470327003001,537
360470327003002,495
360470327003000,28
360470327003003,23
360470327001000,424
360470327001001,460
360470327002001,30
360470327002002,292
360470327002004,697
360470328001001,187
360470328002001,195
360470328003001,161
360470328001000,229
360470328001002,503
360470328002000,253
360470328002002,223
360470328003000,590
360470328004000,339
360470328004001,410
360470329001000,825
360470329002001,863
360470329004000,805
360470329001001,393
360470329001002,292
360470329002000,678
360470329003000,295
360470329003001,1136
360470329004001,420
360470330001000,2235
360470330002002,238
360470330000001,0
360470330002000,0
360470330002001,330
360470330003000,32
360470330003001,0
360470330003002,1264
360470330003003,324
360470331001000,1014
360470331001001,261
360470331001002,236
360470331002000,707
360470331002001,373
360470331002002,790
360470331003000,487
360470331003001,349
360470333003000,244
360470333003003,330
360470333001000,751
360470333001001,459
360470333002000,919
360470333002001,657
360470333002002,286
360470333003001,381
360470333003002,229
360470333003004,247
360470335002000,433
360470335003001,322
360470335001000,590
360470335001001,659
360470335002001,599
360470335003000,149
360470335003002,219
360470335003003,260
360470336000001,0
360470336001001,139
360470336001005,100
360470336002002,169
360470336002005,172
360470336002008,88
360470336003001,86
360470336003004,92
360470336001000,154
360470336000002,0
360470336001002,116
360470336001003,224
360470336001004,155
360470336002000,46
360470336002001,140
360470336002003,140
360470336002004,59
360470336002006,0
360470336002007,138
360470336002009,17
360470336002010,60
360470336003000,33
360470336003002,84
360470336003003,115
360470336003005,182
360470336003006,171
360470336003007,53
360470336003008,0
360470336004000,335
360470336004001,230
360470336005000,147
360470336005001,76
360470336005002,70
360470336005003,78
360470336005004,101
360470336005005,175
360470336005006,166
360470336005007,173
360470336005008,125
360470336005009,185
360470336005010,171
360470337011001,530
360470337011004,0
360470337012001,472
360470337011002,0
360470337011000,873
360470337011003,27
360470337011005,0
360470337012000,608
360470337012002,0
360470337012003,0
360470337021000,0
360470337022000,8
360470337022003,708
360470337021001,0
360470337021002,478
360470337021003,279
360470337022001,0
360470337022002,643
360470339002000,405
360470339003001,453
360470339001000,865
360470339001001,603
360470339002001,230
360470339002002,563
360470339003000,671
360470339004000,415
360470339004001,471
360470340001000,1213
360470340001003,17
360470340002001,173
360470340001001,15
360470340001002,128
360470340001004,14
360470340002000,0
360470340002002,398
360470341001000,0
360470341001001,878
360470341002000,689
360470341003000,876
360470341003001,242
360470342001000,1664
360470342001001,843
360470342002000,444
360470342002001,880
360470342003000,1490
360470342003001,578
360470342004000,727
360470342004001,434
360470343001000,186
360470343001001,208
360470343001002,152
360470343001003,132
360470343002000,713
360470343002001,516
360470343003000,1691
360470343004000,1426
360470345001000,736
360470345001001,542
360470345002000,532
360470345002001,0
360470345002002,363
360470345002003,565
360470347001000,135
360470347002000,842
360470347001001,726
360470347001002,142
360470347002001,220
360470347003000,846
360470347003001,734
360470348001000,0
360470348001003,0
360470348001006,25
360470348001009,0
360470348001013,0
360470348001016,63
360470348001019,0
360470348001022,0
360470348001026,0
360470348002000,529
360470348001008,0
360470348001001,0
360470348001002,0
360470348001004,0
360470348001005,0
360470348001007,0
360470348001010,403
360470348001011,0
360470348001012,0
360470348001014,0
360470348001015,325
360470348001017,0
360470348001018,0
360470348001020,0
360470348001021,0
360470348001023,51
360470348001024,113
360470348001025,0
360470348001027,485
360470348001028,142
360470348002001,478
360470348002002,87
360470348002003,127
360470349011000,1046
360470349012000,463
360470349012001,558
360470349012002,0
360470349021000,0
360470349021001,524
360470349021002,965
360470349022000,727
360470349023000,337
360470349023001,794
360470350002002,0
360470350001000,0
360470350001001,1865
360470350002000,1217
360470350002001,0
360470350002003,0
360470351011001,489
360470351011000,848
360470351011002,906
360470351011003,0
360470351021001,462
360470351022001,491
360470351021000,10
360470351021002,956
360470351022000,707
360470352001001,0
360470352001004,0
360470352001008,0
360470352000001,0
360470352001000,14
360470352001002,0
360470352001003,0
360470352001005,0
360470352001006,1124
360470352001007,225
360470352001009,0
360470352001010,4
360470353011000,1095
360470353012001,0
360470353011001,858
360470353012000,613
360470353022001,842
360470353021000,666
360470353021001,519
360470353022000,0
360470353022002,784
360470354001001,13
360470354001004,0
360470354001000,0
360470354001002,0
360470354001003,0
360470354001005,0
360470354001006,0
360470354001007,0
360470354001008,1875
360470354001009,0
360470354001010,0
360470354002000,2097
360470354002001,0
360470354002002,23
360470354003000,1485
360470355002002,0
360470355001000,41
360470355001001,708
360470355001002,1127
360470355002000,507
360470355002001,952
360470355003000,786
360470355003001,649
360470355003002,422
360470356011000,0
360470356011001,1299
360470356011002,1603
360470356021000,918
360470356021003,112
360470356023000,0
360470356023003,0
360470356021001,0
360470356021002,0
360470356022000,2164
360470356022001,0
360470356022002,258
360470356023001,1685
360470356023002,0
360470356023004,337
360470357011001,717
360470357011000,865
360470357011002,740
360470357011003,0
360470357021000,0
360470357021001,0
360470357021002,15
360470359004000,0
360470359004003,112
360470359001001,757
360470359003000,878
360470359001000,763
360470359002000,585
360470359002001,734
360470359003001,179
360470359003002,761
360470359003003,0
360470359004001,707
360470359004002,141
360470360011002,235
360470360012002,270
360470360011000,675
360470360011001,184
360470360012000,336
360470360012001,374
360470360013000,695
360470360013001,592
360470360013002,26
360470360021000,905
360470360021001,949
360470360021002,195
360470360022000,774
360470360022001,738
360470360022002,642
360470361002007,151
360470361003002,0
360470361001000,235
360470361001001,382
360470361001002,171
360470361002000,215
360470361002001,0
360470361002002,133
360470361002003,157
360470361002004,87
360470361002005,204
360470361002006,100
360470361003000,694
360470361003001,435
360470362001003,477
360470362002002,320
360470362003002,411
360470362003005,96
360470362003009,62
360470362002001,465
360470362001000,633
360470362001001,240
360470362001002,482
360470362002000,505
360470362003000,67
360470362003001,99
360470362003003,15
360470362003004,54
360470362003006,109
360470362003007,64
360470362003008,41
360470363001002,26
360470363001005,200
360470363002001,465
360470363003001,592
360470363001000,132
360470363001001,45
360470363001003,233
360470363001004,0
360470363001006,39
360470363002000,336
360470363002002,595
360470363002003,405
360470363003000,539
360470363003002,194
360470363003003,273
360470363003004,0
360470363004000,465
360470363004001,846
360470364002004,142
360470364002003,0
360470364001000,345
360470364001001,252
360470364001002,93
360470364001003,129
360470364001004,115
360470364001005,32
360470364001006,581
360470364001007,217
360470364002000,99
360470364002001,137
360470364002002,624
360470364002005,93
360470364002006,147
360470365011001,41
360470365012001,305
360470365011000,1652
360470365011002,414
360470365012000,464
360470365012002,83
360470365021001,0
360470365021005,322
360470365021008,147
360470365021011,53
360470365021000,0
360470365021002,0
360470365021003,382
360470365021004,256
360470365021006,86
360470365021007,177
360470365021009,191
360470365021010,139
360470365021012,149
360470365021013,0
360470366001001,0
360470366001004,0
360470366001007,0
360470366001010,270
360470366001000,0
360470366001002,0
360470366001003,0
360470366001005,0
360470366001006,391
360470366001008,234
360470366001009,572
360470366001011,0
360470366002000,599
360470366002001,1134
360470366002002,0
360470366003000,408
360470366003001,422
360470366003002,266
360470366003003,385
360470367002005,422
360470367003002,0
360470367003005,241
360470367004001,0
360470367003000,0
360470367001000,24
360470367001001,0
360470367001002,0
360470367001003,122
360470367001004,0
360470367001005,0
360470367002000,0
360470367002001,129
360470367002002,0
360470367002003,122
360470367002004,242
360470367003001,121
360470367003003,85
360470367003004,0
360470367003006,250
360470367004000,38
360470369003001,536
360470369004000,0
360470369004003,455
360470369001003,103
360470369002002,296
360470369003002,542
360470369003003,0
360470369004001,472
360470369001000,512
360470369001001,348
360470369001002,701
360470369002000,554
360470369002001,252
360470369002003,277
360470369003000,498
360470369004002,590
360470370001003,0
360470370001006,220
360470370001000,195
360470370001001,295
360470370001002,100
360470370001004,200
360470370001005,143
360470370001007,102
360470370002000,201
360470370002001,452
360470370002002,250
360470370002003,129
360470370003000,329
360470370003001,132
360470370003002,0
360470370003003,0
360470370003004,354
360470370003005,281
360470370003006,202
360470370003007,338
360470370004000,0
360470370004001,361
360470370004002,228
360470370004003,238
360470371001001,512
360470371003000,442
360470371004001,479
360470371004000,573
360470371001000,254
360470371002000,487
360470371002001,441
360470371003001,527
360470371005000,409
360470371005001,359
360470371005002,20
360470373001000,0
360470373001003,61
360470373001006,132
360470373003000,417
360470373001001,384
360470373001002,346
360470373001004,221
360470373001005,93
360470373002000,525
360470373002001,492
360470373003001,545
360470373004000,681
360470373004001,488
360470374011000,488
360470374012001,307
360470374012004,0
360470374013002,137
360470374011001,216
360470374012000,0
360470374012002,420
360470374012003,259
360470374012005,121
360470374013000,0
360470374013001,158
360470374013003,99
360470374013004,44
360470374013005,247
360470374014000,295
360470374014001,429
360470374015000,0
360470374015001,231
360470374015002,371
360470374015003,313
360470374015004,0
360470374015005,0
360470374015006,282
360470374015007,279
360470374021004,0
360470374021007,302
360470374022003,248
360470374024001,106
360470374021000,466
360470374021001,341
360470374021002,91
360470374021003,53
360470374021005,240
360470374021006,166
360470374022000,561
360470374022001,626
360470374022002,242
360470374023000,1015
360470374024000,372
360470374024002,538
360470375001001,226
360470375002001,67
360470375002004,0
360470375003000,367
360470375001000,200
360470375001002,422
360470375001003,108
360470375002000,57
360470375002003,509
360470375002005,353
360470375002006,578
360470375003001,564
360470375002002,358
360470377001001,165
360470377003000,468
360470377004001,353
360470377001000,707
360470377002000,0
360470377002001,520
360470377002002,447
360470377003001,533
360470377004000,425
360470377004002,352
360470379001001,470
360470379001000,559
360470379002000,510
360470379002001,422
360470379002002,91
360470379002003,413
360470379003000,499
360470379003001,364
360470379003002,124
360470379003003,367
360470379003004,32
360470381004001,548
360470381001000,576
360470381001001,619
360470381002000,2307
360470381003000,575
360470381003001,0
360470381003002,262
360470381004000,426
360470382001002,221
360470382003000,2298
360470382001000,540
360470382001001,561
360470382002000,2262
360470383001000,507
360470383001004,44
360470383003000,453
360470383004001,460
360470383001001,249
360470383001002,320
360470383001003,156
360470383002000,636
360470383002001,553
360470383003001,509
360470383004000,451
360470385002001,577
360470385004000,474
360470385003001,590
360470385001001,537
360470385002000,0
360470385003000,717
360470385004001,445
360470385001000,629
360470386001002,231
360470386001005,137
360470386001008,155
360470386002001,104
360470386002005,121
360470386002008,85
360470386001000,203
360470386001001,155
360470386001003,286
360470386001004,379
360470386001006,256
360470386001007,185
360470386001009,168
360470386002000,91
360470386002002,376
360470386002003,114
360470386002004,81
360470386002006,28
360470386002007,204
360470386002009,453
360470386002010,0
360470387001000,32
360470387001001,303
360470387001002,579
360470387001003,604
360470387002000,543
360470387002001,478
360470387003000,664
360470387003001,576
360470387004000,620
360470387004001,509
360470388002001,0
360470388002004,625
360470388004000,399
360470388001000,322
360470388001001,138
360470388001002,658
360470388002000,41
360470388002002,373
360470388002003,174
360470388003000,331
360470388003001,319
360470388003002,314
360470388004001,353
360470389001001,463
360470389001004,397
360470389002001,229
360470389003002,388
360470389002000,236
360470389001000,203
360470389001002,311
360470389001003,0
360470389001005,252
360470389002002,408
360470389003000,339
360470389003001,315
360470389003003,29
360470390001001,155
360470390001004,238
360470390001007,280
360470390002001,178
360470390002004,106
360470390001000,184
360470390001002,0
360470390001003,0
360470390001005,80
360470390001006,117
360470390001008,169
360470390001009,76
360470390002000,0
360470390002002,91
360470390002003,140
360470390002005,0
360470390002006,0
360470390002007,173
360470390002008,211
360470390002009,123
360470391001000,998
360470391001001,402
360470391001002,992
360470391001003,934
360470391001004,348
360470391002000,199
360470391002001,50
360470391002002,669
360470391002003,293
360470391002004,643
360470391002005,248
360470392001000,131
360470392001003,300
360470392002002,439
360470392002005,284
360470392001001,344
360470392001002,432
360470392001004,0
360470392002000,504
360470392002001,208
360470392002003,0
360470392002004,0
360470392002006,266
360470393001001,214
360470393001004,553
360470393002002,455
360470393003000,369
360470393003003,440
360470393001003,315
360470393001000,240
360470393001002,0
360470393001005,0
360470393002000,291
360470393002001,144
360470393002003,275
360470393002004,251
360470393003001,320
360470393003002,274
360470394002000,325
360470394003001,195
360470394003004,248
360470394001000,311
360470394001001,384
360470394002001,288
360470394002002,0
360470394003000,0
360470394003002,143
360470394003003,293
360470394003005,0
360470395001000,310
360470395001001,247
360470395001002,337
360470395001003,269
360470395002000,365
360470395002001,468
360470395002002,495
360470395002003,357
360470395003000,392
360470395003001,358
360470395003002,115
360470395003003,317
360470396002000,184
360470396002004,94
360470396001000,146
360470396001001,188
360470396001002,249
360470396001003,161
360470396002001,207
360470396002002,329
360470396002003,390
360470397001001,324
360470397002001,531
360470397003001,641
360470397003000,264
360470397001000,488
360470397001002,415
360470397002000,397
360470397002002,255
360470397003002,230
360470397003003,323
360470398001001,59
360470398001004,150
360470398001007,77
360470398001010,303
360470398002002,257
360470398002005,103
360470398001000,234
360470398001002,0
360470398001003,34
360470398001005,270
360470398001006,197
360470398001008,126
360470398001009,170
360470398001011,85
360470398002000,292
360470398002001,126
360470398002003,176
360470398002004,182
360470399001000,459
360470399001001,492
360470399001002,518
360470399002000,606
360470399002001,57
360470399002002,345
360470399002003,821
360470399003000,379
360470399003001,345
360470399003002,356
360470400002000,415
360470400003001,152
360470400001000,110
360470400001001,188
360470400001002,291
360470400001003,301
360470400001004,190
360470400001005,154
360470400002001,324
360470400003000,494
360470400003002,194
360470400003003,468
360470401001001,118
360470401002001,388
360470401003001,261
360470401003004,246
360470401003003,320
360470401001000,385
360470401001002,463
360470401002000,411
360470401002002,464
360470401003000,201
360470401003002,404
360470401003005,117
360470402002001,390
360470402003000,449
360470402004001,292
360470402004004,131
360470402004008,153
360470402001000,0
360470402002000,395
360470402002002,264
360470402002003,0
360470402003001,361
360470402004000,206
360470402004002,71
360470402004003,0
360470402004005,198
360470402004006,62
360470402004007,53
360470403001002,486
360470403001000,43
360470403001001,24
360470403001003,349
360470403001004,109
360470403001005,425
360470403002000,386
360470403002001,440
360470403002002,101
360470403002003,310
360470403003000,413
360470403003001,252
360470403003002,554
360470404002002,553
360470404001000,28
360470404001001,510
360470404001002,441
360470404001003,317
360470404002000,46
360470404002001,177
360470404002003,271
360470404002004,469
360470405001000,177
360470405001004,196
360470405001007,0
360470405001010,126
360470405002001,293
360470405001001,0
360470405001002,314
360470405001003,277
360470405001005,72
360470405001006,0
360470405001008,44
360470405001009,0
360470405002000,330
360470406001000,583
360470406002001,365
360470406001001,297
360470406001002,425
360470406002000,685
360470406003000,513
360470406003001,731
360470407001000,6
360470408002000,490
360470408003001,305
360470408001000,532
360470408001001,575
360470408002001,653
360470408003000,261
360470408003002,650
360470408003003,200
360470408003004,267
360470409001000,565
360470409001003,75
360470409002001,485
360470409002002,0
360470409003000,708
360470409003001,473
360470409001001,613
360470409001002,174
360470409001004,73
360470409002000,634
360470410001000,170
360470410001001,294
360470410001002,163
360470410001003,99
360470410001004,292
360470410002000,331
360470410002001,421
360470410002002,366
360470411002001,452
360470411001000,518
360470411001001,545
360470411001002,273
360470411002000,379
360470411002002,279
360470411003000,466
360470411003001,420
360470412001000,396
360470412001003,191
360470412002002,528
360470412001001,610
360470412001002,445
360470412002000,549
360470412002001,472
360470412002003,184
360470413001001,464
360470413002001,171
360470413003000,487
360470413003003,164
360470413001000,491
360470413001002,238
360470413001003,0
360470413002000,276
360470413002002,525
360470413002003,317
360470413003001,533
360470413003002,285
360470414011002,116
360470414012002,215
360470414011000,134
360470414011001,126
360470414011003,407
360470414012000,174
360470414012001,308
360470414021002,546
360470414021005,149
360470414021000,0
360470414021001,295
360470414021003,0
360470414021004,0
360470414022000,0
360470414022001,290
360470414022002,269
360470414022003,165
360470414022004,141
360470415001000,423
360470415001001,533
360470415001002,544
360470415002000,369
360470415002001,413
360470415002002,529
360470415002003,408
360470415003000,0
360470415003001,400
360470415003002,413
360470416001001,185
360470416002000,663
360470416001000,122
360470416001002,185
360470416001003,440
360470416001004,268
360470416002001,249
360470416002002,0
360470417001000,367
360470417002001,349
360470417004000,190
360470417003000,621
360470417001001,270
360470417002000,312
360470417003001,497
360470417004001,742
360470418001002,304
360470418001005,404
360470418002001,209
360470418002004,405
360470418001000,199
360470418001001,203
360470418001003,73
360470418001004,145
360470418001006,0
360470418002000,149
360470418002002,0
360470418002003,13
360470418002005,541
360470418002006,0
360470419001001,545
360470419002000,412
360470419001000,291
360470419001002,357
360470419001003,594
360470419002001,622
360470419003000,298
360470419003001,761
360470420001000,233
360470420001001,328
360470420002000,240
360470420002001,283
360470420002002,147
360470420002003,343
360470420002004,315
360470420002005,0
360470420002006,23
360470421002002,609
360470421003002,66
360470421004002,241
360470421001000,369
360470421001001,1023
360470421002000,27
360470421002001,420
360470421003000,135
360470421003001,282
360470421003003,717
360470421004000,182
360470421004001,87
360470421004003,708
360470422001001,354
360470422001004,339
360470422002002,260
360470422002006,199
360470422003002,258
360470422002001,375
360470422001000,0
360470422001002,154
360470422001003,183
360470422002000,0
360470422002003,366
360470422002004,398
360470422002005,51
360470422003000,381
360470422003001,345
360470423001002,130
360470423001005,385
360470423002002,125
360470423002005,336
360470423001000,519
360470423001001,351
360470423001003,31
360470423001004,400
360470423001006,59
360470423002000,0
360470423002001,501
360470423002003,203
360470423002004,453
360470423003000,608
360470423003001,151
360470423003002,314
360470424001000,116
360470424001001,326
360470424001002,494
360470424001003,257
360470424002000,532
360470424002001,398
360470424002002,437
360470424002003,341
360470424003000,548
360470424003001,523
360470424003002,203
360470425001002,665
360470425002003,40
360470425003001,14
360470425003004,88
360470425002000,42
360470425002001,20
360470425002002,0
360470425002004,678
360470425003000,79
360470425003002,289
360470425003003,78
360470425003005,467
360470425001000,236
360470425001001,330
360470426001001,282
360470426002001,172
360470426002004,197
360470426003000,117
360470426003003,426
360470426001000,650
360470426001002,163
360470426001003,467
360470426002000,541
360470426002002,249
360470426002003,99
360470426002005,209
360470426002006,172
360470426003001,589
360470426003002,17
360470427002001,618
360470427004000,40
360470427001000,759
360470427001001,556
360470427002000,806
360470427003000,656
360470427003001,672
360470427004001,413
360470427004002,340
360470427004003,60
360470428003006,416
360470428001000,177
360470428001001,779
360470428001002,0
360470428001003,425
360470428002000,743
360470428002001,269
360470428002002,354
360470428003000,181
360470428003001,226
360470428003002,156
360470428003003,192
360470428003004,0
360470428003005,69
360470428003007,303
360470429001001,754
360470429003000,851
360470429004001,596
360470429001000,0
360470429001002,507
360470429002000,870
360470429002001,707
360470429003001,528
360470429004000,743
360470430002000,297
360470430003001,975
360470430003000,0
360470430001000,564
360470430001001,743
360470430002001,645
360470430003002,618
360470430003003,0
360470430003004,0
360470431001000,540
360470431001003,0
360470431002002,25
360470431003000,679
360470431001001,582
360470431001002,0
360470431002000,688
360470431002001,280
360470431002003,146
360470431002004,106
360470431003001,445
360470431004000,763
360470431004001,630
360470432001000,672
360470432002001,890
360470432001001,632
360470432002000,1077
360470432003000,341
360470432003001,352
360470432003002,306
360470432003003,244
360470433003002,331
360470433001000,375
360470433001001,80
360470433001002,188
360470433001003,84
360470433001004,308
360470433001005,0
360470433002000,351
360470433002001,113
360470433002002,401
360470433002003,91
360470433003000,627
360470433003001,462
360470433003003,174
360470433003004,258
360470434001000,820
360470434002001,550
360470434003002,0
360470434001001,332
360470434001002,437
360470434002000,564
360470434003000,438
360470434003001,251
360470434003003,474
360470435001001,774
360470435002000,601
360470435003001,453
360470435001003,141
360470435001000,146
360470435001002,480
360470435002001,478
360470435002002,671
360470435003000,403
360470435003002,562
360470436001001,721
360470436002000,596
360470436003001,972
360470436001000,469
360470436001002,576
360470436001003,211
360470436002001,633
360470436003000,516
360470437002001,0
360470437003000,703
360470437001000,750
360470437001001,607
360470437002000,479
360470437002002,473
360470437002003,555
360470437003001,554
360470437004000,551
360470437004001,610
360470438001000,0
360470438001001,937
360470438001002,210
360470438002000,443
360470438002001,363
360470438002002,455
360470438002003,136
360470438002004,339
360470438002005,22
360470439001007,0
360470439002000,157
360470439002004,374
360470439003002,0
360470439003005,104
360470439001002,350
360470439001003,112
360470439001004,0
360470439001005,321
360470439001006,166
360470439001008,99
360470439001009,34
360470439002001,333
360470439002002,296
360470439002003,283
360470439003000,283
360470439003001,163
360470439001000,230
360470439001001,307
360470439003003,359
360470439003004,126
360470440001002,0
360470440002001,148
360470440002004,188
360470440003002,65
360470440003005,129
360470440001001,0
360470440001000,298
360470440001003,38
360470440001004,546
360470440002000,199
360470440002002,194
360470440002003,208
360470440003000,227
360470440003001,288
360470440003003,57
360470440003004,293
360470441001003,746
360470441002001,729
360470441001000,452
360470441001001,258
360470441001002,420
360470441001004,0
360470441002000,509
360470441002002,664
360470441003000,637
360470441003001,570
360470441003002,541
360470442001000,432
360470442001001,275
360470442001002,409
360470442001003,310
360470442002000,244
360470442002001,580
360470442002002,381
360470442002003,0
360470443002001,557
360470443003001,629
360470443004003,388
360470443001000,456
360470443001001,553
360470443001002,384
360470443002000,327
360470443002002,709
360470443003000,602
360470443004000,360
360470443004001,0
360470443004002,230
360470444001002,285
360470444001005,30
360470444002002,383
360470444002001,744
360470444001000,414
360470444001001,294
360470444001003,0
360470444001004,43
360470444002000,0
360470444003000,441
360470444003001,626
360470445001001,486
360470445002000,105
360470445002003,473
360470445003002,439
360470445001000,288
360470445001002,466
360470445001003,220
360470445002001,299
360470445002002,510
360470445003000,101
360470445003001,463
360470445003003,357
360470446001002,0
360470446002002,96
360470446001000,340
360470446001001,455
360470446002000,440
360470446002001,208
360470446002003,222
360470446002004,30
360470446002005,235
360470447001000,0
360470447001001,0
360470447001002,283
360470447001003,70
360470447001004,505
360470447001005,126
360470447001006,138
360470447001007,64
360470447001008,0
360470447001009,455
360470447002000,34
360470447002001,104
360470447002002,245
360470447002003,435
360470448001000,532
360470448002001,481
360470448002004,424
360470448001001,0
360470448002000,0
360470448002002,98
360470448002003,430
360470448002005,0
360470449011002,106
360470449011005,10
360470449012002,90
360470449012006,0
360470449012009,59
360470449012012,71
360470449012016,0
360470449013002,0
360470449013005,0
360470449014003,0
360470449014002,24
360470449014004,0
360470449014005,0
360470449011000,459
360470449011001,1279
360470449011003,20
360470449011004,99
360470449012000,103
360470449012001,212
360470449012003,19
360470449012004,0
360470449012005,0
360470449012007,0
360470449012008,102
360470449012010,0
360470449012011,25
360470449012013,0
360470449012014,0
360470449012015,16
360470449013000,0
360470449013001,0
360470449013003,0
360470449013004,0
360470449013006,0
360470449013007,0
360470449013008,0
360470449014000,0
360470449014001,0
360470449023024,0
360470449023027,0
360470449021001,0
360470449021004,0
360470449021007,0
360470449021011,0
360470449021014,0
360470449021017,0
360470449021021,0
360470449021024,0
360470449021027,0
360470449022001,0
360470449022005,0
360470449023011,0
360470449023014,0
360470449023017,0
360470449023021,0
360470449021000,0
360470449021002,0
360470449021003,0
360470449021005,0
360470449021006,0
360470449021008,0
360470449021009,0
360470449021010,0
360470449021012,0
360470449021013,0
360470449021015,0
360470449021016,0
360470449021018,0
360470449021019,0
360470449021020,0
360470449021022,0
360470449021023,0
360470449021025,0
360470449021026,0
360470449021028,0
360470449022000,0
360470449022002,0
360470449022003,3
360470449022004,0
360470449022006,0
360470449022007,0
360470449022008,0
360470449022009,12
360470449023000,0
360470449023001,4
360470449023002,0
360470449023003,0
360470449023004,0
360470449023005,0
360470449023006,14
360470449023007,0
360470449023008,0
360470449023009,0
360470449023010,0
360470449023012,0
360470449023013,0
360470449023015,0
360470449023016,0
360470449023018,0
360470449023019,0
360470449023020,0
360470449023022,0
360470449023023,8
360470449023025,0
360470449023026,0
360470449023028,0
360470449023029,3
360470450001001,180
360470450001004,253
360470450001000,0
360470450001002,50
360470450001003,162
360470450001005,0
360470452001001,336
360470452002000,199
360470452002004,676
360470452001000,280
360470452001002,381
360470452001003,281
360470452002001,0
360470452002002,0
360470452002003,465
360470452002005,0
360470453001001,11
360470453002000,0
360470453002003,42
360470453002007,153
360470453002010,38
360470453002013,69
360470453001000,0
360470453001002,87
360470453001003,200
360470453001004,18
360470453001005,12
360470453001006,62
360470453001007,32
360470453001008,175
360470453001009,93
360470453001010,311
360470453001011,46
360470453001012,103
360470453001013,0
360470453001014,0
360470453001015,0
360470453002001,51
360470453002002,0
360470453002004,80
360470453002005,127
360470453002006,0
360470453002008,20
360470453002009,45
360470453002011,0
360470453002012,111
360470453002014,0
360470454001001,272
360470454002001,356
360470454001000,339
360470454001002,173
360470454001003,194
360470454002000,224
360470454002002,377
360470454002003,101
360470456001000,299
360470456001003,561
360470456002002,111
360470456001001,58
360470456001002,366
360470456002000,487
360470456002001,419
360470456002003,105
360470456002004,212
360470456002005,149
360470458001000,308
360470458001003,0
360470458001001,305
360470458001002,0
360470458001004,0
360470458001005,86
360470458001006,115
360470458001007,0
360470458002000,119
360470458002001,188
360470458002002,147
360470458002003,0
360470458002004,140
360470458002005,150
360470460003004,111
360470460003007,60
360470460001000,326
360470460001001,496
360470460001002,497
360470460001003,0
360470460002000,733
360470460002001,1094
360470460003000,144
360470460003001,106
360470460003002,73
360470460003003,80
360470460003005,68
360470460003006,40
360470462011003,125
360470462012002,22
360470462012005,171
360470462012008,296
360470462011000,0
360470462011001,850
360470462011002,561
360470462012000,0
360470462012001,224
360470462012003,0
360470462012004,118
360470462012006,112
360470462012007,221
360470462012009,0
360470462021002,355
360470462021005,217
360470462022001,346
360470462022005,73
360470462021000,0
360470462021001,0
360470462021003,206
360470462021004,189
360470462021006,0
360470462022000,270
360470462022002,53
360470462022003,0
360470462022004,103
360470462022006,79
360470464001001,235
360470464001004,224
360470464001000,94
360470464001002,452
360470464001003,26
360470464001005,295
360470464001006,32
360470464001007,0
360470464002000,573
360470464002001,448
360470464002002,353
360470468001000,305
360470468001001,611
360470468001002,189
360470468001003,324
360470468001004,250
360470468001005,459
360470470001002,231
360470470001005,340
360470470002003,174
360470470001000,252
360470470001001,46
360470470001003,371
360470470001004,317
360470470002000,291
360470470002001,528
360470470002002,273
360470472001002,132
360470472002001,564
360470472003001,375
360470472003000,243
360470472001000,207
360470472001001,72
360470472001003,512
360470472002000,260
360470472002002,285
360470472003002,254
360470472003003,195
360470474001001,1037
360470474001004,123
360470474002001,465
360470474002004,58
360470474001000,280
360470474001002,178
360470474001003,186
360470474001005,66
360470474002000,434
360470474002002,280
360470474002003,125
360470474002005,0
360470476001002,106
360470476001005,0
360470476001000,348
360470476001001,445
360470476001003,154
360470476001004,357
360470476002000,346
360470476002001,584
360470476002002,181
360470476003000,443
360470476003001,346
360470476003002,383
360470476003003,361
360470477001009,300
360470477001012,188
360470477001016,0
360470477001019,0
360470477001022,61
360470477002000,28
360470477002004,432
360470477002007,402
360470477002010,679
360470477001024,287
360470477001000,0
360470477001001,0
360470477001002,0
360470477001003,0
360470477001004,0
360470477001005,0
360470477001006,0
360470477001007,0
360470477001008,124
360470477001010,268
360470477001011,211
360470477001013,141
360470477001014,16
360470477001015,0
360470477001017,0
360470477001018,0
360470477001020,0
360470477001021,44
360470477001023,155
360470477002001,252
360470477002002,281
360470477002003,171
360470477002005,143
360470477002006,11
360470477002008,32
360470477002009,0
360470477002011,0
360470478001001,483
360470478002002,724
360470478003000,125
360470478001000,438
360470478001002,531
360470478002000,81
360470478002001,219
360470478002003,265
360470478002004,434
360470478003001,405
360470478003002,218
360470478003003,287
360470478003004,693
360470478003005,405
360470480001000,447
360470480001001,289
360470480001002,428
360470480001003,580
360470480002000,455
360470480002001,606
360470480002002,473
360470480002003,340
360470480002004,140
360470480002005,66
360470481001000,434
360470481002000,173
360470481003001,384
360470481003004,379
360470481001001,153
360470481001002,125
360470481002001,145
360470481002002,460
360470481003000,286
360470481003002,104
360470481003003,462
360470482001002,344
360470482002002,0
360470482003000,1240
360470482003003,0
360470482004000,360
360470482005001,357
360470482002001,955
360470482001000,490
360470482001001,287
360470482002000,510
360470482002003,0
360470482002004,0
360470482002005,0
360470482003001,777
360470482003002,0
360470482003004,0
360470482003005,0
360470482004001,387
360470482005000,415
360470484001003,0
360470484002001,543
360470484001000,372
360470484001001,878
360470484001002,113
360470484001004,1179
360470484002000,483
360470484002002,756
360470484003000,342
360470484003001,365
360470484003002,202
360470484003003,689
360470485001011,278
360470485001014,32
360470485001018,30
360470485002001,83
360470485002004,32
360470485002007,55
360470485002011,46
360470485002006,470
360470485001000,16
360470485001001,41
360470485001002,74
360470485001003,12
360470485001004,8
360470485001005,10
360470485001006,0
360470485001007,26
360470485001008,15
360470485001009,0
360470485001010,13
360470485001012,20
360470485001013,18
360470485001015,19
360470485001016,90
360470485001017,0
360470485001019,246
360470485002000,122
360470485002002,313
360470485002003,65
360470485002005,50
360470485002008,130
360470485002009,77
360470485002010,79
360470486001002,391
360470486003000,794
360470486001000,0
360470486001001,841
360470486002000,553
360470486002001,651
360470486003001,312
360470486003002,55
360470488001000,328
360470488002000,700
360470488003001,478
360470488001002,408
360470488001003,555
360470488002001,689
360470488003000,1338
360470488001001,40
360470489001000,532
360470489001001,619
360470489002000,1186
360470489003000,1420
360470490001000,1149
360470490001001,1038
360470490001002,0
360470490001003,0
360470490001004,336
360470490002000,1451
360470490002001,0
360470490002002,0
360470490002003,1219
360470490003000,369
360470490003001,474
360470491002001,192
360470491003000,355
360470491003003,647
360470491004000,867
360470491002003,165
360470491001000,1660
360470491001001,192
360470491002000,342
360470491002002,174
360470491003001,390
360470491003002,386
360470491003004,100
360470491003005,40
360470491004001,856
360470491004002,0
360470492001001,105
360470492002000,351
360470492003000,250
360470492001000,112
360470492001002,309
360470492001003,546
360470492002001,343
360470492002002,569
360470492003001,781
360470493011001,348
360470493011005,338
360470493011000,345
360470493011002,248
360470493011003,278
360470493011004,340
360470493024000,374
360470493021002,400
360470493022002,214
360470493021000,560
360470493021001,506
360470493022000,282
360470493022001,449
360470493022003,182
360470493023000,120
360470493023001,143
360470493023002,1233
360470493024001,261
360470493024002,752
360470494001001,710
360470494002000,666
360470494002003,0
360470494004000,453
360470494004001,282
360470494001000,630
360470494001002,0
360470494001003,0
360470494002001,992
360470494002002,37
360470494003000,1193
360470494003001,564
360470495001002,240
360470495002001,259
360470495002004,119
360470495003002,301
360470495001000,111
360470495001001,290
360470495001003,432
360470495002000,282
360470495002002,277
360470495002003,135
360470495003000,164
360470495003001,191
360470495003003,184
360470495003004,129
360470496001001,293
360470496001004,685
360470496001000,153
360470496001002,272
360470496001003,407
360470496002000,547
360470496002001,532
360470496002002,426
360470496003000,306
360470496003001,283
360470496003002,143
360470496003003,218
360470496003004,381
360470497002002,83
360470497002005,84
360470497003003,122
360470497001000,116
360470497001001,94
360470497001002,236
360470497001003,0
360470497001004,249
360470497001005,202
360470497002000,218
360470497002001,231
360470497002003,293
360470497002004,202
360470497003000,301
360470497003001,290
360470497003002,201
360470497003004,219
360470498001001,931
360470498001004,125
360470498002002,788
360470498002000,696
360470498001000,471
360470498001002,59
360470498001003,87
360470498002001,244
360470498003000,186
360470498003001,527
360470498003002,403
360470499001000,113
360470499001003,249
360470499001006,0
360470499002001,225
360470499002005,0
360470499002008,88
360470499001001,0
360470499001002,59
360470499001004,163
360470499001005,182
360470499001007,96
360470499002000,88
360470499002002,129
360470499002003,272
360470499002004,82
360470499002006,238
360470499002007,109
360470499002009,54
360470500011000,277
360470500011001,622
360470500011002,0
360470500011003,0
360470500012000,0
360470500012001,170
360470500012002,269
360470500012003,266
360470500012004,175
360470500012005,283
360470500012006,0
360470500012007,0
360470500021000,975
360470500021001,399
360470500021002,233
360470501001001,154
360470501002000,337
360470501003000,0
360470501003003,0
360470501003006,0
360470501003010,217
360470501003013,0
360470501003016,0
360470501003019,0
360470501001000,38
360470501001002,241
360470501001003,277
360470501001004,188
360470501002001,367
360470501002002,230
360470501003001,0
360470501003002,0
360470501003004,0
360470501003005,0
360470501003007,0
360470501003008,131
360470501003009,184
360470501003011,0
360470501003012,0
360470501003014,0
360470501003015,0
360470501003017,303
360470501003018,284
360470502022001,140
360470502022004,129
360470502021000,787
360470502021001,380
360470502022000,393
360470502022002,216
360470502022003,159
360470502022005,108
360470503001001,219
360470503001000,218
360470503001002,164
360470503001003,198
360470503002000,292
360470503002001,91
360470503002002,149
360470503002003,108
360470503002004,475
360470503003000,172
360470503003001,247
360470503003002,252
360470503003003,174
360470504011002,331
360470504012001,0
360470504012004,0
360470504012007,223
360470504011000,530
360470504011001,244
360470504011003,0
360470504011004,0
360470504012000,0
360470504012002,616
360470504012003,524
360470504012005,212
360470504012006,201
360470504012008,116
360470504021002,0
360470504022002,465
360470504021000,1146
360470504021001,0
360470504022000,117
360470504022001,71
360470504022003,205
360470505001001,342
360470505001000,362
360470505001002,305
360470505001003,29
360470505001004,408
360470505002000,351
360470505002001,254
360470505002002,379
360470505002003,539
360470505003000,160
360470505003001,855
360470505003002,362
360470505003003,221
360470506004000,948
360470506001000,116
360470506001001,1016
360470506001002,250
360470506002000,611
360470506002001,153
360470506002002,73
360470506003000,583
360470506003001,1115
360470506004001,526
360470506004002,221
360470507001000,555
360470507001003,0
360470507001007,554
360470507001010,311
360470507001013,35
360470507001016,0
360470507001001,469
360470507001002,457
360470507001004,497
360470507001005,0
360470507001006,4
360470507001008,43
360470507001009,418
360470507001011,63
360470507001012,97
360470507001014,42
360470507001015,0
360470508012001,1744
360470508011000,962
360470508011001,420
360470508012000,1185
360470508031002,1073
360470508031000,631
360470508031001,844
360470508042000,797
360470508043001,384
360470508041000,1133
360470508041001,801
360470508042001,1129
360470508043000,591
360470508043002,1361
360470509001000,0
360470509001001,618
360470509001002,228
360470509001003,740
360470509001004,637
360470509001005,0
360470509001006,85
360470509001007,0
360470509001008,0
360470509002000,0
360470509002001,802
360470509002002,1217
360470509002003,204
360470509002004,581
360470510012003,462
360470510011000,1662
360470510012000,192
360470510012001,1003
360470510012002,421
360470510022000,1657
360470510021000,422
360470510021001,1385
360470510023000,1136
360470511001002,794
360470511002002,606
360470511003001,305
360470511002000,83
360470511001000,0
360470511001001,862
360470511002001,490
360470511002003,317
360470511003000,357
360470511003002,356
360470511003003,375
360470512001000,694
360470512003000,1318
360470512001001,187
360470512001002,919
360470512002000,1487
360470512004000,1274
360470512004001,67
360470513001000,375
360470513001003,292
360470513002002,596
360470513003003,299
360470513004010,240
360470513001001,263
360470513001002,337
360470513002000,137
360470513002001,261
360470513003000,267
360470513003001,179
360470513003002,142
360470513003004,249
360470513003005,339
360470513003006,122
360470513003007,186
360470513003008,62
360470513003009,114
360470513003010,307
360470513004000,0
360470513004001,0
360470513004002,0
360470513004003,0
360470513004004,0
360470513004005,0
360470513004006,0
360470513004007,0
360470513004008,0
360470513004009,0
360470513004011,59
360470513004012,700
360470514001000,309
360470514002000,1012
360470514003001,905
360470514004000,428
360470514004001,704
360470514004002,690
360470514001001,111
360470514001002,560
360470514002001,896
360470514003000,1408
360470515001000,122
360470515001003,0
360470515001006,516
360470515001009,35
360470515001013,0
360470515001001,0
360470515001002,0
360470515001004,149
360470515001005,135
360470515001007,279
360470515001008,656
360470515001010,331
360470515001011,74
360470515001012,154
360470516011002,180
360470516012002,226
360470516013003,326
360470516011000,900
360470516011001,726
360470516012000,780
360470516012001,503
360470516013000,334
360470516013001,706
360470516013002,386
360470516013004,111
360470516013005,229
360470516021000,1070
360470516021001,820
360470516022000,384
360470516022001,1600
360470517001000,0
360470517001001,587
360470517001002,309
360470517001003,199
360470517001004,185
360470517002000,0
360470517002001,316
360470517002002,407
360470517002003,279
360470517002004,354
360470518001002,948
360470518002003,70
360470518003000,102
360470518001000,95
360470518001001,90
360470518002000,74
360470518002001,73
360470518002002,63
360470518002004,621
360470518002005,499
360470518003001,279
360470518003002,614
360470519001000,108
360470519001003,332
360470519001007,332
360470519001010,217
360470519002001,242
360470519002004,248
360470519003000,337
360470519003003,130
360470519001002,138
360470519001001,0
360470519001004,360
360470519001005,313
360470519001006,540
360470519001008,232
360470519001009,458
360470519001011,173
360470519002000,258
360470519002002,0
360470519002003,279
360470519002005,0
360470519002006,187
360470519002007,183
360470519003001,154
360470519003002,177
360470519003004,0
360470519003005,221
360470519003006,272
360470519003007,210
360470520002005,58
360470520002008,87
360470520003001,902
360470520001000,160
360470520001001,178
360470520001002,391
360470520001003,384
360470520001004,303
360470520001005,70
360470520001006,69
360470520002000,39
360470520002001,81
360470520002002,140
360470520002003,83
360470520002004,51
360470520002006,65
360470520002007,144
360470520002009,286
360470520002010,378
360470520003000,306
360470523001002,550
360470523002000,676
360470523003000,416
360470523003004,0
360470523005000,209
360470523002002,22
360470523001000,340
360470523001001,498
360470523001003,143
360470523001004,0
360470523002001,459
360470523003001,625
360470523003002,0
360470523003003,123
360470523004000,338
360470523004001,440
360470523005001,566
360470525001001,129
360470525001004,222
360470525001008,0
360470525002000,583
360470525001000,0
360470525001002,0
360470525001003,0
360470525001005,77
360470525001006,143
360470525001007,505
360470525001009,851
360470525001010,581
360470525002001,629
360470526001000,659
360470526001001,642
360470526001002,410
360470526001003,291
360470526002000,164
360470526002001,269
360470526002002,516
360470526002003,236
360470526003000,102
360470526003001,150
360470526003002,914
360470527003005,0
360470527004002,52
360470527005001,0
360470527005004,0
360470527005007,345
360470527007000,774
360470527002001,295
360470527003002,315
360470527004001,224
360470527001000,761
360470527001001,66
360470527001002,224
360470527002000,404
360470527003000,314
360470527003001,109
360470527003003,0
360470527003004,0
360470527004000,481
360470527004003,0
360470527004004,63
360470527005000,405
360470527005002,0
360470527005003,0
360470527005005,0
360470527005006,22
360470527006000,662
360470527006001,528
360470527007001,1
360470528001002,150
360470528002000,131
360470528001000,90
360470528001001,213
360470528001003,180
360470528001004,266
360470528002001,201
360470528002002,573
360470529003008,8
360470529001000,336
360470529001001,0
360470529001002,697
360470529002000,190
360470529002001,111
360470529002002,175
360470529002003,560
360470529002004,779
360470529003000,185
360470529003001,409
360470529003002,0
360470529003003,0
360470529003004,0
360470529003005,849
360470529003006,0
360470529003007,0
360470529003009,0
360470530001001,304
360470530002001,267
360470530003002,254
360470530002002,529
360470530001000,310
360470530001002,602
360470530002000,166
360470530003000,424
360470530003001,391
360470530003003,359
360470531011001,37
360470531012002,231
360470531011000,1587
360470531012000,500
360470531012001,642
360470531022000,1465
360470531021000,2554
360470531021001,545
360470531021002,628
360470531022001,573
360470531022002,125
360470532001000,247
360470532001003,481
360470532001006,196
360470532002003,169
360470532001001,149
360470532001002,70
360470532001004,0
360470532001005,140
360470532002000,121
360470532002001,233
360470532002002,175
360470532002004,149
360470532002005,380
360470533005004,643
360470533005007,0
360470533001000,875
360470533001001,409
360470533001002,267
360470533002000,551
360470533002001,445
360470533002002,95
360470533003000,822
360470533003001,591
360470533004000,905
360470533004001,822
360470533005000,20
360470533005001,0
360470533005002,0
360470533005003,363
360470533005005,307
360470533005006,0
360470533005008,0
360470534002000,780
360470534003001,564
360470534004002,544
360470534001000,825
360470534001001,622
360470534002001,534
360470534003000,501
360470534004000,117
360470534004001,290
360470535002000,588
360470535004000,249
360470535004003,488
360470535001001,540
360470535001000,910
360470535002001,354
360470535003000,23
360470535003001,686
360470535004001,0
360470535004002,631
360470537001002,0
360470537001005,540
360470537002003,279
360470537002006,0
360470537001000,0
360470537001001,0
360470537001003,90
360470537001004,585
360470537002000,528
360470537002001,530
360470537002002,68
360470537002004,0
360470537002005,0
360470537002007,0
360470537002008,0
360470537002009,0
360470537002010,0
360470537002011,0
360470537002012,0
360470537002013,226
360470537002014,578
360470537002015,0
360470537002016,289
360470537002017,108
360470537002018,483
360470538002002,748
360470538003001,217
360470538003005,274
360470538001000,960
360470538001001,963
360470538002000,427
360470538002001,10
360470538002003,596
360470538003000,296
360470538003002,44
360470538003003,839
360470538003004,161
360470539001001,226
360470539001002,120
360470539001003,0
360470539001004,0
360470539002000,2322
360470539001000,0
360470542001000,568
360470542002000,651
360470542003001,584
360470542001001,704
360470542001002,626
360470542002001,612
360470542002002,454
360470542003000,551
360470543001002,0
360470543001005,0
360470543001008,0
360470543001012,0
360470543001015,0
360470543001018,0
360470543001021,0
360470543001025,0
360470543001028,0
360470543001007,0
360470543001000,0
360470543001001,5
360470543001003,0
360470543001004,0
360470543001006,0
360470543001009,0
360470543001010,0
360470543001011,0
360470543001013,0
360470543001014,0
360470543001016,0
360470543001017,0
360470543001019,0
360470543001020,0
360470543001022,0
360470543001023,0
360470543001024,0
360470543001026,0
360470543001027,0
360470543001029,0
360470543001030,0
360470543001031,0
360470543001032,0
360470543001033,0
360470543001034,0
360470543001035,0
360470543001036,0
360470543001037,0
360470543001038,0
360470543001039,0
360470543001040,0
360470543001041,0
360470544002001,349
360470544003000,284
360470544001000,507
360470544001001,764
360470544002000,702
360470544002002,164
360470544002003,272
360470544003001,412
360470544003002,127
360470544003003,204
360470545001000,187
360470545002000,0
360470545003000,1469
360470545005001,951
360470545005000,912
360470545001001,194
360470545001002,192
360470545002001,1234
360470545002002,0
360470545004000,722
360470545006000,1443
360470546001002,556
360470546001005,214
360470546002002,1367
360470546003001,813
360470546001000,257
360470546001001,88
360470546001003,0
360470546001004,154
360470546002000,342
360470546002001,518
360470546002003,227
360470546003000,252
360470546003002,621
360470547001002,389
360470547002000,872
360470547001000,211
360470547001001,289
360470547001003,237
360470547001004,108
360470547002001,390
360470547003000,520
360470547003001,705
360470547003002,453
360470547003003,2322
360470547003004,1359
360470548001000,139
360470548001001,285
360470548001002,387
360470548001003,182
360470548001004,187
360470548002000,237
360470548002001,219
360470548002002,207
360470548002003,192
360470548002004,154
360470549001000,479
360470549001003,839
360470549002003,324
360470549002006,0
360470549002009,0
360470549002012,0
360470549002016,152
360470549002019,0
360470549002022,0
360470549002025,34
360470549002011,0
360470549001001,596
360470549001002,337
360470549002000,314
360470549002001,366
360470549002002,359
360470549002004,0
360470549002005,0
360470549002007,0
360470549002008,0
360470549002010,0
360470549002013,301
360470549002014,282
360470549002015,154
360470549002017,49
360470549002018,0
360470549002020,0
360470549002021,0
360470549002023,59
360470549002024,103
360470549002026,0
360470550001002,655
360470550002002,575
360470550001000,145
360470550001001,358
360470550002000,219
360470550002001,223
360470550003000,0
360470550003001,73
360470550003002,673
360470550003003,1035
360470551001003,0
360470551001006,304
360470551001000,0
360470551001001,318
360470551001002,55
360470551001004,561
360470551001005,189
360470551001007,362
360470551001008,168
360470551001009,711
360470551001010,0
360470551002000,252
360470551002001,461
360470551002002,459
360470551003000,329
360470551003001,461
360470551003002,470
360470551004000,760
360470551004001,483
360470552001002,703
360470552002002,360
360470552003002,197
360470552003005,483
360470552001000,33
360470552001001,554
360470552002000,97
360470552002001,219
360470552002003,635
360470552003000,30
360470552003001,158
360470552003003,132
360470552003004,134
360470553001002,178
360470553002001,0
360470553002005,85
360470553003001,138
360470553003004,168
360470553002000,300
360470553001000,282
360470553001001,252
360470553001003,259
360470553002002,181
360470553002003,119
360470553002004,212
360470553002006,218
360470553003000,222
360470553003002,221
360470553003003,243
360470554001002,1102
360470554003001,426
360470554003004,0
360470554001000,157
360470554001001,795
360470554002000,1221
360470554002001,363
360470554003000,265
360470554003002,335
360470554003003,149
360470554003005,0
360470555001015,0
360470555001018,267
360470555001022,102
360470555001000,388
360470555001001,4030
360470555001002,833
360470555001003,251
360470555001004,187
360470555001005,191
360470555001006,96
360470555001007,102
360470555001008,429
360470555001009,440
360470555001010,0
360470555001011,0
360470555001012,0
360470555001013,229
360470555001014,357
360470555001016,27
360470555001017,0
360470555001019,398
360470555001020,252
360470555001021,109
360470556001002,236
360470556002001,221
360470556003002,203
360470556003001,368
360470556001000,297
360470556001001,705
360470556001003,274
360470556002000,1144
360470556003000,239
360470556003003,117
360470556003004,76
360470557001001,292
360470557002001,0
360470557002004,0
360470557002007,10
360470557002011,6
360470557001000,4
360470557001002,352
360470557002000,14
360470557002002,16
360470557002003,0
360470557002005,16
360470557002006,11
360470557002008,269
360470557002009,79
360470557002010,194
360470557002012,270
360470557002013,315
360470558001000,294
360470558001001,258
360470558001002,737
360470558002000,559
360470558002001,193
360470558002002,57
360470558002003,277
360470558002004,137
360470558002005,224
360470560001000,251
360470560001001,233
360470560001002,181
360470560001003,712
360470560002000,931
360470560002001,579
360470560003000,193
360470560003001,802
360470561001000,89
360470561001003,0
360470561001007,13
360470561002001,464
360470561003001,81
360470561004000,409
360470561004004,8
360470561003003,277
360470561001001,256
360470561001002,338
360470561001004,261
360470561001005,0
360470561001006,0
360470561001008,28
360470561002000,106
360470561002002,246
360470561003000,135
360470561003002,287
360470561004001,301
360470561004002,139
360470561004003,0
360470561004005,22
360470562002003,240
360470562001001,201
360470562002000,164
360470562001000,210
360470562001002,206
360470562001003,223
360470562002001,257
360470562002002,194
360470563011002,358
360470563013000,618
360470563014001,611
360470563011000,158
360470563011001,167
360470563011003,789
360470563012000,370
360470563012001,669
360470563013001,453
360470563014000,730
360470563021001,284
360470563020001,0
360470563021000,28
360470563022000,780
360470563022001,25
360470563022002,284
360470563022003,0
360470563022004,601
360470564001000,357
360470564001001,562
360470564001002,157
360470564001003,18
360470564002000,463
360470564002001,245
360470564002002,222
360470564003000,234
360470564003001,186
360470564003002,159
360470564003003,23
360470565001001,306
360470565001004,0
360470565002000,622
360470565001000,251
360470565001002,28
360470565001003,89
360470565001005,280
360470565001006,480
360470565003000,716
360470565003001,507
360470565002001,459
360470566001000,93
360470566001003,664
360470566002002,335
360470566001002,455
360470566001001,218
360470566002000,223
360470566002001,263
360470566002003,297
360470568001001,289
360470568002000,197
360470568002003,211
360470568001000,373
360470568001002,110
360470568001003,0
360470568001004,0
360470568002001,107
360470568002002,23
360470569001002,270
360470569002002,40
360470569002006,19
360470569001000,395
360470569001001,278
360470569002000,307
360470569002001,308
360470569002003,7
360470569002004,0
360470569002005,0
360470570001000,0
360470570001001,578
360470570001002,214
360470570002000,0
360470570002001,586
360470570003000,344
360470570003001,351
360470570004000,0
360470570004001,140
360470570004002,333
360470570004003,288
360470570004004,254
360470570004005,289
360470570004006,0
360470570004007,157
360470571001001,423
360470571002001,583
360470571003003,387
360470571004001,0
360470571001000,300
360470571001002,431
360470571002000,418
360470571003000,480
360470571003001,0
360470571003002,293
360470571003004,43
360470571004000,255
360470571004002,363
360470571004003,291
360470572001000,1207
360470572002000,1286
360470572001002,550
360470572001001,845
360470572002001,1080
360470572002002,253
360470573001001,0
360470573001004,368
360470573002000,398
360470573002003,324
360470573003003,263
360470573001000,0
360470573001002,0
360470573001003,74
360470573001005,278
360470573001006,0
360470573002001,258
360470573002002,0
360470573003000,59
360470573003001,0
360470573003002,228
360470573003004,340
360470574001001,341
360470574001000,393
360470574001002,341
360470574001003,346
360470574002000,283
360470574002001,240
360470574002002,93
360470574002003,40
360470574002004,205
360470574002005,153
360470574002006,125
360470575003002,407
360470575004002,274
360470575001000,399
360470575001001,424
360470575001002,480
360470575002000,469
360470575002001,599
360470575003000,478
360470575003001,381
360470575004000,510
360470575004001,481
360470576001003,159
360470576002000,430
360470576002003,298
360470576001000,439
360470576001001,342
360470576001002,402
360470576001004,91
360470576001005,16
360470576002001,274
360470576002002,437
360470576002004,24
360470578001003,524
360470578002003,496
360470578001001,464
360470578001000,294
360470578001002,327
360470578002000,339
360470578002001,478
360470578002002,410
360470579011002,44
360470579012000,87
360470579012004,0
360470579012022,0
360470579011000,0
360470579011001,19
360470579011003,409
360470579011004,0
360470579012001,0
360470579012002,0
360470579012003,0
360470579012005,467
360470579012006,33
360470579012007,52
360470579012008,0
360470579012009,0
360470579012010,0
360470579012011,0
360470579012012,90
360470579012013,56
360470579012014,0
360470579012015,0
360470579012016,64
360470579012017,71
360470579012018,0
360470579012019,0
360470579012020,14
360470579012021,10
360470579012023,0
360470579012024,0
360470579021000,0
360470579021004,0
360470579021007,0
360470579021010,0
360470579021001,0
360470579021002,0
360470579021003,0
360470579021005,0
360470579021006,0
360470579021008,0
360470579021009,0
360470579021011,0
360470580001001,617
360470580002001,216
360470580002004,202
360470580001000,551
360470580001002,352
360470580001003,333
360470580002000,108
360470580002002,432
360470580002003,601
360470580002005,90
360470582001001,369
360470582002001,106
360470582003002,506
360470582001000,271
360470582001002,349
360470582002000,471
360470582002002,116
360470582003000,424
360470582003001,432
360470584001002,679
360470584001000,254
360470584001001,451
360470584002000,265
360470584002001,98
360470584002002,33
360470584002003,87
360470584002004,10
360470584002005,585
360470584002006,599
360470584002007,286
360470584002008,30
360470584002009,68
360470584002010,161
360470584002011,113
360470584002012,44
360470584002013,34
360470586001002,62
360470586001005,59
360470586002001,291
360470586002002,156
360470586001000,296
360470586001001,152
360470586001003,181
360470586001004,384
360470586001006,96
360470586002000,255
360470586002003,214
360470586002004,509
360470588001000,67
360470588001003,330
360470588001006,308
360470588001001,560
360470588001002,91
360470588001004,181
360470588001005,160
360470588001007,128
360470588002000,1707
360470589011000,19
360470589012000,17
360470589012003,337
360470589011001,0
360470589011002,405
360470589011003,478
360470589012001,0
360470589012002,391
360470589012004,134
360470589021001,0
360470589021000,0
360470589021002,0
360470590001002,187
360470590001000,182
360470590001001,61
360470590001003,376
360470590001004,288
360470590001005,342
360470590001006,257
360470590001007,80
360470590001008,241
360470590001009,0
360470591004002,300
360470591001000,696
360470591001001,291
360470591002000,599
360470591002001,237
360470591003000,316
360470591003001,285
360470591003002,182
360470591003003,145
360470591003004,208
360470591004000,0
360470591004001,597
360470592001002,142
360470592002002,123
360470592003000,757
360470592003001,507
360470592001000,256
360470592001001,196
360470592001003,678
360470592002000,719
360470592002001,255
360470592002003,444
360470592002004,191
360470592003002,0
360470593001005,593
360470593001008,28
360470593002002,122
360470593001000,25
360470593001003,16
360470593001004,0
360470593001006,446
360470593001007,188
360470593002000,107
360470593002001,735
360470593001001,0
360470593001002,14
360470594021003,313
360470594022002,310
360470594023001,399
360470594023004,53
360470594024003,286
360470594021000,176
360470594021001,162
360470594021002,357
360470594022000,504
360470594022001,290
360470594022003,296
360470594023000,359
360470594023002,273
360470594023003,288
360470594024000,341
360470594024001,352
360470594024002,346
360470594031002,266
360470594032002,396
360470594031000,317
360470594031001,379
360470594032000,384
360470594032001,319
360470594032003,241
360470594033000,0
360470594033001,121
360470594033002,554
360470594033003,318
360470594033004,484
360470594043001,598
360470594041000,0
360470594041001,497
360470594041002,351
360470594041003,351
360470594041004,288
360470594042000,390
360470594042001,462
360470594042002,322
360470594042003,403
360470594043000,764
360470596001002,116
360470596003001,134
360470596003004,305
360470596001000,0
360470596001001,440
360470596002000,993
360470596003000,0
360470596003002,294
360470596003003,287
360470598001003,485
360470598002001,601
360470598002004,208
360470598002007,153
360470598001000,118
360470598001001,383
360470598001002,499
360470598001004,662
360470598002000,0
360470598002002,6
360470598002003,152
360470598002005,182
360470598002006,168
360470600002000,285
360470600002003,235
360470600003000,353
360470600003003,0
360470600005002,92
360470600005005,586
360470600001000,0
360470600001001,317
360470600001002,721
360470600002001,251
360470600002002,355
360470600002004,183
360470600002005,148
360470600003001,340
360470600003002,0
360470600003004,216
360470600003005,159
360470600003006,656
360470600003007,158
360470600003008,158
360470600003009,91
360470600003010,94
360470600004000,0
360470600004001,603
360470600004002,183
360470600004003,0
360470600004004,201
360470600005000,6
360470600005001,0
360470600005003,175
360470600005004,278
360470606001003,32
360470606001006,17
360470606002001,134
360470606002004,0
360470606002003,139
360470606001000,31
360470606001001,487
360470606001002,47
360470606001004,540
360470606001005,846
360470606001007,187
360470606002000,300
360470606002002,193
360470606002005,225
360470608002000,939
360470608002003,92
360470608002006,191
360470608003002,0
360470608003005,0
360470608003008,0
360470608001002,0
360470608001005,0
360470608001008,0
360470608001011,0
360470608001015,0
360470608001018,0
360470608001035,80
360470608001038,0
360470608001006,0
360470608001007,0
360470608001009,0
360470608001010,0
360470608001012,0
360470608001013,0
360470608001014,0
360470608001016,0
360470608001017,0
360470608001019,0
360470608001020,0
360470608001021,0
360470608001022,0
360470608001023,230
360470608001024,49
360470608001025,0
360470608001026,0
360470608001027,0
360470608001028,0
360470608001029,0
360470608001030,0
360470608001031,116
360470608001032,4
360470608001033,41
360470608001034,115
360470608001036,0
360470608001037,0
360470608002001,0
360470608002002,55
360470608002004,270
360470608002005,71
360470608002007,24
360470608003000,171
360470608003001,645
360470608003003,328
360470608003004,17
360470608003006,234
360470608003007,0
360470608003009,0
360470608001000,0
360470608001001,0
360470608001003,155
360470608001004,188
360470610021000,290
360470610021004,119
360470610022000,466
360470610023000,468
360470610020001,0
360470610021001,63
360470610021002,614
360470610021003,188
360470610021005,0
360470610021006,0
360470610022001,450
360470610022002,1120
360470610023001,309
360470610023002,977
360470610031000,218
360470610031001,378
360470610031002,105
360470610031003,76
360470610031004,194
360470610032000,0
360470610032001,343
360470610032002,79
360470610032003,326
360470610032004,297
360470610032005,402
360470610042001,874
360470610044001,715
360470610045002,628
360470610041000,930
360470610041001,89
360470610041002,434
360470610041003,0
360470610042000,273
360470610043000,691
360470610043001,467
360470610044000,597
360470610045000,414
360470610045001,557
360470612001002,121
360470612001005,119
360470612001009,278
360470612001000,0
360470612001001,0
360470612001003,62
360470612001004,95
360470612001006,92
360470612001007,115
360470612001008,106
360470612001010,34
360470612001011,41
360470616000001,0
360470616001001,388
360470616001004,130
360470616001008,120
360470616001011,112
360470616000002,0
360470616001000,0
360470616001002,181
360470616001003,0
360470616001005,246
360470616001006,0
360470616001007,155
360470616001009,110
360470616001010,98
360470616001012,159
360470616001013,155
360470620001000,91
360470620002008,196
360470620001001,87
360470620001002,88
360470620001003,91
360470620001004,182
360470620001005,182
360470620001006,201
360470620002000,0
360470620002001,0
360470620002002,109
360470620002003,65
360470620002004,77
360470620002005,92
360470620002006,121
360470620002007,185
360470622001002,0
360470622001006,476
360470622001009,388
360470622002001,152
360470622002004,0
360470622002003,0
360470622001000,0
360470622001001,0
360470622001003,0
360470622001004,0
360470622001005,0
360470622001007,474
360470622001008,420
360470622001010,82
360470622002000,266
360470622002002,798
360470622002005,153
360470622002006,116
360470622002007,0
360470626001000,88
360470626001003,379
360470626002002,521
360470626002005,0
360470626001001,160
360470626001002,336
360470626002000,250
360470626002001,494
360470626002003,0
360470626002004,924
360470628001003,33
360470628001006,49
360470628001023,44
360470628001024,39
360470628001027,59
360470628002002,119
360470628002005,49
360470628002008,75
360470628002011,51
360470628002015,45
360470628002018,58
360470628002021,22
360470628002024,11
360470628002028,22
360470628002031,11
360470628003014,2
360470628003017,66
360470628003021,41
360470628003024,21
360470628004002,49
360470628004005,44
360470628004009,55
360470628004012,39
360470628004015,64
360470628004018,67
360470628004022,34
360470628004025,130
360470628002010,39
360470628004004,49
360470628002001,78
360470628002003,96
360470628002004,55
360470628002006,93
360470628002007,51
360470628002009,52
360470628002012,55
360470628002013,94
360470628002014,42
360470628002016,53
360470628002017,35
360470628002019,28
360470628002020,0
360470628002022,0
360470628002023,0
360470628002025,0
360470628002026,0
360470628002027,28
360470628002029,13
360470628002030,42
360470628002032,0
360470628002033,0
360470628003000,49
360470628003001,54
360470628003002,43
360470628003003,49
360470628003004,50
360470628003005,55
360470628003006,58
360470628003007,29
360470628003008,38
360470628003009,48
360470628003010,11
360470628003011,24
360470628003012,0
360470628003013,14
360470628003015,15
360470628003016,54
360470628003018,71
360470628003019,31
360470628003020,47
360470628003022,42
360470628003023,12
360470628004000,15
360470628004001,64
360470628004003,41
360470628004006,63
360470628004007,0
360470628004008,59
360470628004010,39
360470628004011,47
360470628004013,51
360470628004014,42
360470628004016,59
360470628004017,68
360470628004019,55
360470628004020,70
360470628004021,40
360470628004023,75
360470628004024,57
360470628004026,0
360470628004027,53
360470628004028,57
360470628004029,59
360470628001000,39
360470628001001,50
360470628001002,50
360470628001004,49
360470628001005,40
360470628001007,37
360470628001008,44
360470628001009,37
360470628001010,41
360470628001011,0
360470628001012,80
360470628001013,42
360470628001014,88
360470628001015,37
360470628001016,48
360470628001017,67
360470628001018,56
360470628001019,66
360470628001020,45
360470628001021,49
360470628001022,40
360470628001025,42
360470628001026,0
360470628001028,57
360470628002000,108
360470632001000,408
360470632001001,264
360470632001002,135
360470632002000,220
360470632002001,222
360470632002002,227
360470636001000,243
360470636001001,235
360470636001002,213
360470636001003,198
360470636001004,195
360470636001005,233
360470638001000,117
360470638001003,274
360470638002003,201
360470638001001,55
360470638001002,229
360470638002000,237
360470638002001,285
360470638002002,219
360470640001002,246
360470640002001,42
360470640002004,176
360470640002003,205
360470640001000,240
360470640001001,273
360470640001003,175
360470640002000,85
360470640002002,178
360470642001003,348
360470642002000,419
360470642002003,239
360470642001000,458
360470642001001,489
360470642001002,111
360470642001004,100
360470642001005,0
360470642002001,416
360470642002002,285
360470644001002,277
360470644002000,61
360470644003002,187
360470644001000,530
360470644001001,476
360470644001003,59
360470644001004,42
360470644001005,0
360470644003000,298
360470644003001,344
360470644003003,98
360470644003004,50
360470644003005,280
360470646001000,321
360470646001001,265
360470646001002,212
360470646001003,179
360470646002000,306
360470646002001,528
360470646002002,142
360470646002003,273
360470648001002,319
360470648002000,203
360470648001000,94
360470648001001,108
360470648001003,337
360470648001004,335
360470648002001,203
360470648002002,178
360470648002003,216
360470650001000,53
360470650001003,193
360470650002002,97
360470650002005,281
360470650002004,113
360470650001001,58
360470650001002,151
360470650002000,151
360470650002001,194
360470650002003,83
360470650002006,65
360470650002007,0
360470652001001,170
360470652001004,186
360470652001007,144
360470652001000,72
360470652001002,167
360470652001003,68
360470652001005,134
360470652001006,107
360470652001008,149
360470654001001,210
360470654002001,183
360470654001000,163
360470654001002,241
360470654001003,195
360470654002000,218
360470654002002,239
360470654002003,232
360470656001000,247
360470656001001,210
360470656001002,211
360470656001003,220
360470656002000,245
360470656002001,216
360470656002002,224
360470656002003,222
360470658001000,175
360470658001001,234
360470658001002,253
360470658001003,216
360470658002000,243
360470658002001,246
360470658002002,233
360470658002003,244
360470660001001,241
360470660002000,242
360470660001000,167
360470660001002,218
360470660001003,233
360470660002001,259
360470660002002,203
360470660002003,199
360470662001000,98
360470662001003,166
360470662001006,0
360470662001009,180
360470662001008,16
360470662001001,202
360470662001002,193
360470662001004,208
360470662001005,74
360470662001007,106
360470662001010,254
360470662001011,0
360470666000002,0
360470666001002,0
360470666001005,0
360470666001008,0
360470666001012,0
360470666000001,0
360470666001000,0
360470666001001,1
360470666001003,0
360470666001004,0
360470666001006,0
360470666001007,0
360470666001009,0
360470666001010,0
360470666001011,0
360470666001013,0
360470670001001,256
360470670001000,157
360470670001002,112
360470670001003,0
360470670001004,137
360470670001005,154
360470670002000,159
360470670002001,96
360470670002002,149
360470670002003,77
360470670002004,0
360470670002005,439
360470670002006,312
360470670002007,455
360470670002008,239
360470670002009,0
360470670002010,65
360470670002011,69
360470672001000,204
360470672001003,240
360470672001007,0
360470672001001,292
360470672001002,279
360470672001004,0
360470672001005,273
360470672001006,147
360470672001008,0
360470674001001,230
360470674001004,0
360470674002001,221
360470674002000,188
360470674001000,257
360470674001002,314
360470674001003,223
360470674001005,51
360470674002002,225
360470674002003,228
360470674002004,55
360470676001000,225
360470676001003,245
360470676002002,90
360470676002005,131
360470676001001,148
360470676001002,274
360470676002000,40
360470676002001,0
360470676002003,131
360470676002004,228
360470676002006,84
360470676002007,26
360470678001001,447
360470678002000,412
360470678001000,441
360470678001002,391
360470678001003,354
360470678002001,268
360470678002002,286
360470678002003,275
360470680001000,270
360470680001001,276
360470680001002,141
360470680002002,286
360470680002003,196
360470680001003,175
360470680002000,260
360470680002001,283
360470682002004,248
360470682001000,271
360470682001001,222
360470682001002,237
360470682001003,195
360470682001004,295
360470682002000,263
360470682002001,287
360470682002002,204
360470682002003,267
360470686001003,178
360470686002001,252
360470686001000,100
360470686001001,0
360470686001002,286
360470686001004,200
360470686002000,112
360470686002002,292
360470686002003,329
360470688001000,66
360470688001003,221
360470688002002,276
360470688002005,0
360470688001001,246
360470688001002,198
360470688001004,138
360470688002000,105
360470688002001,188
360470688002003,225
360470688002004,43
360470690001002,272
360470690002001,265
360470690001000,166
360470690001001,267
360470690001003,131
360470690002000,277
360470690002002,273
360470690002003,62
360470690002004,167
360470692001000,251
360470692001003,241
360470692001001,51
360470692001002,420
360470692001004,237
360470692001005,409
360470692002000,385
360470692002001,262
360470692002002,256
360470696012006,364
360470696011000,0
360470696011001,107
360470696011002,240
360470696011003,354
360470696011004,438
360470696011005,382
360470696011006,25
360470696012000,0
360470696012001,74
360470696012002,348
360470696012003,355
360470696012004,493
360470696012005,526
360470696012007,226
360470696021002,24
360470696021005,218
360470696022001,181
360470696022005,265
360470696022008,225
360470696022011,268
360470696023000,0
360470696023003,431
360470696023006,0
360470696023009,162
360470696021000,95
360470696021001,273
360470696021003,74
360470696021004,124
360470696021006,215
360470696022000,321
360470696022002,186
360470696022003,215
360470696022004,229
360470696022006,157
360470696022007,196
360470696022009,89
360470696022010,0
360470696022012,0
360470696022013,35
360470696022014,23
360470696023001,0
360470696023002,332
360470696023004,884
360470696023005,341
360470696023007,145
360470696023008,193
360470696023010,243
360470696023011,131
360470698002008,25
360470698001000,161
360470698001001,29
360470698001002,0
360470698001003,125
360470698001004,130
360470698001005,222
360470698002000,109
360470698002001,186
360470698002002,33
360470698002003,13
360470698002004,160
360470698002005,49
360470698002006,0
360470698002007,175
360470700001003,161
360470700002001,67
360470700002004,0
360470700002007,186
360470700001000,116
360470700001001,129
360470700001002,150
360470700001004,120
360470700002000,163
360470700002002,50
360470700002003,4
360470700002005,0
360470700002006,101
360470700002008,403
360470702013006,74
360470702013010,88
360470702013013,19
360470702013016,8
360470702014003,158
360470702014006,181
360470702014009,202
360470702015000,363
360470702015004,19
360470702015007,257
360470702015010,23
360470702011002,94
360470702011005,68
360470702011008,0
360470702011011,80
360470702012003,64
360470702012006,138
360470702012009,47
360470702013002,40
360470702013003,75
360470702013004,139
360470702013005,110
360470702013007,44
360470702013008,38
360470702013009,39
360470702011000,0
360470702011001,126
360470702011003,102
360470702011004,76
360470702011006,78
360470702011007,54
360470702011009,56
360470702011010,39
360470702012000,56
360470702012001,84
360470702012002,73
360470702012004,70
360470702012005,121
360470702012007,132
360470702012008,47
360470702012010,32
360470702012011,32
360470702013000,113
360470702013001,42
360470702013011,114
360470702013012,0
360470702013014,61
360470702013015,34
360470702014000,118
360470702014001,97
360470702014002,96
360470702014004,167
360470702014005,202
360470702014007,101
360470702014008,244
360470702014010,220
360470702014011,152
360470702015001,270
360470702015002,115
360470702015003,216
360470702015005,92
360470702015006,358
360470702015008,361
360470702015009,0
360470702021002,0
360470702020001,0
360470702021000,21
360470702021001,0
360470702021003,0
360470702021004,0
360470702021005,0
360470702021006,0
360470702031009,0
360470702030001,0
360470702031000,0
360470702031001,0
360470702031002,0
360470702031003,0
360470702031004,0
360470702031005,0
360470702031006,0
360470702031007,0
360470702031008,0
360470702031010,0
360470706011001,120
360470706011005,102
360470706011008,138
360470706012002,143
360470706012005,124
360470706012009,155
360470706012012,169
360470706011000,145
360470706011002,97
360470706011003,94
360470706011004,125
360470706011006,13
360470706011007,73
360470706012000,133
360470706012001,114
360470706012003,95
360470706012004,161
360470706012006,106
360470706012007,128
360470706012008,157
360470706012010,205
360470706012011,0
360470706012013,0
360470706012014,106
360470706020001,0
360470706021001,4
360470706021004,0
360470706020002,0
360470706020003,0
360470706021000,0
360470706021002,0
360470706021003,0
360470720001002,229
360470720001000,0
360470720001001,192
360470720001003,112
360470720001004,73
360470720001005,39
360470720001006,539
360470720001007,525
360470720001008,496
360470722002000,313
360470722002003,181
360470722001000,0
360470722001001,0
360470722001002,249
360470722001003,418
360470722001004,333
360470722001005,341
360470722001006,0
360470722001007,338
360470722001008,0
360470722002001,361
360470722002002,156
360470722002004,203
360470722002005,0
360470724001001,378
360470724002001,267
360470724002004,51
360470724002007,0
360470724002006,116
360470724001000,263
360470724001002,398
360470724002000,308
360470724002002,0
360470724002003,0
360470724002005,130
360470726001003,0
360470726001006,0
360470726001009,159
360470726001012,39
360470726001016,140
360470726001000,622
360470726001001,0
360470726001002,28
360470726001004,66
360470726001005,0
360470726001007,0
360470726001008,236
360470726001010,41
360470726001011,174
360470726001013,245
360470726001014,269
360470726001015,115
360470726001017,254
360470726001018,194
360470728001000,0
360470728001001,75
360470728001002,235
360470728001003,444
360470728001004,431
360470728001005,541
360470728001006,452
360470728001007,389
360470728002000,183
360470728002001,340
360470728002002,296
360470728002003,259
360470730002001,110
360470730002004,273
360470730001000,0
360470730001001,70
360470730001002,158
360470730001003,110
360470730001004,145
360470730001005,241
360470730001006,324
360470730001007,268
360470730002000,22
360470730002002,186
360470730002003,263
360470730002005,0
360470732001002,192
360470732001005,65
360470732002001,0
360470732002004,92
360470732002003,164
360470732001000,184
360470732001001,0
360470732001003,166
360470732001004,445
360470732001006,110
360470732002000,159
360470732002002,313
360470732002005,283
360470734001002,269
360470734002001,305
360470734001000,236
360470734001001,295
360470734001003,0
360470734002000,245
360470734002002,340
360470734002003,128
360470736001000,227
360470736001003,332
360470736002003,57
360470736003002,189
360470736001001,450
360470736001002,404
360470736002000,394
360470736002001,388
360470736002002,108
360470736003000,175
360470736003001,457
360470736003003,29
360470736003004,263
360470738003003,199
360470738001000,355
360470738001001,475
360470738001002,330
360470738001003,115
360470738002000,71
360470738002001,111
360470738002002,121
360470738002003,143
360470738002004,247
360470738002005,124
360470738002006,190
360470738003000,167
360470738003001,232
360470738003002,233
360470738003004,177
360470740001001,385
360470740002000,286
360470740002003,629
360470740002004,437
360470740002005,82
360470740001000,268
360470740001002,389
360470740001003,327
360470740001004,351
360470740002001,292
360470740002002,0
360470742001000,32
360470742001003,339
360470742002001,720
360470742001002,395
360470742001001,314
360470742001004,461
360470742001005,292
360470742002000,149
360470742002002,321
360470744001001,313
360470744002000,255
360470744002003,265
360470744001000,309
360470744001002,360
360470744001003,347
360470744002001,276
360470744002002,259
360470744002004,97
360470746001002,250
360470746001005,113
360470746001000,0
360470746001001,187
360470746001003,275
360470746001004,366
360470746001006,15
360470746002000,0
360470746002001,191
360470746002002,80
360470746002003,191
360470746002004,183
360470746002005,114
360470746002006,102
360470746002007,33
360470746002008,0
360470748002000,680
360470748001000,75
360470748001001,162
360470748001002,193
360470748001003,211
360470748001004,202
360470748001005,153
360470748002001,260
360470750001001,431
360470750002000,731
360470750001000,360
360470750001002,334
360470750001003,365
360470750002001,249
360470750002002,241
360470750002003,217
360470752001000,162
360470752001003,130
360470752001006,110
360470752001002,120
360470752001001,139
360470752001004,131
360470752001005,111
360470752001007,139
360470754001001,97
360470754002001,193
360470754001000,207
360470754001002,198
360470754001003,215
360470754002000,167
360470754002002,173
360470754002003,152
360470756001000,122
360470756001003,175
360470756002000,192
360470756001001,197
360470756001002,235
360470756001004,153
360470756001005,135
360470756002001,159
360470756002002,210
360470756002003,356
360470758001000,69
360470758001001,123
360470758001002,129
360470758001003,17
360470758001004,91
360470758001005,143
360470758001006,97
360470758001007,122
360470758001008,82
360470758002000,98
360470758002001,758
360470758002002,66
360470758002003,210
360470760001002,153
360470760002001,456
360470760001000,179
360470760001001,140
360470760001003,167
360470760002000,147
360470760002002,414
360470760003000,913
360470760003001,263
360470762001000,173
360470762002000,183
360470762003000,742
360470762001001,140
360470762001002,773
360470762002001,152
360470762002002,1206
360470762003001,1022
360470764001001,118
360470764003001,80
360470764001000,1275
360470764002000,1002
360470764002001,101
360470764003000,567
360470764003002,98
360470764003003,542
360470766001000,157
360470766001003,181
360470766001001,868
360470766001002,784
360470768001002,257
360470768001006,20
360470768001009,0
360470768001000,302
360470768001001,37
360470768001003,11
360470768001004,88
360470768001005,305
360470768001007,29
360470768001008,0
360470768001010,0
360470768002000,304
360470768002001,376
360470768002002,141
360470768002003,153
360470768002004,67
360470768002005,150
360470768002006,0
360470768002007,59
360470768003000,114
360470768003001,69
360470768003002,75
360470768003003,351
360470768003004,624
360470768003005,131
360470768003006,386
360470770001000,389
360470770002000,525
360470770002004,103
360470770001001,440
360470770001002,478
360470770002001,165
360470770002002,142
360470770002003,88
360470770002005,104
360470770002006,342
360470772001000,396
360470772001003,181
360470772002000,535
360470772002004,110
360470772002007,31
360470772002010,365
360470772001005,164
360470772001001,282
360470772001002,162
360470772001004,297
360470772002001,0
360470772002002,0
360470772002003,0
360470772002005,127
360470772002006,117
360470772002008,101
360470772002009,131
360470772002011,71
360470774001001,500
360470774002000,5
360470774002003,137
360470774001000,320
360470774001002,192
360470774001003,21
360470774001004,13
360470774002001,296
360470774002002,367
360470774002004,493
360470774002005,345
360470774002006,340
360470776001000,89
360470776001001,100
360470776001002,740
360470776001003,288
360470776001004,18
360470776002000,135
360470776002001,198
360470776002002,1178
360470776003000,233
360470776003001,179
360470776003002,240
360470776003003,198
360470776003004,188
360470780001002,228
360470780002001,252
360470780001003,250
360470780001000,294
360470780001001,258
360470780002000,263
360470780002002,337
360470780002003,315
360470782001000,17
360470782001004,584
360470782001001,285
360470782001002,327
360470782001003,279
360470782002000,2495
360470782002001,94
360470784001000,275
360470784001003,312
360470784002002,480
360470784001001,284
360470784001002,258
360470784002000,289
360470784002001,267
360470784002003,276
360470786011002,211
360470786012002,73
360470786011000,632
360470786011001,341
360470786012000,893
360470786012001,224
360470786022001,398
360470786021000,603
360470786022000,574
360470786022002,498
360470788012001,385
360470788011000,670
360470788011001,416
360470788012000,406
360470788012002,163
360470788021002,97
360470788021000,1149
360470788021001,82
360470790011002,305
360470790011000,556
360470790011001,220
360470790011003,244
360470790011004,22
360470790021000,597
360470790022001,639
360470790023002,305
360470790021001,354
360470790021002,314
360470790022000,374
360470790023000,439
360470790023001,443
360470790023003,304
360470792011001,173
360470792011005,258
360470792011000,45
360470792011002,216
360470792011003,256
360470792011004,166
360470792011006,291
360470792011007,338
360470792021000,139
360470792021003,134
360470792022000,257
360470792021001,1302
360470792021002,261
360470792021004,119
360470792021005,141
360470792022001,485
360470792022002,333
360470794001001,67
360470794001000,156
360470794001002,0
360470794001003,13
360470794001004,221
360470794001005,81
360470794001006,134
360470794001007,147
360470794001008,126
360470794002000,91
360470794002001,766
360470794002002,330
360470794002003,264
360470794002004,274
360470794003000,34
360470794003001,38
360470796011001,476
360470796011000,617
360470796011002,904
360470796012000,1260
360470796012001,868
360470796021000,1345
360470796022001,1044
360470796021001,886
360470796022000,896
360470796022002,318
360470798011001,392
360470798011000,1306
360470798012000,409
360470798012001,435
360470798012002,415
360470798021000,1909
360470798023000,944
360470798022000,673
360470798022001,1333
360470798023001,384
360470798023002,404
360470800001000,603
360470800002001,284
360470800003002,307
360470800001001,514
360470800002000,602
360470800002002,216
360470800003000,636
360470800003001,400
360470802001002,1025
360470802002002,240
360470802003001,793
360470802001000,479
360470802001001,282
360470802002000,586
360470802002001,235
360470802002003,242
360470802003000,639
360470804001000,559
360470804001001,194
360470804001002,539
360470804002000,577
360470804002001,476
360470804003000,345
360470804003001,467
360470804003002,69
360470804003003,101
360470806001005,94
360470806002000,198
360470806001000,604
360470806001001,686
360470806001002,105
360470806001003,332
360470806001004,94
360470806001006,88
360470806001007,40
360470806002001,468
360470806002002,399
360470806002003,673
360470808001000,218
360470808001001,888
360470808001002,834
360470810001000,628
360470810001003,150
360470810002001,156
360470810002000,85
360470810001001,342
360470810001002,272
360470810001004,107
360470810002002,520
360470810002003,647
360470814001001,243
360470814001004,360
360470814002001,212
360470814002004,379
360470814001000,182
360470814001002,313
360470814001003,251
360470814001005,188
360470814002000,0
360470814002002,293
360470814002003,371
360470814002005,329
360470816001002,168
360470816001005,178
360470816001000,129
360470816001001,0
360470816001003,276
360470816001004,262
360470816002000,341
360470816002001,277
360470816002002,414
360470816002003,535
360470818001000,807
360470818001001,1841
360470818002000,295
360470818002001,491
360470818002002,65
360470818002003,148
360470818002004,169
360470818003000,832
360470818003001,182
360470820001001,1456
360470820003001,401
360470820002000,1998
360470820001000,448
360470820003000,1192
360470822003000,2295
360470822001000,1218
360470822002000,1837
360470822004000,773
360470822004001,1078
360470824001000,365
360470824001004,285
360470824003000,365
360470824003003,374
360470824004001,342
360470824001001,167
360470824001002,429
360470824001003,269
360470824002000,482
360470824002001,674
360470824003001,208
360470824003002,228
360470824003004,198
360470824004000,465
360470824004002,112
360470826003005,505
360470826004002,369
360470826001000,597
360470826001001,311
360470826001002,401
360470826002000,146
360470826002001,138
360470826002002,154
360470826002003,252
360470826002004,171
360470826002005,164
360470826002006,64
360470826003000,132
360470826003001,79
360470826003002,109
360470826003003,332
360470826003004,397
360470826004000,408
360470826004001,436
360470828002000,161
360470828002003,227
360470828002006,119
360470828003002,420
360470828003001,647
360470828001000,711
360470828001001,165
360470828001002,189
360470828002001,278
360470828002002,231
360470828002004,327
360470828002005,139
360470828003000,592
360470830001003,12
360470830002000,373
360470830002003,190
360470830003001,381
360470830001000,129
360470830001001,298
360470830001002,472
360470830001004,146
360470830001005,153
360470830002001,430
360470830002002,209
360470830002004,158
360470830003000,1537
360470830004000,1679
360470832001002,331
360470832002001,311
360470832001000,333
360470832001001,295
360470832001003,367
360470832002000,540
360470832002002,185
360470834001000,196
360470834001001,358
360470834001002,290
360470834002000,288
360470834002001,322
360470834002002,279
360470836002005,0
360470836001000,365
360470836001001,483
360470836001002,16
360470836001003,29
360470836002000,553
360470836002001,482
360470836002002,232
360470836002003,0
360470836002004,0
360470838001002,263
360470838002002,297
360470838001000,389
360470838001001,300
360470838001003,242
360470838002000,314
360470838002001,171
360470838002003,250
360470840001001,141
360470840002000,178
360470840002003,265
360470840002002,494
360470840001000,103
360470840001002,350
360470840001003,527
360470840002001,266
360470846001003,183
360470846002002,284
360470846001000,296
360470846001001,330
360470846001002,273
360470846002000,109
360470846002001,342
360470846002003,169
360470848001001,285
360470848002000,232
360470848001000,236
360470848001002,220
360470848001003,172
360470848002001,225
360470848002002,249
360470848002003,109
360470850001000,118
360470850001003,134
360470850001001,102
360470850001002,230
360470850001004,165
360470850001005,108
360470850001006,108
360470850001007,91
360470850001008,121
360470850001009,106
360470850001010,121
360470850001011,105
360470852001000,32
360470854002008,150
360470854002003,134
360470854002006,124
360470854001000,251
360470854001001,38
360470854001002,77
360470854001003,150
360470854001004,158
360470854001005,192
360470854002000,102
360470854002001,66
360470854002002,106
360470854002004,106
360470854002005,137
360470854002007,171
360470856001002,463
360470856002002,686
360470856003002,528
360470856003001,206
360470856001000,299
360470856001001,279
360470856002000,0
360470856002001,423
360470856003000,463
360470856003003,221
360470858001002,203
360470858001005,163
360470858002002,323
360470858001000,240
360470858001001,351
360470858001003,64
360470858001004,137
360470858002000,293
360470858002001,222
360470858002003,478
360470860001001,280
360470860002001,327
360470860003000,537
360470860001000,226
360470860001002,345
360470860001003,341
360470860002000,407
360470860002002,202
360470860002003,354
360470860003001,367
360470860003002,147
360470860003003,276
360470862001000,493
360470862001001,354
360470862002000,510
360470862002001,334
360470862002002,418
360470862003000,564
360470862003001,281
360470862003002,473
360470864001005,356
360470864002000,85
360470864002004,318
360470864001000,182
360470864001001,57
360470864001002,328
360470864001003,0
360470864001004,215
360470864001006,57
360470864001007,0
360470864002001,46
360470864002002,45
360470864002003,256
360470864002005,286
360470864002006,268
360470866001000,442
360470866001003,251
360470866001006,70
360470866002002,277
360470866003002,330
360470866001005,122
360470866001001,25
360470866001002,142
360470866001004,182
360470866001007,0
360470866002000,342
360470866002001,396
360470866003000,378
360470866003001,428
360470868001002,268
360470868002001,201
360470868003001,364
360470868001000,311
360470868001001,312
360470868001003,124
360470868002000,304
360470868002002,264
360470868002003,168
360470868003000,348
360470868003002,275
360470868003003,474
360470870001000,179
360470870001001,220
360470870001002,661
360470870002000,355
360470870002001,274
360470870002002,507
360470870002003,212
360470870003000,168
360470870003001,403
360470870003002,304
360470870003003,287
360470872003002,353
360470872003001,558
360470872001000,160
360470872001001,226
360470872001002,265
360470872002000,458
360470872002001,314
360470872002002,273
360470872003000,266
360470872003003,255
360470874011001,564
360470874012000,1000
360470874011000,437
360470874011002,364
360470874011003,262
360470874012001,556
360470874012002,557
360470876001000,988
360470876002001,341
360470876001001,203
360470876001002,0
360470876002000,310
360470876002002,256
360470878001001,353
360470878003000,562
360470878001000,630
360470878002000,128
360470878002001,103
360470878003001,643
360470878003002,311
360470880011000,273
360470880011004,230
360470880011001,0
360470880011002,538
360470880011003,520
360470880012000,566
360470880021001,0
360470880021004,155
360470880021000,407
360470880021002,155
360470880021003,252
360470880021005,405
360470882001000,1504
360470882001001,645
360470882002000,737
360470882002001,801
360470882003000,654
360470882003001,626
360470882004000,796
360470882004001,551
360470882004002,490
360470884001000,1030
360470884001001,725
360470884002000,560
360470884002001,558
360470884002002,591
360470884003000,717
360470884003001,725
360470884003002,607
360470886001002,294
360470886002002,266
360470886003001,0
360470886003005,335
360470886001000,233
360470886003000,660
360470886001001,708
360470886002000,369
360470886002001,837
360470886002003,0
360470886003002,174
360470886003003,148
360470886003004,217
360470886003006,43
360470886003007,263
360470888001000,622
360470888001003,50
360470888002001,0
360470888002005,311
360470888003001,154
360470888001001,640
360470888001002,8
360470888001004,0
360470888002000,0
360470888002002,356
360470888002003,221
360470888002004,50
360470888002006,359
360470888003000,546
360470888003002,0
360470888003003,0
360470888003004,0
360470888003005,0
360470888003006,0
360470888003007,0
360470888003008,0
360470888003009,281
360470888003010,0
360470888003011,117
360470888003012,286
360470888003013,0
360470890002001,790
360470890004001,673
360470890006000,54
360470890006003,0
360470890001000,868
360470890001001,0
360470890001002,448
360470890002000,630
360470890003000,683
360470890004000,1028
360470890005000,289
360470890005001,368
360470890005002,0
360470890006001,351
360470890006002,501
360470890006004,0
360470892001001,432
360470892003000,252
360470892004000,314
360470892004003,0
360470892002001,778
360470892001000,207
360470892002000,303
360470892003001,876
360470892003002,0
360470892003003,0
360470892004001,0
360470892004002,270
360470892004004,0
360470892004005,241
360470894001000,236
360470894002000,205
360470894002004,323
360470894004000,463
360470894001001,224
360470894001002,365
360470894002001,243
360470894002002,115
360470894002003,168
360470894003000,444
360470894003001,530
360470894004001,381
360470894004002,137
360470896001000,343
360470896001001,402
360470896001002,131
360470896002000,387
360470896002001,549
360470896002002,554
360470896002003,349
360470896003000,530
360470896003001,489
360470896003002,130
360470896003003,0
360470896003004,217
360470898001002,300
360470898002001,312
360470898001000,244
360470898001001,175
360470898001003,248
360470898002000,0
360470898002002,412
360470898002003,329
360470898002004,309
360470900001000,27
360470900002000,0
360470900003000,0
360470900004000,686
360470900006000,574
360470900007001,45
360470900003002,253
360470900001001,307
360470900001002,290
360470900002001,445
360470900002002,113
360470900003001,583
360470900004001,315
360470900005000,575
360470900005001,476
360470900006001,298
360470900007000,447
360470902001002,501
360470902003000,597
360470902005000,173
360470902001000,128
360470902001001,418
360470902001003,37
360470902002000,641
360470902004000,299
360470902004001,283
360470902004002,267
360470902005001,238
360470902005002,235
360470906001000,136
360470906001001,816
360470906002000,259
360470906002001,21
360470906002002,196
360470906002003,53
360470906002004,1539
360470906003000,1514
360470908001011,130
360470908001013,367
360470908002000,0
360470908002001,0
360470908002002,1116
360470908003000,4
360470908003001,394
360470908003002,0
360470908003003,68
360470908003004,337
360470908001005,7
360470908001006,86
360470908001007,196
360470908001008,0
360470908001009,257
360470908001010,598
360470908001012,0
360470908001000,1871
360470908001001,418
360470908001002,17
360470908001003,0
360470908001004,27
360470910001001,732
360470910004000,35
360470910004004,9
360470910001000,1000
360470910002000,1421
360470910003000,1570
360470910004001,284
360470910004002,220
360470910004003,0
360470910004005,543
360470912002000,1103
360470912001000,1649
360470912002001,950
360470912003000,2870
360470916002000,141
360470916003000,291
360470916003003,338
360470916004002,548
360470916001000,394
360470916001002,386
360470916001001,416
360470916002001,257
360470916002002,391
360470916002003,364
360470916003001,186
360470916003002,333
360470916004000,403
360470916004001,471
360470916004003,390
360470918001001,1312
360470918001005,0
360470918002002,166
360470918001000,22
360470918001002,20
360470918001003,308
360470918001004,101
360470918002000,147
360470918002001,76
360470918002003,140
360470918002004,17
360470918002005,163
360470918002006,150
360470918002007,81
360470920003005,94
360470920003008,55
360470920004000,0
360470920001000,304
360470920001001,450
360470920002000,132
360470920002001,298
360470920002002,1224
360470920002003,25
360470920003000,0
360470920003001,176
360470920003002,203
360470920003003,151
360470920003004,166
360470920003006,80
360470920003007,71
360470920003009,28
360470920003010,10
360470920003011,24
360470920004001,0
360470920004002,0
360470922001000,0
360470922001003,305
360470922001006,0
360470922002003,0
360470922002006,132
360470922001005,0
360470922001001,195
360470922001002,328
360470922001004,154
360470922002000,766
360470922002001,778
360470922002002,0
360470922002004,0
360470922002005,373
360470924001002,485
360470924001005,500
360470924002003,3
360470924002006,398
360470924001000,152
360470924001001,59
360470924001003,478
360470924001004,98
360470924002000,167
360470924002001,0
360470924002002,140
360470924002004,214
360470924002005,152
360470924003000,484
360470924003001,298
360470928001000,0
360470928001001,362
360470928001002,538
360470928001003,465
360470928002000,0
360470928002001,325
360470928002002,210
360470928002003,346
360470928002004,316
360470928002005,218
360470928003000,0
360470928003001,81
360470930001002,327
360470930002001,248
360470930002005,235
360470930001000,125
360470930001001,282
360470930001003,277
360470930002000,249
360470930002002,52
360470930002003,258
360470930002004,333
360470930002006,181
360470932001001,0
360470932001004,164
360470932001007,275
360470932001011,0
360470932001014,0
360470932001005,415
360470932001000,0
360470932001002,0
360470932001003,0
360470932001006,333
360470932001008,59
360470932001009,31
360470932001010,0
360470932001012,0
360470932001013,0
360470934001002,241
360470934002000,288
360470934002004,85
360470934002007,127
360470934001000,260
360470934001001,327
360470934001003,323
360470934001004,85
360470934002001,252
360470934002002,154
360470934002003,109
360470934002005,93
360470934002006,122
360470936001001,207
360470936002001,153
360470936002004,278
360470936001000,107
360470936001002,405
360470936001003,252
360470936002000,178
360470936002002,46
360470936002003,0
360470936002005,140
360470936002006,88
360470938001000,46
360470938001001,308
360470938001002,716
360470938001003,456
360470938002000,250
360470938002001,100
360470938002002,60
360470938002003,324
360470938002004,402
360470944012005,124
360470944013000,14
360470944013003,470
360470944012003,280
360470944011000,637
360470944011001,133
360470944012000,49
360470944012001,38
360470944012002,287
360470944012004,190
360470944012006,0
360470944012007,0
360470944013001,8
360470944013002,500
360470944014000,223
360470944014001,494
360470944021000,2810
360470946001000,250
360470946001003,160
360470946002000,265
360470946003000,7
360470946003004,152
360470946001001,44
360470946001002,79
360470946001004,209
360470946001005,0
360470946002001,272
360470946002002,146
360470946003001,22
360470946003002,24
360470946003003,313
360470946003005,65
360470946003006,71
360470950001000,384
360470950001003,405
360470950001006,246
360470950001001,350
360470950001002,135
360470950001004,52
360470950001005,10
360470950002000,0
360470950002001,402
360470950002002,208
360470950002003,344
360470950002004,634
360470954001000,315
360470954001001,279
360470954001002,427
360470954001003,418
360470954002000,476
360470954002001,471
360470954002002,583
360470954002003,635
360470954003000,360
360470954003001,387
360470954003002,383
360470954003003,422
360470956001000,33
360470956001003,435
360470956002001,296
360470956002004,422
360470956001001,375
360470956001002,394
360470956001004,465
360470956001005,275
360470956002000,328
360470956002002,494
360470956002003,416
360470956002005,458
360470958001001,335
360470958001004,171
360470958002003,438
360470958002006,282
360470958001003,303
360470958001000,228
360470958001002,428
360470958002000,334
360470958002001,111
360470958002002,112
360470958002004,419
360470958002005,279
360470958002007,89
360470958002008,241
360470960001000,1
360470960001003,2
360470960001007,0
360470960001010,0
360470960001001,0
360470960001002,0
360470960001004,0
360470960001005,0
360470960001006,0
360470960001008,0
360470960001009,0
360470960001011,0
360470960001012,0
360470960001013,0
360470960001014,0
360470960001015,0
360470960001016,0
360470960001017,0
360470960001018,0
360470960001019,3
360470960001020,0
360470960001021,0
360470960001022,0
360470962001005,313
360470962001008,55
360470962001011,114
360470962001000,25
360470962001001,20
360470962001002,383
360470962001003,100
360470962001004,32
360470962001006,340
360470962001007,194
360470962001009,0
360470962001010,0
360470962001012,125
360470964001002,138
360470964001005,122
360470964001008,57
360470964002002,111
360470964002006,308
360470964001000,475
360470964001001,155
360470964001003,80
360470964001004,53
360470964001006,221
360470964001007,82
360470964002000,187
360470964002001,123
360470964002003,95
360470964002004,202
360470964002005,212
360470966001003,324
360470966002002,220
360470966002005,106
360470966002008,53
360470966001000,229
360470966001001,344
360470966001002,370
360470966002000,110
360470966002001,143
360470966002003,158
360470966002004,192
360470966002006,59
360470966002007,45
360470968001003,115
360470968001006,90
360470968001000,121
360470968001001,59
360470968001002,279
360470968001004,66
360470968001005,50
360470968002000,200
360470968002001,256
360470968002002,121
360470968002003,72
360470968002004,76
360470968002005,50
360470970002004,226
360470970001000,0
360470970001001,75
360470970001002,232
360470970001003,0
360470970001004,369
360470970001005,439
360470970002000,239
360470970002001,259
360470970002002,187
360470970002003,331
360470974001002,421
360470974001006,70
360470974002002,0
360470974002005,79
360470974002008,21
360470974002007,55
360470974001000,531
360470974001001,395
360470974001003,75
360470974001004,103
360470974001005,50
360470974002000,362
360470974002001,354
360470974002003,192
360470974002004,84
360470974002006,119
360470982002000,0
360470982002003,327
360470982001000,1033
360470982001001,548
360470982001002,631
360470982002001,667
360470982002002,730
360470982002004,0
360470982002005,140
360470984001000,109
360470984001003,433
360470984001001,489
360470984001002,330
360470984001004,376
360470984001005,337
360470986001001,432
360470986002000,359
360470986001000,357
360470986001002,346
360470986001003,450
360470986002001,105
360470986002002,403
360470986002003,362
360470988001000,410
360470988001001,381
360470988001002,162
360470988001003,300
360470988001004,311
360470988001005,127
360470988002000,0
360470988002001,374
360470988002002,354
360470988002003,664
360470990001003,169
360470990001006,356
360470990001000,0
360470990001001,142
360470990001002,132
360470990001004,138
360470990001005,180
360470990001007,305
360470990001008,230
360470992001001,24
360470992001004,84
360470992001007,307
360470992001009,94
360470992001000,346
360470992001002,158
360470992001003,301
360470992001005,298
360470992001006,300
360470992001008,144
360470994001000,84
360470994001004,142
360470994001007,370
360470994001010,154
360470994001013,91
360470994001001,63
360470994001002,106
360470994001003,47
360470994001005,124
360470994001006,357
360470994001008,319
360470994001009,72
360470994001011,53
360470994001012,77
360470994001014,57
360470996001002,87
360470996002000,429
360470996001000,413
360470996001001,444
360470996001003,397
360470996001004,537
360470996002001,486
360470996002002,393
360470996002003,450
360470996002004,416
360470998002004,162
360470998002008,0
360470998001000,365
360470998001001,392
360470998001002,0
360470998001003,354
360470998001004,318
360470998001005,219
360470998001006,0
360470998001007,203
360470998001008,306
360470998002000,299
360470998002001,233
360470998002002,245
360470998002003,224
360470998002005,23
360470998002006,323
360470998002007,299
360470998002009,269
360471004001005,455
360471004001001,446
360471004001004,349
360471004001000,481
360471004001002,415
360471004001003,328
360471004001006,427
360471006001002,335
360471006002001,353
360471006001000,290
360471006001001,168
360471006001003,401
360471006002000,315
360471006002002,432
360471006002003,368
360471008001000,281
360471008002000,48
360471008002003,372
360471008001001,183
360471008001002,341
360471008001003,319
360471008002001,182
360471008002002,112
360471008002004,351
360471010001000,267
360471010001001,329
360471010001002,299
360471010001003,348
360471010002000,323
360471010002001,293
360471010002002,312
360471010002003,132
360471010002004,127
360471010002005,175
360471012002003,350
360471012002001,146
360471012001000,308
360471012001001,368
360471012001002,233
360471012001003,275
360471012002000,166
360471012002002,269
360471014001002,397
360471014002001,167
360471014001000,408
360471014001001,364
360471014001003,337
360471014002000,165
360471014002002,229
360471014002003,201
360471016001000,277
360471016001004,174
360471016001001,441
360471016001002,284
360471016001003,232
360471016001005,143
360471018001001,162
360471018001004,118
360471018001000,1101
360471018001002,145
360471018001003,134
360471018001005,167
360471018001006,203
360471020001000,168
360471020001004,526
360471020001007,274
360471020001001,153
360471020001002,194
360471020001003,171
360471020001005,440
360471020001006,260
360471022001002,385
360471022001000,228
360471022001001,358
360471022001003,131
360471022001004,161
360471022001005,245
360471022001006,380
360471022001007,425
360471024001000,184
360471024001001,409
360471024001002,362
360471024001003,239
360471024001004,409
360471024001005,58
360471024001006,395
360471024001007,201
360471026001006,340
360471026001004,485
360471026001005,446
360471026001000,297
360471026001001,412
360471026001002,487
360471026001003,506
360471028011003,82
360471028011006,24
360471028011009,115
360471028011012,163
360471028011000,95
360471028011001,0
360471028011002,19
360471028011004,253
360471028011005,217
360471028011007,67
360471028011008,154
360471028011010,291
360471028011011,274
360471028021000,5
360471028021003,0
360471028020001,0
360471028020002,0
360471028020003,0
360471028021001,0
360471028021002,0
360471034011000,2396
360471034012000,1584
360471034020001,0
360471034021000,0
360471034021001,0
360471034021002,0
360471058011000,1704
360471058012001,0
360471058013000,2126
360471058011001,0
360471058012000,3183
360471058012002,0
360471058012003,0
360471058013001,0
360471058013002,0
360471058013003,0
360471058041000,701
360471058041001,0
360471058041002,0
360471058041003,0
360471058042000,757
360471058043000,2550
360471058043001,17
360471058044000,2355
360471058044001,102
360471058044002,0
360471058044003,0
360471058044004,0
360471058044005,0
360471070011000,0
360471070011003,133
360471070011006,270
360471070011010,21
360471070011013,0
360471070011001,0
360471070011002,118
360471070011004,927
360471070011005,383
360471070011007,213
360471070011008,28
360471070011009,36
360471070011011,958
360471070011012,456
360471070011014,0
360471070011015,0
360471070021000,0
360471070020001,0
360471070031000,0
360471070031001,0
360471078001003,0
360471078001008,38
360471078003000,296
360471078003001,247
360471078003002,176
360471078001000,0
360471078001001,0
360471078001002,0
360471078001004,0
360471078001005,0
360471078001006,0
360471078001007,0
360471078001009,241
360471078001010,255
360471078001011,0
360471078001012,250
360471078001013,245
360471078002000,0
360471078002001,0
360471078002002,0
360471078002003,0
360471078002004,0
360471078002005,0
360471078002006,0
360471078002007,14
360471078002008,9
360471078002009,295
360471078002010,791
360471078003003,244
360471078004000,1011
360471098001005,0
360471098002001,0
360471098004000,0
360471098004001,0
360471098005001,0
360471098005011,0
360471098002000,219
360471098001000,0
360471098001001,0
360471098001002,0
360471098001003,0
360471098001004,0
360471098001006,0
360471098003001,20
360471098002002,0
360471098002003,23
360471098002004,0
360471098002005,0
360471098002006,0
360471098002007,373
360471098002008,168
360471098002009,0
360471098002010,26
360471098003000,0
360471098004002,0
360471098004003,0
360471098005000,0
360471098005002,0
360471098005003,0
360471098005004,455
360471098005005,232
360471098005006,379
360471098005007,304
360471098005008,0
360471098005009,0
360471098005010,0
360471098005012,0
360471098005013,91
360471104003002,352
360471104003003,319
360471104003005,0
360471104003006,0
360471104004002,249
360471104004009,0
360471104004010,0
360471104004012,23
360471104001002,60
360471104001003,0
360471104001004,0
360471104001005,0
360471104001012,70
360471104001016,0
360471104001017,0
360471104001019,16
360471104001021,0
360471104001025,0
360471104002005,0
360471104001006,0
360471104001007,0
360471104001008,0
360471104001009,62
360471104001010,0
360471104001011,168
360471104001013,3
360471104001014,0
360471104001015,0
360471104001018,26
360471104001020,146
360471104001022,33
360471104001023,137
360471104001024,8
360471104001026,0
360471104001027,0
360471104001028,0
360471104002000,0
360471104002001,243
360471104002002,270
360471104002004,0
360471104002006,0
360471104002008,19
360471104002009,20
360471104002010,0
360471104002011,0
360471104002012,0
360471104001000,253
360471104001001,157
360471104002013,27
360471104002014,387
360471104002003,200
360471104002015,371
360471104003001,250
360471104003004,0
360471104003007,0
360471104003008,26
360471104004000,0
360471104004001,216
360471104004003,203
360471104004004,244
360471104004005,361
360471104004006,0
360471104004007,0
360471104004008,0
360471104004011,26
360471104002007,31
360471104003000,92
360471106001000,593
360471106001001,1909
360471106002000,749
360471106002001,1307
360471110001000,0
360471110001001,0
360471110001002,1678
360471110002000,1359
360471116002029,84
360471116001006,227
360471116001007,234
360471116001008,0
360471116001009,260
360471116001010,251
360471116001014,0
360471116002000,0
360471116002001,0
360471116002002,71
360471116002005,33
360471116002006,0
360471116002010,0
360471116002014,0
360471116002015,319
360471116002016,78
360471116002017,88
360471116002018,43
360471116002024,0
360471116001000,247
360471116001001,378
360471116001002,190
360471116001003,209
360471116001004,0
360471116001005,190
360471116001011,0
360471116001012,0
360471116001013,0
360471116002003,45
360471116002004,55
360471116002007,0
360471116002008,0
360471116002011,0
360471116002013,0
360471116002019,353
360471116002020,70
360471116002021,0
360471116002023,0
360471116002009,0
360471116002012,0
360471116002022,3
360471116002026,0
360471116002027,0
360471116002028,6
360471116002025,0
360471118001001,276
360471118001003,410
360471118002001,0
360471118001005,0
360471118001006,0
360471118001007,352
360471118002000,0
360471118002002,498
360471118002003,400
360471118002004,515
360471118002005,429
360471118001000,0
360471118001002,234
360471118001004,393
360471120001000,67
360471120001005,236
360471120001006,184
360471120002000,456
360471120002001,531
360471120002004,416
360471120001001,102
360471120001002,118
360471120001003,125
360471120001004,330
360471120002002,255
360471120002003,276
360471120002006,130
360471120002005,254
360471122002002,573
360471122001000,493
360471122001001,447
360471122001002,152
360471122001003,381
360471122001004,462
360471122001005,226
360471122001006,209
360471122002000,548
360471122002001,23
360471124001004,52
360471124002001,186
360471124002002,337
360471124002003,376
360471124001000,405
360471124001001,295
360471124001002,338
360471124001003,288
360471124001005,4
360471124002000,149
360471124002004,209
360471124002005,0
360471124003000,389
360471124003001,294
360471124003002,505
360471124003003,461
360471126003003,441
360471126001001,429
360471126001002,409
360471126001003,455
360471126002000,377
360471126002001,583
360471126002002,0
360471126001000,236
360471126002003,412
360471126003000,369
360471126003001,309
360471126003002,348
360471128001000,126
360471128001002,432
360471128002003,430
360471128003000,372
360471128003003,426
360471128001001,208
360471128001003,480
360471128002000,229
360471128002001,326
360471128002002,580
360471128003001,266
360471128003002,586
360471130003001,357
360471130004001,0
360471130001000,337
360471130001001,169
360471130001002,144
360471130002000,374
360471130002002,519
360471130003000,377
360471130003002,612
360471130004000,517
360471130004002,72
360471130004003,411
360471130002001,325
360471130004004,246
360471130004005,0
360471132001001,225
360471132001005,318
360471132002002,33
360471132002003,350
360471132002005,99
360471132001000,115
360471132001002,178
360471132001003,123
360471132001004,223
360471132001006,0
360471132001007,0
360471132001008,0
360471132002000,300
360471132002001,124
360471132002004,334
360471132003000,0
360471132003001,5
360471134002001,554
360471134003001,328
360471134001000,36
360471134001001,189
360471134001002,53
360471134001003,0
360471134001004,270
360471134001005,100
360471134001006,106
360471134002000,429
360471134003000,121
360471134003002,472
360471142012012,16
360471142011005,174
360471142011006,240
360471142012002,0
360471142012009,0
360471142012010,0
360471142011000,0
360471142011001,0
360471142011002,0
360471142011003,245
360471142011004,366
360471142012000,150
360471142012001,0
360471142012003,0
360471142012004,0
360471142012005,0
360471142012006,0
360471142012007,186
360471142012008,350
360471142012013,18
360471142012015,0
360471142012011,135
360471142012014,0
360471142021000,25
360471142021001,312
360471142021002,41
360471142021003,57
360471142021004,999
360471142022000,306
360471142022001,377
360471142022002,553
360471144001009,0
360471144001013,19
360471144002000,195
360471144002001,95
360471144002004,0
360471144003005,15
360471144004000,17
360471144004003,416
360471144004004,0
360471144001002,0
360471144002002,169
360471144002003,247
360471144004005,0
360471144001000,9
360471144001001,42
360471144001003,0
360471144001004,12
360471144001005,125
360471144001006,23
360471144001007,0
360471144001008,117
360471144001010,20
360471144001011,0
360471144001012,7
360471144001014,0
360471144001015,19
360471144001016,0
360471144001017,0
360471144001018,18
360471144001019,0
360471144001020,0
360471144002005,0
360471144003000,228
360471144003001,133
360471144003002,78
360471144003003,234
360471144003004,7
360471144004001,40
360471144004002,129
360471146001000,248
360471146001003,478
360471146001004,202
360471146001005,256
360471146002000,96
360471146002001,101
360471146002002,0
360471146002003,236
360471146002004,285
360471146002005,312
360471146002006,140
360471146002007,231
360471146001001,263
360471146001002,286
360471150001001,222
360471150001002,214
360471150003001,77
360471150003002,217
360471150002002,69
360471150002003,237
360471150001000,271
360471150001003,296
360471150001004,138
360471150002000,216
360471150002001,71
360471150002004,226
360471150002005,239
360471150003000,107
360471150003003,173
360471150003004,206
360471150003005,144
360471152003001,129
360471152003002,300
360471152003003,309
360471152001004,119
360471152002002,329
360471152002003,314
360471152002004,236
360471152003000,134
360471152003004,491
360471152001000,171
360471152001001,195
360471152001002,206
360471152001003,170
360471152002000,217
360471152002001,176
360471156001000,315
360471156002002,435
360471156004000,260
360471156004001,108
360471156004002,95
360471156003001,673
360471156001001,377
360471156001002,421
360471156002000,60
360471156002001,605
360471156003000,522
360471156004003,581
360471158003000,3
360471158003001,483
360471158003002,385
360471158001000,308
360471158001001,233
360471158001002,217
360471158001003,300
360471158002000,448
360471158002001,240
360471158002002,111
360471158002003,325
360471158003003,207
360471160002001,258
360471160002002,409
360471160003001,152
360471160003002,204
360471160003003,255
360471160001000,0
360471160001001,169
360471160001002,184
360471160001003,356
360471160001004,195
360471160002000,249
360471160003000,199
360471162002001,71
360471162003002,247
360471162003004,174
360471162003003,179
360471162001000,96
360471162001001,115
360471162001002,170
360471162001003,246
360471162001004,187
360471162002000,114
360471162002002,154
360471162002003,189
360471162003000,196
360471162003001,77
360471162002004,159
360471164001000,244
360471164002004,182
360471164003000,0
360471164003002,228
360471164001001,255
360471164001002,239
360471164001003,186
360471164001004,219
360471164002000,275
360471164002001,228
360471164002002,139
360471164002003,212
360471164003001,180
360471164003003,316
360471164003004,372
360471166003002,308
360471166003004,174
360471166001000,106
360471166002000,393
360471166002001,210
360471166001001,176
360471166001002,263
360471166001003,239
360471166001004,134
360471166002002,283
360471166002003,236
360471166002004,194
360471166003000,260
360471166003001,381
360471166003003,127
360471168001001,95
360471168001002,169
360471168002000,105
360471168001000,96
360471168001003,326
360471168001005,239
360471168002001,135
360471168002002,371
360471168002003,149
360471168002004,119
360471168002005,228
360471168001004,241
360471170001001,226
360471170002004,236
360471170002005,319
360471170001003,260
360471170001000,326
360471170001002,180
360471170002000,0
360471170002001,140
360471170002002,75
360471170002003,49
360471170002006,163
360471172012001,173
360471172012003,257
360471172012005,50
360471172011000,153
360471172011001,51
360471172011002,256
360471172011003,94
360471172011004,268
360471172011005,322
360471172011006,277
360471172012000,185
360471172012002,236
360471172012004,280
360471172021000,501
360471172021001,368
360471172021002,255
360471172021003,347
360471172021004,324
360471172022000,644
360471172022001,551
360471172022002,483
360471172022003,387
360471172022004,406
360471174001001,218
360471174001005,233
360471174002005,343
360471174002001,448
360471174002002,27
360471174002003,389
360471174002004,346
360471174001006,304
360471174001000,404
360471174001002,48
360471174001003,360
360471174001004,32
360471174001007,182
360471174001008,271
360471174001009,109
360471174002000,617
360471176011000,289
360471176012001,628
360471176011001,209
360471176011002,327
360471176011003,342
360471176012000,407
360471176012002,558
360471176022002,491
360471176022003,480
360471176021000,557
360471176021001,437
360471176021002,510
360471176022000,438
360471176022001,579
360471178001004,54
360471178001007,182
360471178001001,417
360471178001000,504
360471178001002,0
360471178001003,167
360471178001005,151
360471178001006,0
360471178001008,345
360471180001000,0
360471180001001,0
360471180001002,7
360471182012000,658
360471182012001,134
360471182012002,102
360471182011000,576
360471182011001,624
360471182011002,294
360471182011003,115
360471182012003,329
360471182012004,228
360471182012005,285
360471182021003,135
360471182022000,680
360471182022004,51
360471182021000,330
360471182021001,237
360471182021002,873
360471182022001,206
360471182022002,421
360471182022005,95
360471182022003,247
360471184002001,483
360471184001001,578
360471184001002,431
360471184001003,336
360471184003004,531
360471184001000,376
360471184002000,315
360471184002002,419
360471184002003,563
360471184003000,583
360471184003001,152
360471184003002,135
360471184003003,112
360471184003005,420
360471186002001,546
360471186002002,192
360471186002003,347
360471186001000,202
360471186001001,477
360471186001002,393
360471186001003,463
360471186002000,527
360471188001000,369
360471188001005,392
360471188003000,619
360471188001001,385
360471188001002,573
360471188001003,0
360471188001004,284
360471188002000,454
360471188002001,459
360471188002002,393
360471188002003,125
360471188002004,0
360471188003001,437
360471188003002,320
360471188003003,346
360471190001000,311
360471190001006,0
360471190001007,0
360471190002000,388
360471190001001,123
360471190001002,0
360471190001003,0
360471190001004,166
360471190001005,478
360471190002001,358
360471190002002,196
360471190002003,45
360471190002004,152
360471192003001,59
360471192003003,0
360471192002004,187
360471192001000,484
360471192001001,428
360471192001002,131
360471192001003,266
360471192002000,268
360471192002001,294
360471192002002,333
360471192002003,325
360471192003000,241
360471192003002,293
360471192003004,169
360471192003005,158
360471194002003,191
360471194002004,187
360471194003000,333
360471194003004,266
360471194003002,326
360471194001000,313
360471194001001,370
360471194001002,305
360471194001003,254
360471194001004,126
360471194002000,373
360471194002001,308
360471194002002,257
360471194003001,395
360471194003003,316
360471196001002,82
360471196001003,279
360471196001009,105
360471196002000,312
360471196002001,77
360471196003005,265
360471196004005,304
360471196002004,211
360471196001000,27
360471196001001,198
360471196001004,239
360471196001005,72
360471196001006,195
360471196001007,306
360471196001008,190
360471196002002,235
360471196002003,176
360471196002005,146
360471196003000,511
360471196003001,461
360471196003002,235
360471196003003,224
360471196003004,226
360471196004000,399
360471196004001,398
360471196004002,184
360471196004003,307
360471196004004,94
360471198001005,213
360471198001006,131
360471198001009,224
360471198001010,26
360471198002006,170
360471198003001,297
360471198003002,190
360471198001004,134
360471198001000,199
360471198001001,24
360471198001002,0
360471198001003,0
360471198001007,51
360471198001008,52
360471198001011,0
360471198001012,0
360471198002000,212
360471198002001,210
360471198002002,283
360471198002004,111
360471198002005,40
360471198002007,53
360471198003000,213
360471198003003,380
360471198003004,121
360471198003005,39
360471198003006,49
360471198003007,26
360471198002003,248
360471200001003,0
360471200002004,187
360471200001000,0
360471200001001,41
360471200001002,216
360471200001004,134
360471200001005,102
360471200001006,0
360471200001007,276
360471200001008,492
360471200002000,49
360471200002001,164
360471200002002,323
360471200002003,0
360471200002005,288
360471200002006,267
360471200002007,334
360471202001006,0
360471202001007,0
360471202001008,131
360471202001001,186
360471202002003,34
360471202001000,112
360471202001002,292
360471202001003,0
360471202001004,148
360471202001005,0
360471202001009,183
360471202002000,341
360471202002001,81
360471202002002,326
360471202002004,138
360471202002005,0
360471208011001,489
360471208012003,218
360471208014004,71
360471208014005,214
360471208014006,0
360471208011000,391
360471208012000,290
360471208012001,385
360471208012002,114
360471208012004,0
360471208013000,354
360471208013001,315
360471208013002,381
360471208014000,200
360471208014001,258
360471208014002,248
360471208014003,71
360471208021000,3002
360471208022000,768
360471208022001,0
360471208031009,44
360471208031010,0
360471208031011,0
360471208031013,617
360471208031000,0
360471208031001,82
360471208031002,187
360471208031003,214
360471208031004,194
360471208031005,220
360471208031006,99
360471208031007,212
360471208031008,141
360471208031012,0
360471210001000,1939
360471210002000,1749
360471210002001,0
360471214002001,730
360471214001002,0
360471214001000,0
360471214001001,0
360471214001003,0
360471214001004,799
360471214001005,1496
360471214002000,1075
360471220002007,178
360471220002010,0
360471220002011,0
360471220002014,0
360471220002015,0
360471220002016,232
360471220002017,196
360471220002024,84
360471220001000,0
360471220001008,529
360471220001009,20
360471220001011,0
360471220002002,250
360471220002003,116
360471220001001,0
360471220001002,24
360471220001003,38
360471220001004,256
360471220001005,332
360471220001006,421
360471220001007,651
360471220001010,0
360471220001012,131
360471220001013,0
360471220001014,0
360471220001015,0
360471220001016,148
360471220002006,169
360471220002008,217
360471220002009,0
360471220002012,8
360471220002013,21
360471220002018,0
360471220002000,0
360471220002001,46
360471220002004,0
360471220002005,238
360471220002019,0
360471220002020,304
360471220002021,305
360471220002022,212
360471220002023,97
360471220002025,0
360471220002027,121
360471220002028,210
360471220002029,289
360471220002026,326
360471237001000,102
360471237003000,99
360471237003002,88
360471237003003,754
360471237003006,208
360471237003007,73
360471237001001,0
360471237001002,307
360471237001003,431
360471237001004,674
360471237002000,728
360471237002001,650
360471237002002,1156
360471237002003,1560
360471237003001,0
360471237003004,1430
360471237003005,326
360471502003000,0
360471502003002,206
360471502003003,37
360471502003007,0
360471502001001,206
360471502001000,20
360471502002001,36
360471502002002,67
360471502001002,249
360471502001003,243
360471502001004,309
360471502002000,0
360471502002003,195
360471502002004,260
360471502002005,136
360471502003001,0
360471502003004,0
360471502003005,0
360471502003006,0
360471502003008,0
360471502003009,288
360471502003010,31
360471502003011,0
360471502003012,237
360471502002006,96
360471522001002,23
360471522001007,95
360471522001009,448
360471522002000,285
360471522003004,59
360471522003005,76
360471522003007,146
360471522003009,82
360471522001000,34
360471522001001,56
360471522001004,116
360471522001005,125
360471522001006,116
360471522001008,65
360471522001010,44
360471522001011,133
360471522002001,136
360471522002002,466
360471522003000,55
360471522003001,115
360471522003002,40
360471522003003,42
360471522003006,162
360471522003008,115
360471522003010,65
360471522001003,188
360479901000001,0
360479901000002,0
360479901000003,0
360479901000004,0
360479901000005,0
360479901000006,0
360479901000007,0
360479901000008,0
360610001001000,0
360610001001001,0
360610002010001,0
360610002011000,801
360610002011001,0
360610002012001,25
360610002012002,0
360610002012004,0
360610002012000,1186
360610002012003,0
360610002020001,0
360610002021000,0
360610002021002,96
360610002021003,0
360610002022000,863
360610002022001,788
360610002023001,673
360610002024000,0
360610002024001,0
360610002024003,2075
360610002025000,0
360610002026001,267
360610002026002,162
360610002026004,0
360610002026005,260
360610002026006,0
360610002021001,410
360610002021004,248
360610002023000,553
360610002024002,44
360610002026000,270
360610002026003,557
360610002026007,0
360610005000001,0
360610005000002,0
360610005000004,0
360610005001000,0
360610005001002,0
360610005001003,1
360610005001005,0
360610005001006,0
360610005001007,1
360610005001008,0
360610005001009,0
360610005001010,0
360610005001011,0
360610005001012,0
360610005001013,0
360610005001014,0
360610005001016,0
360610005001017,0
360610005001018,0
360610005001019,0
360610005001020,0
360610005001021,2
360610005001023,1
360610005001024,0
360610005001026,0
360610005001027,0
360610005001029,0
360610005001030,0
360610005001031,0
360610005002001,0
360610005002002,0
360610005002004,0
360610005002006,0
360610005002007,0
360610005000003,0
360610005001001,0
360610005001004,0
360610005001022,0
360610005001025,0
360610005001028,0
360610005002000,0
360610005002003,0
360610005002005,0
360610005001015,0
360610006000001,0
360610006000002,0
360610006001000,501
360610006001001,1056
360610006001002,327
360610006002000,1035
360610006002001,666
360610006002002,0
360610006002003,2393
360610006002004,0
360610006002005,0
360610006002006,25
360610006003001,514
360610006004000,266
360610006004001,1054
360610006005001,573
360610006006000,1742
360610006006002,0
360610006006003,0
360610006003002,0
360610006005000,1080
360610006006001,0
360610006003000,384
360610007001000,0
360610007001001,0
360610007001002,23
360610007001004,404
360610007001005,24
360610007003000,656
360610007004000,558
360610007004002,1103
360610007004003,36
360610007004004,126
360610007005001,1089
360610007006000,1130
360610007006002,308
360610007007000,0
360610007007002,0
360610007007003,103
360610007007005,811
360610007007006,0
360610007007007,0
360610007007008,0
360610007008000,0
360610007008001,0
360610007008002,21
360610007009000,0
360610007000001,0
360610007001003,19
360610007002000,2124
360610007004001,476
360610007005000,1102
360610007006001,222
360610007007001,196
360610007007004,11
360610008000001,0
360610008000002,0
360610008001000,453
360610008001001,858
360610008002000,1443
360610008003000,1667
360610008004000,1967
360610008005000,2845
360610008005001,0
360610008005003,0
360610008006001,90
360610008006002,0
360610008006004,0
360610008006005,0
360610008006007,0
360610008006008,12
360610008006010,479
360610008006011,0
360610008006012,0
360610008006014,414
360610008006015,0
360610008006017,358
360610008006018,0
360610008006020,0
360610008006021,0
360610008006023,0
360610008006024,0
360610008006025,0
360610008006027,16
360610008006028,0
360610008006000,0
360610008006003,0
360610008006006,240
360610008006009,0
360610008006013,0
360610008006016,0
360610008006019,29
360610008006022,0
360610008006026,0
360610008006029,0
360610008005002,0
360610009000001,0
360610009000002,0
360610009001001,367
360610009001002,246
360610009001003,10
360610009001004,27
360610009001005,69
360610009001006,72
360610009001007,0
360610009001008,0
360610009001009,0
360610009001010,0
360610009001011,90
360610009001012,51
360610009001013,41
360610009001014,0
360610009001015,99
360610009001016,173
360610009001017,170
360610009001018,4
360610009001019,21
360610009001021,0
360610009001022,0
360610009002000,0
360610009002001,0
360610009001000,564
360610009001020,0
360610009001023,12
360610010010001,0
360610010010003,0
360610010011000,0
360610010011002,0
360610010011003,0
360610010011005,0
360610010011006,0
360610010011007,0
360610010011009,1767
360610010011010,0
360610010011012,0
360610010011013,0
360610010011015,0
360610010010002,0
360610010011001,0
360610010011004,0
360610010011008,0
360610010011011,0
360610010011014,0
360610010023002,0
360610010023003,0
360610010024000,569
360610010020001,0
360610010020002,0
360610010021001,603
360610010022000,680
360610010023000,14
360610010023001,0
360610010021000,993
360610010022001,841
360610010025000,2600
360610012001000,491
360610012001001,0
360610012001002,0
360610012001003,0
360610012001004,0
360610012001005,0
360610012001006,0
360610012001007,0
360610012001008,0
360610012001009,49
360610012001010,28
360610012001011,955
360610012001012,185
360610012002000,0
360610012002001,0
360610012002003,0
360610012002004,0
360610012002006,0
360610012002007,0
360610012002009,977
360610012003000,0
360610012003001,0
360610012003003,0
360610012003004,0
360610012003006,1070
360610012002002,0
360610012002005,0
360610012002008,21
360610012003002,0
360610012003005,0
360610013001000,449
360610013001002,1011
360610013002000,0
360610013002002,1090
360610013002003,520
360610013002004,0
360610013002006,0
360610013002007,0
360610013002009,0
360610013003000,6
360610013003002,13
360610013003003,641
360610013003004,21
360610013004000,0
360610013004001,0
360610013004003,359
360610013004004,0
360610013004005,591
360610013004006,0
360610013004007,0
360610013004008,39
360610013005000,0
360610013005001,11
360610013005002,0
360610013005003,19
360610013005004,0
360610013001001,169
360610013002001,0
360610013002005,0
360610013002008,0
360610013003001,0
360610013003005,400
360610013004002,63
360610014011000,1852
360610014012000,0
360610014012001,1691
360610014021000,738
360610014021002,0
360610014021003,0
360610014021005,0
360610014021006,0
360610014021007,257
360610014022000,0
360610014022001,556
360610014022003,0
360610014022004,0
360610014022006,415
360610014022007,474
360610014022008,77
360610014021001,361
360610014021004,24
360610014021008,365
360610014022002,0
360610014022005,151
360610015010002,0
360610015011000,0
360610015011002,32
360610015011003,0
360610015011005,0
360610015011006,0
360610015011007,115
360610015011009,465
360610015011010,509
360610015011013,16
360610015011015,0
360610015011016,361
360610015011017,38
360610015012000,0
360610015012001,0
360610015012002,2733
360610015013000,0
360610015013001,0
360610015013002,0
360610015013003,220
360610015013004,0
360610015013005,0
360610015013006,0
360610015013007,175
360610015013008,226
360610015013009,53
360610015013011,0
360610015013012,196
360610015013013,0
360610015013015,0
360610015013016,340
360610015010001,0
360610015011001,0
360610015011004,340
360610015011008,0
360610015011011,752
360610015011014,52
360610015013010,0
360610015013014,68
360610015011012,1694
360610015021000,208
360610015021001,1038
360610015021003,60
360610015021004,258
360610015022000,904
360610015022002,949
360610015022003,603
360610015022006,0
360610015022007,20
360610015023001,1251
360610015023002,52
360610015024000,807
360610015024001,1575
360610015024003,96
360610015024004,0
360610015024005,76
360610015026001,29
360610015027000,0
360610015027002,0
360610015028000,0
360610015024006,0
360610015025000,1073
360610015026000,0
360610015027001,0
360610015020001,0
360610015021002,50
360610015022001,0
360610015022004,303
360610015023000,88
360610015023003,700
360610015024002,0
360610015022005,238
360610016001001,503
360610016001002,352
360610016001003,0
360610016002000,302
360610016002001,607
360610016003001,25
360610016003002,415
360610016004000,691
360610016004001,439
360610016004002,228
360610016005000,468
360610016005001,563
360610016005002,295
360610016005003,0
360610016005004,0
360610016005005,21
360610016005006,93
360610016001000,0
360610016001004,1608
360610016003000,634
360610016003003,437
360610016004003,17
360610018001000,425
360610018001001,0
360610018001002,502
360610018001003,201
360610018001004,0
360610018002000,0
360610018002001,0
360610018002002,0
360610018002004,0
360610018002005,342
360610018002007,397
360610018003000,270
360610018003002,849
360610018003003,293
360610018003004,0
360610018004001,342
360610018005000,0
360610018005002,0
360610018005003,351
360610018005005,23
360610018005006,134
360610018006001,572
360610018007000,0
360610018007001,0
360610018007003,566
360610018002003,137
360610018002006,152
360610018003001,272
360610018004000,443
360610018005001,500
360610018005004,54
360610018006000,594
360610018007002,515
360610020000001,0
360610020001001,0
360610020001002,0
360610020002000,1496
360610020003000,560
360610020003001,0
360610020001000,2296
360610020001003,27
360610020003002,269
360610021001000,116
360610021001001,46
360610021001003,502
360610021001004,387
360610021001005,520
360610021001006,283
360610021002000,1033
360610021002001,96
360610021002002,236
360610021002003,0
360610021002004,13
360610021002005,769
360610021003000,683
360610021003001,470
360610021003002,411
360610021003003,0
360610021003005,24
360610021003006,0
360610021003008,0
360610021004000,505
360610021004001,892
360610021001002,246
360610021003004,0
360610021003007,371
360610021004002,208
360610022011000,712
360610022011001,656
360610022012000,615
360610022012001,698
360610022013001,1226
360610022014000,65
360610022014001,2473
360610022011002,524
360610022013000,0
360610022021001,938
360610022021002,332
360610022021000,1218
360610022021003,0
360610024000001,0
360610024001000,1278
360610024001002,614
360610024002000,35
360610024002002,0
360610024003000,1409
360610024003001,1182
360610024001001,0
360610024002001,0
360610025001000,781
360610025001001,0
360610025003000,820
360610025003001,419
360610025003003,0
360610025003004,0
360610025003005,0
360610025004000,999
360610025004001,774
360610025004002,396
360610025000001,0
360610025002000,441
360610025003002,0
360610026011000,550
360610026011001,437
360610026011002,858
360610026012000,829
360610026012001,935
360610026021000,489
360610026021001,750
360610026021002,938
360610026022000,1117
360610026023001,650
360610026023000,872
360610027001000,12
360610027001001,102
360610027001003,362
360610027001004,45
360610027001006,70
360610027001007,0
360610027001002,0
360610027001005,779
360610028004001,697
360610028004002,304
360610028004004,793
360610028004005,0
360610028002000,1009
360610028002001,678
360610028003001,827
360610028004000,0
360610028004003,585
360610028001000,891
360610028003000,1035
360610029011001,8
360610029011002,767
360610029012001,0
360610029012002,11
360610029012003,0
360610029013002,173
360610029011000,0
360610029012000,11
360610029013000,5
360610029013003,0
360610029013001,121
360610029021000,0
360610029021001,719
360610029022000,388
360610029022001,350
360610029022002,748
360610029022004,92
360610029023000,588
360610029025000,286
360610029025001,388
360610029025002,0
360610029021002,419
360610029022003,381
360610029024000,0
360610030011000,554
360610030011001,439
360610030011002,264
360610030011003,0
360610030012000,500
360610030012001,513
360610030012002,317
360610030012003,0
360610030013000,535
360610030013001,570
360610030013002,0
360610030014000,573
360610030014001,0
360610030014002,398
360610030021000,1021
360610030021002,263
360610030022000,491
360610030022002,0
360610030022003,105
360610030021001,613
360610030022001,542
360610031001000,12
360610031001002,12
360610031001003,12
360610031001005,39
360610031001006,371
360610031001008,192
360610031001009,71
360610031001010,676
360610031001012,0
360610031002000,6
360610031002002,0
360610031002003,49
360610031002005,0
360610031002006,0
360610031002008,13
360610031002009,0
360610031002010,0
360610031001001,37
360610031001004,217
360610031001007,1274
360610031001011,0
360610031002001,8
360610031002004,0
360610031002007,0
360610032001001,875
360610032002000,760
360610032003001,920
360610032004000,678
360610032005000,680
360610032006000,729
360610032006001,1147
360610032007000,0
360610032007001,21
360610032007002,866
360610032001000,933
360610032003000,763
360610033001000,44
360610033001001,0
360610033001002,0
360610033001003,65
360610033001004,0
360610033001005,0
360610033001006,139
360610033001007,53
360610033001009,26
360610033001010,0
360610033001012,208
360610033002000,0
360610033002002,0
360610033002003,252
360610033002004,80
360610033002006,0
360610033002007,105
360610033002009,0
360610033002010,378
360610033002012,75
360610033002013,338
360610033002015,10
360610033002016,292
360610033002017,0
360610033002019,80
360610033003000,1000
360610033003002,0
360610033003003,127
360610033004000,131
360610033004001,208
360610033004002,386
360610033004004,163
360610033004005,454
360610033001008,222
360610033001011,208
360610033002001,0
360610033002005,0
360610033002008,83
360610033002011,112
360610033002014,194
360610033002018,152
360610033003001,27
360610033003004,616
360610033004003,230
360610034001001,875
360610034002000,744
360610034002001,832
360610034003000,283
360610034003001,854
360610034003002,722
360610034004000,593
360610034004001,1067
360610034001000,1042
360610036011000,370
360610036011001,501
360610036012000,366
360610036012001,595
360610036013000,0
360610036013001,884
360610036013002,797
360610036021000,648
360610036021001,687
360610036022001,789
360610036022002,434
360610036022003,258
360610036022000,184
360610037000002,0
360610037000003,0
360610037001000,0
360610037001001,0
360610037001002,17
360610037001004,0
360610037001005,0
360610037001007,0
360610037001008,0
360610037001010,173
360610037001011,322
360610037001013,75
360610037001014,0
360610037001015,55
360610037001017,425
360610037001018,0
360610037002001,0
360610037002002,279
360610037002004,0
360610037002005,350
360610037002006,117
360610037003001,355
360610037003002,192
360610037003004,55
360610037003005,13
360610037003006,34
360610037003007,37
360610037003008,12
360610037003009,0
360610037003010,106
360610037003011,84
360610037003012,0
360610037003013,106
360610037003014,0
360610037003015,0
360610037003016,126
360610037003017,9
360610037000004,0
360610037001003,0
360610037001006,0
360610037001009,0
360610037001012,57
360610037001016,24
360610037002000,64
360610037002003,5
360610037003000,0
360610037003003,0
360610037000001,0
360610038007001,832
360610038001000,477
360610038001002,18
360610038001003,390
360610038003000,752
360610038003001,580
360610038005000,1058
360610038005001,559
360610038006000,831
360610038001001,740
360610038002000,819
360610038004000,1260
360610038007000,754
360610039000001,0
360610039001000,0
360610039001001,0
360610039001003,154
360610039001004,58
360610039001006,137
360610039001007,80
360610039001008,257
360610039001010,0
360610039001011,0
360610039001013,179
360610039001014,65
360610039001016,302
360610039001017,152
360610039001018,154
360610039001020,221
360610039001021,158
360610039002001,0
360610039002002,0
360610039002003,1555
360610039002004,20
360610039003000,150
360610039003001,84
360610039003002,352
360610039003003,154
360610039003004,102
360610039003005,103
360610039003006,208
360610039003007,189
360610039003008,128
360610039003009,0
360610039003010,198
360610039000002,0
360610039001002,343
360610039001005,0
360610039001009,0
360610039001012,127
360610039001015,200
360610039001019,309
360610039002000,0
360610039004000,897
360610040011000,914
360610040012000,330
360610040013000,344
360610040013001,1227
360610040012001,928
360610040021000,1024
360610040023000,549
360610040023001,966
360610040024001,627
360610040024002,318
360610040022000,1169
360610040024000,437
360610041001001,347
360610041001002,147
360610041001004,66
360610041001005,150
360610041002000,248
360610041002002,227
360610041003000,602
360610041003002,217
360610041004000,536
360610041004002,347
360610041005000,254
360610041005002,132
360610041005003,376
360610041005005,76
360610041006000,116
360610041006001,309
360610041006003,428
360610041006004,185
360610041006005,114
360610041001000,202
360610041001003,33
360610041002001,760
360610041003001,571
360610041004001,549
360610041005001,94
360610041005004,315
360610041006002,122
360610042001000,365
360610042001001,529
360610042001002,0
360610042001003,2
360610042001004,25
360610042002000,873
360610042002001,390
360610042002002,743
360610042003000,171
360610042003001,1006
360610042003002,1112
360610043001000,396
360610043001002,306
360610043001003,16
360610043001004,165
360610043002000,456
360610043002001,502
360610043003001,37
360610043003002,57
360610043003004,87
360610043003005,622
360610043003006,550
360610043003000,52
360610043003003,79
360610043001001,833
360610044001000,1157
360610044001001,545
360610044002000,0
360610044002001,0
360610044003000,1636
360610044004000,1516
360610044004001,1387
360610044005001,577
360610044006000,0
360610044006002,0
360610044006003,0
360610044007000,1361
360610044007001,926
360610044009000,2099
360610044000001,0
360610044001002,1280
360610044002002,36
360610044005000,1173
360610044006001,0
360610044006004,1551
360610044008000,1978
360610045001000,0
360610045001001,275
360610045001003,105
360610045001004,315
360610045001006,14
360610045001007,80
360610045001009,33
360610045001010,22
360610045001011,50
360610045001002,123
360610045001005,18
360610045001008,58
360610047001000,70
360610047001001,499
360610047001002,250
360610047001003,125
360610047002000,127
360610047002001,132
360610047002002,118
360610047002003,0
360610047002004,30
360610047002005,22
360610047002006,123
360610047002007,151
360610047002008,109
360610047002010,57
360610047002011,199
360610047002013,288
360610047002014,50
360610047002009,169
360610047002012,125
360610048002000,984
360610048003000,279
360610048003001,444
360610048005000,22
360610048005001,92
360610048006000,793
360610048006001,404
360610048007001,20
360610048001000,1264
360610048004000,1587
360610048005002,1066
360610048007000,0
360610049001000,215
360610049001002,169
360610049001003,133
360610049001004,168
360610049001006,224
360610049001007,220
360610049001009,178
360610049001010,155
360610049002000,198
360610049002001,353
360610049002002,520
360610049003000,523
360610049003001,435
360610049001001,189
360610049001005,199
360610049001008,134
360610049001011,37
360610049002003,374
360610049003002,353
360610050001000,543
360610050001001,152
360610050001002,144
360610050002000,255
360610050002001,108
360610050002002,838
360610050003000,693
360610050003001,15
360610050004000,768
360610050004001,471
360610050005000,153
360610050005001,11
360610050005002,113
360610050005003,95
360610050005004,474
360610050005005,390
360610052001001,193
360610052001002,166
360610052001003,74
360610052001005,0
360610052002000,63
360610052002002,38
360610052002003,305
360610052002005,939
360610052002006,1027
360610052001000,536
360610052001004,26
360610052002001,154
360610052002004,287
360610054001000,159
360610054001002,407
360610054001003,174
360610054001005,612
360610054002000,1252
360610054001001,111
360610054001004,479
360610054003000,1715
360610055011000,0
360610055011001,22
360610055011003,553
360610055011004,491
360610055011005,146
360610055011007,0
360610055012000,891
360610055013000,1011
360610055011002,387
360610055011006,83
360610055012001,980
360610055021000,73
360610055021002,235
360610055021003,233
360610055022000,160
360610055022001,78
360610055022002,44
360610055022003,94
360610055022004,72
360610055022005,42
360610055022006,38
360610055022007,22
360610055022008,175
360610055022009,450
360610055022010,173
360610055021001,67
360610056001000,452
360610056001001,1114
360610056001002,386
360610056001003,0
360610056001004,136
360610056001005,0
360610056002000,79
360610056002001,0
360610056002003,1095
360610056003000,925
360610056001006,21
360610056002002,0
360610056003001,73
360610057001000,611
360610057001001,6
360610057001003,0
360610057001004,301
360610057002000,1381
360610057002002,22
360610057002003,160
360610057002005,71
360610057002006,98
360610057002008,215
360610057001002,0
360610057002001,0
360610057002004,71
360610057002007,62
360610058001000,85
360610058001001,449
360610058001003,0
360610058001004,35
360610058002001,739
360610058002002,863
360610058003000,101
360610058003001,787
360610058001002,1108
360610058002000,135
360610058002003,0
360610058003002,807
360610059001000,457
360610059001001,835
360610059002000,343
360610059003000,583
360610059003001,942
360610059003002,19
360610059003003,120
360610059003004,189
360610059003005,261
360610059004000,798
360610059005000,1043
360610059002001,117
360610060000001,0
360610060001000,0
360610060001001,0
360610060001002,0
360610060001003,1736
360610060002000,2030
360610060003000,1511
360610060003002,13
360610060003001,0
360610061001000,321
360610061001002,572
360610061001003,912
360610061002000,391
360610061002001,1224
360610061003000,284
360610061003002,463
360610061003003,252
360610061001001,326
360610061001004,246
360610061003001,75
360610061003004,428
360610062000001,0
360610062001000,695
360610062001002,159
360610062001003,42
360610062001005,0
360610062002000,2733
360610062002001,0
360610062002004,0
360610062003000,0
360610062002003,0
360610062001001,39
360610062001004,18
360610062002002,0
360610062002005,0
360610063001000,1053
360610063002000,621
360610063002001,761
360610063003000,924
360610063004000,871
360610063005000,591
360610063001001,1160
360610063003001,475
360610063005001,251
360610064001000,1328
360610064001001,818
360610064002000,1189
360610064002001,393
360610064002002,143
360610064003000,897
360610064004000,942
360610064004001,101
360610064004002,384
360610064005000,1391
360610064006000,1158
360610065001000,399
360610065001001,20
360610065001002,59
360610065001003,967
360610065001005,254
360610065001006,14
360610065001008,23
360610065002000,124
360610065002002,681
360610065003000,108
360610065003001,119
360610065003003,219
360610065003004,141
360610065004000,771
360610065004001,487
360610065005001,660
360610065001004,97
360610065001007,14
360610065002001,371
360610065003002,385
360610065003005,216
360610065005000,592
360610066001000,1330
360610066003000,1297
360610066003001,244
360610066004000,1238
360610066006000,1211
360610066007000,1602
360610066008001,635
360610066008002,328
360610066009000,1333
360610066002000,1234
360610066005000,1341
360610066008000,548
360610066008003,0
360610067003002,152
360610067004000,171
360610067004001,80
360610067004003,106
360610067004004,449
360610067004005,51
360610067001000,495
360610067001001,670
360610067002000,0
360610067002001,336
360610067002003,614
360610067002004,365
360610067003000,164
360610067003001,270
360610067001002,414
360610067002002,316
360610067003003,358
360610067004002,536
360610067004006,0
360610068001000,179
360610068001001,376
360610068001003,569
360610068002000,467
360610068003000,922
360610068003001,564
360610068004001,350
360610068004002,0
360610068005000,264
360610068005002,158
360610068005003,16
360610068006000,808
360610068006001,455
360610068006002,192
360610068001002,13
360610068002001,379
360610068004000,1736
360610068005001,0
360610068005004,258
360610069000001,0
360610069000002,0
360610069001000,95
360610069001001,726
360610069001002,379
360610069001003,111
360610069001004,23
360610069001005,86
360610069002000,273
360610069002001,325
360610069002002,431
360610069002003,99
360610069002005,251
360610069003000,0
360610069003002,0
360610069004000,0
360610069004001,0
360610069004003,0
360610069002004,0
360610069003001,0
360610069004002,0
360610070011000,833
360610070013000,1053
360610070014000,872
360610070012000,1792
360610070022000,986
360610070023000,767
360610070023001,668
360610070021000,1318
360610070024000,1126
360610071001000,961
360610071002000,1232
360610071003001,380
360610071003002,0
360610071004000,34
360610071004001,66
360610071004002,293
360610071004004,485
360610071005000,99
360610071005002,654
360610071005003,15
360610071005005,262
360610071003000,603
360610071003003,0
360610071004003,571
360610071005001,196
360610071005004,0
360610072001000,1076
360610072002000,701
360610072002002,467
360610072003000,538
360610072003001,568
360610072003002,319
360610072004000,614
360610072004001,991
360610072004002,445
360610072005000,556
360610072005001,1215
360610072006000,908
360610072007000,921
360610072002001,39
360610073001000,255
360610073001001,238
360610073001002,390
360610073002000,739
360610073003001,77
360610073003002,374
360610073004000,587
360610073004001,383
360610073004003,29
360610073004004,219
360610073005000,388
360610073006000,195
360610073006001,397
360610073006003,153
360610073006004,284
360610073003000,544
360610073003003,342
360610073004002,204
360610073005001,235
360610073006002,129
360610073006005,18
360610074001000,991
360610074001001,153
360610074002000,399
360610074002001,235
360610074002002,195
360610074003001,327
360610074003002,579
360610074005000,0
360610074005001,155
360610074005003,225
360610074001002,272
360610074003000,435
360610074004000,720
360610074005002,1012
360610075000001,0
360610075001000,321
360610075001002,0
360610075001003,0
360610075001005,295
360610075001006,155
360610075001007,382
360610075001008,31
360610075001009,131
360610075002000,482
360610075002001,415
360610075002002,411
360610075002003,267
360610075003000,128
360610075003001,129
360610075003002,182
360610075003003,159
360610075003004,144
360610075001001,96
360610075001004,272
360610076001000,50
360610076001001,1170
360610076001003,393
360610076001004,584
360610076002000,220
360610076002001,21
360610076002003,86
360610076002004,188
360610076002005,113
360610076001002,15
360610076001005,16
360610076002002,65
360610077001000,991
360610077001001,274
360610077001002,0
360610077002000,0
360610077002001,734
360610077002002,433
360610077003000,730
360610077003001,42
360610077003003,65
360610077003004,445
360610077003006,0
360610077004002,382
360610077004003,58
360610077005000,381
360610077005001,392
360610077005002,201
360610077003002,0
360610077003005,280
360610077004000,93
360610077004001,691
360610078004002,832
360610078005000,0
360610078005002,0
360610078006000,1571
360610078006001,411
360610078007000,792
360610078007001,841
360610078001000,1255
360610078001001,166
360610078002000,141
360610078002001,393
360610078002002,223
360610078002003,348
360610078004000,596
360610078003000,729
360610078004001,130
360610078005001,0
360610078005003,681
360610078006002,0
360610079000001,0
360610079000002,0
360610079000003,0
360610079001000,10
360610079001001,0
360610079001002,0
360610079001003,0
360610079001004,0
360610079001005,0
360610079001006,0
360610079001008,618
360610079001010,0
360610079001012,0
360610079001014,378
360610079001015,0
360610079002001,344
360610079003000,149
360610079003001,260
360610079003003,182
360610079003004,399
360610079004001,0
360610079004002,106
360610079004003,451
360610079004005,177
360610079004006,135
360610079001007,25
360610079001013,0
360610079001009,24
360610079001011,27
360610079002000,329
360610079002002,535
360610079003002,163
360610079004000,26
360610079004004,104
360610080001001,0
360610080001002,219
360610080001003,1116
360610080002000,716
360610080003000,663
360610080003001,737
360610080004000,632
360610080004001,564
360610080005000,0
360610080005001,23
360610080006000,135
360610080006002,643
360610080006001,458
360610080001000,0
360610081001000,753
360610081002000,617
360610081002001,1018
360610081004000,1269
360610081006000,974
360610081001001,952
360610081003000,820
360610081005000,1450
360610082001000,9
360610082002001,24
360610082002002,0
360610082002003,225
360610082002004,243
360610082002005,220
360610082002006,383
360610082002007,242
360610082003000,336
360610082001001,442
360610082001002,333
360610082002000,20
360610082002008,23
360610082003001,914
360610083001000,378
360610083001001,528
360610083002000,0
360610083002001,496
360610083002002,345
360610083003002,0
360610083003003,45
360610083003000,665
360610083003001,1396
360610084001000,33
360610084002001,28
360610084002002,617
360610084002003,430
360610084002004,554
360610084002000,323
360610086010001,0
360610086010002,0
360610086010003,0
360610086010004,0
360610086011001,0
360610086011002,0
360610086011003,1395
360610086013000,0
360610086013001,0
360610086013002,0
360610086013003,0
360610086013004,89
360610086013005,0
360610086013007,0
360610086013009,699
360610086013011,0
360610086013012,0
360610086013014,0
360610086013015,950
360610086011000,1684
360610086012000,0
360610086013006,36
360610086013008,0
360610086013010,0
360610086013013,0
360610086020001,0
360610086021000,0
360610086021002,0
360610086021003,0
360610086021005,0
360610086021007,0
360610086021008,0
360610086021001,0
360610086021004,0
360610086021006,0
360610086031000,0
360610086031001,1960
360610086032000,0
360610086032001,985
360610086032002,0
360610086034000,102
360610086034001,605
360610086034002,277
360610086034003,138
360610086034005,409
360610086034006,0
360610086034007,0
360610086034008,0
360610086030001,0
360610086033000,871
360610086034004,0
360610086034009,0
360610087001000,942
360610087003000,1064
360610087004000,903
360610087005001,358
360610087006001,823
360610087002000,898
360610087005000,707
360610087006000,815
360610088001000,741
360610088001001,31
360610088001002,31
360610088001003,18
360610088001004,97
360610088001005,125
360610088002000,978
360610088003000,748
360610088003001,559
360610088004001,914
360610088005000,966
360610088006000,757
360610088006001,421
360610088001006,444
360610088002001,1071
360610088004000,72
360610088007000,879
360610089001000,661
360610089002000,743
360610089003000,608
360610089003001,1304
360610089004001,291
360610089005000,1185
360610089002001,549
360610089004000,616
360610090001000,348
360610090002000,1942
360610090003000,1088
360610090003001,364
360610090005000,492
360610090005001,315
360610090006000,1546
360610090007001,874
360610090004000,1462
360610090007000,399
360610091001000,1135
360610091003000,876
360610091004000,767
360610091004001,1004
360610091005000,623
360610091005001,161
360610091005002,461
360610091006000,1432
360610091002000,903
360610092001000,300
360610092001001,114
360610092001002,497
360610092001003,17
360610092002001,0
360610092002003,0
360610092002004,0
360610092002006,30
360610092002008,40
360610092002009,0
360610092003001,403
360610092003002,11
360610092002000,17
360610092002002,0
360610092002005,0
360610092002007,4
360610092003000,433
360610093001001,636
360610093001002,739
360610093002000,420
360610093002001,974
360610093003000,984
360610093004000,1167
360610093005000,491
360610093005001,470
360610093006001,655
360610093001000,591
360610093006000,1353
360610093007000,845
360610094001000,0
360610094001001,43
360610094001002,0
360610094001003,7
360610094001004,39
360610094001006,0
360610094002000,3
360610094002002,0
360610094002003,0
360610094002004,5
360610094002006,0
360610094002007,3
360610094001005,2
360610094002001,5
360610094002005,2
360610095001003,654
360610095002000,334
360610095002002,30
360610095002003,305
360610095001000,520
360610095001001,381
360610095001002,301
360610095002001,244
360610095002004,1123
360610096001000,13
360610096001001,29
360610096001002,125
360610096002000,0
360610096002001,107
360610096001003,14
360610096002002,320
360610097001000,597
360610097001001,1113
360610097002000,0
360610097002001,51
360610097003000,626
360610097004000,1155
360610097001002,630
360610097002002,899
360610098001000,848
360610098002001,583
360610098003000,496
360610098003002,377
360610098004000,460
360610098005000,952
360610098006000,951
360610098006001,1106
360610098002000,406
360610098003001,231
360610098004001,517
360610098007000,1151
360610099010001,0
360610099011000,16
360610099011001,41
360610099011002,1053
360610099011003,495
360610099011004,106
360610099011005,108
360610099011006,110
360610099011007,76
360610099011008,13
360610099012000,11
360610099012001,0
360610099012002,64
360610099012003,0
360610099012005,0
360610099012006,0
360610099012007,0
360610099012009,0
360610099012010,0
360610099012012,0
360610099012013,0
360610099012004,0
360610099012008,0
360610099012011,0
360610099012014,0
360610099020001,0
360610099021000,1625
360610099021001,0
360610099021003,462
360610099022001,0
360610099022002,0
360610099022004,0
360610099022005,40
360610099021002,1673
360610099022000,0
360610099022003,0
360610099021004,48
360610099030001,0
360610099031000,14
360610099032000,0
360610099032002,0
360610099032003,0
360610099032005,0
360610099032006,0
360610099032007,0
360610099032009,60
360610099032010,0
360610099032011,0
360610099032012,0
360610099032013,0
360610099032014,1496
360610099032015,340
360610099032016,18
360610099032017,452
360610099030002,0
360610099032001,0
360610099032004,0
360610099032008,0
360610100001000,207
360610100001001,327
360610100001002,5
360610100001003,48
360610100001004,0
360610100001005,205
360610100001006,7
360610100002000,565
360610100002001,368
360610100002003,124
360610100002004,65
360610100002006,98
360610100002002,27
360610100002005,124
360610101001000,111
360610101001001,87
360610101001003,57
360610101001004,127
360610101001006,1371
360610101001007,39
360610101001002,10
360610101001005,794
360610101001008,0
360610102001000,9
360610102001001,23
360610102001002,4
360610102001004,0
360610102001005,0
360610102002000,0
360610102002001,23
360610102002003,7
360610102002004,195
360610102002006,0
360610102001003,0
360610102001006,0
360610102002002,3
360610102002005,19
360610103001000,519
360610103001001,0
360610103001003,0
360610103001004,0
360610103001006,0
360610103001007,0
360610103001008,0
360610103001009,2197
360610103001010,16
360610103001011,30
360610103001012,495
360610103002000,756
360610103002001,42
360610103002002,29
360610103001002,0
360610103001005,11
360610104001000,552
360610104001001,253
360610104001002,145
360610104001003,10
360610104001004,12
360610104001005,6
360610104001006,5
360610106013000,1490
360610106014000,1396
360610106015000,1620
360610106016000,0
360610106016001,0
360610106016003,266
360610106016004,0
360610106011000,1309
360610106012000,1209
360610106016002,966
360610106010001,0
360610106020001,0
360610106021000,1669
360610106022000,0
360610106022002,0
360610106022003,0
360610106022006,0
360610106022007,0
360610106022009,0
360610106022010,0
360610106023000,274
360610106023001,416
360610106023002,585
360610106023004,0
360610106023005,8
360610106020002,0
360610106022001,1059
360610106022005,0
360610106022008,0
360610106022011,0
360610106023003,291
360610106024000,1187
360610106022004,0
360610108011000,197
360610108011001,842
360610108013000,1287
360610108012000,971
360610108021000,542
360610108021001,859
360610108022001,523
360610108023000,1492
360610108022000,389
360610108031000,499
360610108031001,1103
360610108032000,1094
360610109001000,13
360610109001001,0
360610109001002,10
360610109001003,209
360610109001004,7
360610109001005,65
360610109001006,81
360610109001007,0
360610109001008,22
360610109001009,0
360610109001010,0
360610109001011,0
360610110001000,1558
360610110003000,471
360610110003001,528
360610110004000,1309
360610110005000,543
360610110005001,200
360610110006001,292
360610110006002,376
360610110002000,983
360610110003002,556
360610110006000,855
360610110006003,0
360610111001001,895
360610111001003,108
360610111001004,60
360610111002000,264
360610111002002,191
360610111002003,112
360610111002005,258
360610111002006,385
360610111002008,295
360610111003000,32
360610111003002,0
360610111003003,901
360610111003004,237
360610111003006,0
360610111003007,353
360610111001000,1327
360610111001002,697
360610111002001,0
360610111002004,23
360610111002007,0
360610111003001,0
360610111003005,0
360610112011001,661
360610112011002,197
360610112011003,361
360610112011000,14
360610112021000,208
360610112021001,0
360610112021002,7
360610112021003,129
360610112021004,77
360610112021005,79
360610112031000,79
360610112031001,458
360610112031002,343
360610112032000,45
360610112032001,400
360610112032002,95
360610113001000,8
360610113001002,6
360610113001003,0
360610113001005,25
360610113001006,0
360610113001008,27
360610113001009,2
360610113001010,2
360610113001001,0
360610113001004,58
360610113001007,0
360610113001011,88
360610114011000,224
360610114011001,189
360610114011003,180
360610114012000,115
360610114012003,133
360610114011002,183
360610114012001,326
360610114012002,11
360610114021000,522
360610114021002,575
360610114021003,20
360610114022001,234
360610114022002,192
360610114022004,326
360610114021001,332
360610114022000,380
360610114022003,39
360610115001000,902
360610115001001,0
360610115001003,546
360610115002000,497
360610115002002,123
360610115002003,111
360610115002004,134
360610115002005,0
360610115002006,0
360610115002007,165
360610115002008,0
360610115001002,356
360610115002001,1029
360610116001007,117
360610116000001,0
360610116001000,0
360610116001001,0
360610116001002,16
360610116001003,30
360610116001004,224
360610116001005,19
360610116001006,678
360610116001008,0
360610116001009,0
360610116001010,0
360610116002000,1235
360610116003000,333
360610116003001,611
360610117000001,0
360610117000002,0
360610117000003,0
360610117001000,805
360610117001001,20
360610117001002,31
360610117001003,844
360610117001005,0
360610117001006,0
360610117001007,0
360610117002000,3416
360610117003000,0
360610117003002,0
360610117003003,0
360610117003005,0
360610117003006,0
360610117003007,0
360610117003009,0
360610117003010,52
360610117003012,0
360610117001004,0
360610117001008,73
360610117003001,7
360610117003004,0
360610117003008,0
360610117003011,8
360610118001000,1384
360610118002001,344
360610118003000,819
360610118004001,0
360610118004002,1060
360610118005000,836
360610118007000,976
360610118008000,734
360610118002000,1095
360610118004000,904
360610118006000,1536
360610119001001,14
360610119001002,19
360610119001004,0
360610119001005,0
360610119002000,0
360610119002001,10
360610119002002,453
360610119002003,570
360610119002004,0
360610119001000,47
360610119001003,553
360610120001000,373
360610120001001,0
360610120001002,475
360610120002000,201
360610120002001,345
360610120002002,337
360610120003000,211
360610120003001,280
360610120003002,257
360610120004000,411
360610120004002,0
360610120004003,0
360610120004005,53
360610120004006,517
360610120004001,205
360610120004004,240
360610121011000,333
360610121012000,1248
360610121012001,595
360610121011001,1232
360610121021001,1280
360610121022000,1289
360610121024000,922
360610121021000,845
360610121023000,900
360610122001000,274
360610122001001,41
360610122001003,159
360610122001004,334
360610122002000,370
360610122002002,217
360610122003000,221
360610122003002,89
360610122003003,159
360610122004001,364
360610122004002,409
360610122002001,308
360610122003001,34
360610122004000,405
360610122001002,41
360610124000001,0
360610124001001,413
360610124001002,1408
360610124002000,1079
360610124002001,656
360610124004000,1738
360610124005000,562
360610124005001,311
360610124006000,1614
360610124006001,0
360610124006002,0
360610124007000,0
360610124007001,754
360610124007002,0
360610124008000,0
360610124008001,618
360610124008002,0
360610124001000,0
360610124001003,0
360610124003000,1692
360610125001000,0
360610125001001,81
360610125001002,202
360610125001003,182
360610125002000,7
360610125002002,101
360610125002003,0
360610125003000,690
360610125004000,506
360610125002001,845
360610125002004,0
360610125004001,287
360610126011000,1539
360610126012000,1250
360610126013000,1302
360610126014001,439
360610126015000,1770
360610126014000,1137
360610126021001,1268
360610126022000,1230
360610126024000,1476
360610126021000,1131
360610126023000,1295
360610127001000,878
360610127001001,305
360610127002001,689
360610127003000,698
360610127004000,493
360610127004001,738
360610127005000,892
360610127002000,1033
360610127003001,1129
360610127004002,427
360610128001000,572
360610128001001,310
360610128001003,676
360610128002000,442
360610128003000,357
360610128003001,560
360610128003002,227
360610128004000,20
360610128004001,503
360610128004002,420
360610128004003,272
360610128005000,619
360610128005001,687
360610128001002,506
360610128002001,374
360610129010001,0
360610129010002,0
360610129011000,817
360610129011001,1692
360610129012000,155
360610129012001,206
360610129012003,32
360610129012004,158
360610129012005,689
360610129012007,2067
360610129013000,31
360610129014000,0
360610129014001,0
360610129014002,0
360610129012002,2049
360610129012006,28
360610129013001,35
360610129020002,0
360610129021000,1090
360610129021002,0
360610129022000,0
360610129022002,21
360610129022004,438
360610129022006,201
360610129022007,361
360610129023001,0
360610129023002,0
360610129020001,0
360610129021001,468
360610129022001,34
360610129022005,531
360610129023000,0
360610129023003,0
360610129022003,0
360610130001000,243
360610130001001,111
360610130001002,326
360610130002000,315
360610130002001,304
360610130002003,324
360610130003000,301
360610130003001,271
360610130003002,314
360610130003003,33
360610130004000,151
360610130004001,267
360610130004002,394
360610130001003,225
360610130002002,332
360610131001000,48
360610131001001,981
360610131001002,548
360610131001003,341
360610131001004,0
360610131001005,317
360610131002000,436
360610131002001,157
360610131002002,0
360610131002003,360
360610131003001,568
360610131003000,206
360610132010001,0
360610132012000,1174
360610132013000,0
360610132013001,809
360610132013003,0
360610132013004,0
360610132011000,942
360610132013002,221
360610132021001,0
360610132021002,1814
360610132022000,1087
360610132023001,0
360610132023002,0
360610132023000,727
360610132021000,0
360610132021003,609
360610132032000,1688
360610132033000,829
360610132033001,256
360610132031000,974
360610133002000,868
360610133002001,724
360610133003001,811
360610133004000,757
360610133005000,463
360610133005001,798
360610133001000,758
360610133003000,923
360610133004001,680
360610134002000,359
360610134002001,526
360610134003000,1796
360610134005000,580
360610134005001,619
360610134006001,935
360610134007000,654
360610134007001,807
360610134008000,1876
360610134009000,1051
360610134001000,1090
360610134004000,1086
360610134006000,503
360610135010001,0
360610135010002,0
360610135011000,1076
360610135011001,73
360610135011002,0
360610135011003,30
360610135011004,742
360610135012000,1963
360610135012001,152
360610135013000,0
360610135013001,1458
360610135013002,10
360610135014001,0
360610135014002,0
360610135014003,0
360610135014000,0
360610135020002,0
360610135022000,171
360610135022001,107
360610135022003,1034
360610135023000,1931
360610135023001,1620
360610135024001,27
360610135025000,0
360610135025002,0
360610135025003,0
360610135020001,0
360610135021001,892
360610135022002,0
360610135024000,0
360610135025001,0
360610135021000,576
360610136011000,0
360610136011001,0
360610136011002,601
360610136011004,269
360610136011005,0
360610136010001,0
360610136011003,1092
360610136022000,890
360610136022001,650
360610136023000,1386
360610136021000,1854
360610136023001,290
360610136031000,1091
360610136032000,1626
360610136033000,411
360610136033001,1259
360610136041000,1140
360610136042000,1271
360610136043000,1251
360610136044000,1395
360610137001000,1170
360610137002000,764
360610137002001,647
360610137003000,1273
360610137003001,509
360610137004000,933
360610137004001,16
360610137004002,25
360610137004003,256
360610137005000,538
360610137006000,0
360610137006001,214
360610137006003,141
360610137005001,484
360610137006002,338
360610138001000,970
360610138002000,1594
360610138003001,642
360610138004000,698
360610138005000,1331
360610138006000,1631
360610138007001,849
360610138008000,1978
360610138003000,516
360610138004001,722
360610138007000,381
360610138009000,1797
360610139001000,1648
360610139002000,1342
360610139003000,536
360610139004000,985
360610139004001,202
360610139005000,1462
360610139006000,1316
360610139003001,806
360610139004002,283
360610139007000,1408
360610140001000,1063
360610140001001,534
360610140002000,855
360610140002002,751
360610140003000,630
360610140004000,445
360610140004001,268
360610140005000,470
360610140005001,412
360610140005002,243
360610140005003,325
360610140006000,587
360610140006001,614
360610140002001,385
360610140003001,468
360610142001000,148
360610142001001,374
360610142002000,218
360610142002001,338
360610142002002,117
360610142002003,409
360610142003000,373
360610142004000,319
360610142004001,63
360610142005000,237
360610142005001,212
360610142005002,183
360610142006001,452
360610142003001,429
360610142004002,171
360610142006000,420
360610143001005,0
360610143001007,62
360610143001008,0
360610143001000,0
360610143001002,0
360610143001003,29
360610143001010,0
360610143001011,7
360610143001013,0
360610143001014,0
360610143001015,0
360610143001017,0
360610143001018,0
360610143001020,0
360610143001021,0
360610143001023,0
360610143001024,0
360610143001025,0
360610143001027,0
360610143001028,0
360610143001030,0
360610143001031,0
360610143001033,0
360610143001006,0
360610143001009,0
360610143001012,0
360610143001016,0
360610143001019,0
360610143001022,0
360610143001026,15
360610143001029,0
360610143001032,11
360610143001001,5
360610143001004,0
360610144011000,1042
360610144012000,1659
360610144013000,1210
360610144014000,1129
360610144021000,1296
360610144022000,859
360610144023000,1617
360610144024000,73
360610144024001,271
360610144024002,607
360610144025000,1329
360610144026000,1073
360610144027000,0
360610144027002,26
360610144027001,0
360610145001000,1716
360610145001001,979
360610145002000,1158
360610145003000,313
360610145003002,167
360610145004000,745
360610145004002,0
360610145005000,290
360610145005001,556
360610145001002,972
360610145003001,423
360610145004001,213
360610146013000,916
360610146011000,1195
360610146014000,1503
360610146012000,867
360610146021000,1730
360610146022000,1102
360610146023000,1283
360610146024000,1310
360610146025000,1020
360610146026001,184
360610146022001,650
360610146026000,1782
360610147001000,1132
360610147003000,1843
360610147002000,12
360610148011000,1021
360610148012000,1136
360610148012001,539
360610148011001,525
360610148021000,902
360610148022000,527
360610148022001,601
360610148022002,690
360610148022003,52
360610148023000,632
360610148023001,1004
360610148024000,678
360610148024001,741
360610148025000,837
360610148021001,830
360610149001000,5
360610149001001,397
360610149001002,510
360610149001003,11
360610149001004,334
360610149002000,1088
360610149003000,1207
360610149004001,0
360610149005000,1610
360610149004000,1189
360610150011001,329
360610150012000,767
360610150012001,426
360610150011000,799
360610150021001,733
360610150021002,898
360610150022001,70
360610150022002,531
360610150024000,142
360610150024001,352
360610150021000,484
360610150022000,713
360610150023001,734
360610150024002,326
360610150023000,659
360610151011000,1170
360610151012000,1810
360610151013001,776
360610151013000,0
360610151020001,0
360610151021000,591
360610151022000,554
360610151022001,936
360610151022003,889
360610151022004,1374
360610151023001,0
360610151023002,11
360610151023003,0
360610151021001,906
360610151022002,1049
360610151023000,1931
360610151024000,13
360610152000001,0
360610152001000,1360
360610152002000,1532
360610152003000,1228
360610152004000,1148
360610152005000,1383
360610152006000,0
360610152006001,0
360610152006002,0
360610152006003,0
360610152006004,12
360610152006005,1067
360610152007000,0
360610153011000,1211
360610153012000,969
360610153013000,1099
360610153013001,405
360610153021000,897
360610153022000,623
360610153022001,459
360610153024000,792
360610153025000,1142
360610153026000,413
360610153021001,298
360610153023000,1050
360610153026001,358
360610154011000,1278
360610154013000,1116
360610154014000,1397
360610154012000,1398
360610154021000,1469
360610154023000,1934
360610154022000,1100
360610154031000,1772
360610154033000,1535
360610154034000,1410
360610154032000,1021
360610155011000,5091
360610155020001,0
360610155021000,0
360610155021001,0
360610155021003,926
360610155021004,0
360610155022001,1432
360610155022002,0
360610155024000,1127
360610155025000,717
360610155021002,799
360610155022000,0
360610155023000,758
360610156011000,1142
360610156013000,0
360610156013001,861
360610156012000,801
360610156014000,2764
360610156021000,10
360610156021001,949
360610156021003,5
360610156021002,1190
360610157001000,1099
360610157002000,177
360610157003000,1833
360610157004000,844
360610157005000,1249
360610157006000,1210
360610157007000,1451
360610157007001,20
360610157008000,1748
360610157008001,0
360610157002001,1566
360610158011000,124
360610158011001,757
360610158011002,724
360610158012000,599
360610158012001,692
360610158013000,636
360610158013001,585
360610158013002,328
360610158014001,434
360610158014000,721
360610158021000,1001
360610158021002,822
360610158022000,607
360610158022001,351
360610158023001,333
360610158023002,151
360610158021001,318
360610158023000,933
360610159001000,886
360610159001001,752
360610159002001,304
360610159002002,1167
360610159003000,0
360610159003002,0
360610159003003,814
360610159004000,113
360610159004001,604
360610159005000,15
360610159006000,0
360610159007000,1601
360610159000001,0
360610159002000,0
360610159003001,0
360610159003004,893
360610159004002,584
360610159006001,1050
360610159005001,1271
360610160011000,897
360610160012000,620
360610160012001,301
360610160013000,309
360610160013001,263
360610160013002,189
360610160014000,599
360610160014001,397
360610160011001,0
360610160012002,277
360610160021000,848
360610160021001,871
360610160022000,871
360610160022001,455
360610160022002,562
360610161001000,513
360610161001001,302
360610161001002,393
360610161002000,758
360610161002001,267
360610161003000,973
360610161004000,1021
360610161005000,1232
360610161006000,1158
360610162000001,0
360610162000002,0
360610162001000,723
360610162001001,0
360610162002000,1623
360610162003000,41
360610162003001,1346
360610162004001,2640
360610162005000,0
360610162005002,0
360610162005003,0
360610162005005,0
360610162005006,1559
360610162005007,152
360610162000003,0
360610162001002,949
360610162004000,0
360610162005001,0
360610162005004,0
360610162005008,0
360610163000001,0
360610163001000,0
360610163001002,33
360610163001003,904
360610163001005,225
360610163002000,866
360610163002001,591
360610163003001,480
360610163003002,247
360610163004001,660
360610163005000,823
360610163005001,537
360610163005002,379
360610163005003,238
360610163001001,0
360610163001004,372
360610163003000,280
360610163004000,657
360610164001000,550
360610164001001,1272
360610164002000,832
360610164002001,671
360610164002002,850
360610164003000,1338
360610164003001,299
360610164003002,280
360610164004000,1279
360610165001000,1321
360610165002000,1773
360610165003000,1520
360610165004000,932
360610165005000,1102
360610165001001,11
360610166001000,280
360610166001001,410
360610166002000,621
360610166002001,455
360610166003001,590
360610166004000,950
360610166005000,363
360610166005001,525
360610166006000,408
360610166006002,479
360610166006003,489
360610166003000,991
360610166004001,451
360610166006001,0
360610167001000,780
360610167001001,0
360610167001003,14
360610167001004,237
360610167002000,558
360610167003000,525
360610167003001,676
360610167003003,316
360610167004000,715
360610167005000,745
360610167005001,781
360610167000001,34
360610167001002,0
360610167002001,778
360610167003002,300
360610167004001,751
360610168001000,768
360610168002000,1319
360610168002001,633
360610168002003,0
360610168003000,553
360610168003002,0
360610168003003,136
360610168001001,839
360610168002002,308
360610168003001,408
360610169002000,1194
360610169003000,1590
360610169003001,289
360610169004000,532
360610169004001,1075
360610169005000,1075
360610169006000,1398
360610169001000,1373
360610170001000,560
360610170001001,1032
360610170002000,497
360610170002001,638
360610170003000,843
360610170003001,973
360610170004000,248
360610170004001,1057
360610170004002,854
360610170005000,1289
360610171001000,1123
360610171001001,665
360610171002000,915
360610171002002,216
360610171003000,623
360610171003002,360
360610171004000,1074
360610171005001,798
360610171006000,1361
360610171006002,0
360610171006003,0
360610171000001,0
360610171002001,672
360610171003001,792
360610171005000,1095
360610171006001,0
360610172003000,283
360610172003002,137
360610172004000,302
360610172004001,422
360610172005000,310
360610172005001,514
360610172001000,439
360610172001002,400
360610172001003,359
360610172002001,744
360610172001001,136
360610172002000,800
360610172003001,209
360610172004002,386
360610173002000,780
360610173003000,985
360610173004000,1169
360610173005000,760
360610173006000,986
360610173007000,1509
360610173001000,1538
360610173003001,972
360610174011000,736
360610174011001,35
360610174011002,943
360610174012000,1054
360610174012001,1102
360610174013000,643
360610174013001,936
360610174021000,40
360610174021001,432
360610174021002,1309
360610174021003,495
360610175000001,0
360610175001000,866
360610175001002,0
360610175001003,0
360610175002000,1557
360610175003000,2235
360610175004001,710
360610175005000,616
360610175005001,649
360610175006001,859
360610175007000,799
360610175001001,0
360610175001004,1051
360610175004000,709
360610175006000,719
360610175007001,340
360610177001000,265
360610177001001,927
360610177003000,460
360610177003001,342
360610177004000,963
360610177004001,398
360610177005000,840
360610177006000,955
360610177007000,1046
360610177002000,1142
360610177003002,263
360610177005001,401
360610177008000,1380
360610178000001,0
360610178001000,555
360610178002000,429
360610178002001,389
360610178002002,667
360610178003001,0
360610178003002,0
360610178003003,0
360610178003004,0
360610178003005,0
360610178003006,692
360610178003007,34
360610178001001,592
360610178003000,502
360610178003008,0
360610179000001,0
360610179001000,1434
360610179001002,0
360610179001003,0
360610179002000,1008
360610179003000,752
360610179003001,530
360610179004000,637
360610179004001,1139
360610179005000,283
360610179005001,126
360610179005002,402
360610179006000,855
360610179006001,656
360610179007000,346
360610179007001,295
360610179007002,640
360610179001001,0
360610179001004,0
360610180001000,979
360610180001001,279
360610180001002,597
360610180002000,823
360610180002002,255
360610180003000,897
360610180004000,902
360610180005001,1171
360610180002001,685
360610180005000,841
360610181001000,1536
360610181003000,1779
360610181004000,1212
360610181006000,1667
360610181002000,1229
360610181005000,1518
360610182001000,357
360610182001002,743
360610182002000,578
360610182002001,544
360610182003001,554
360610182003002,170
360610182003004,234
360610182004000,1437
360610182001001,298
360610182003000,674
360610182003003,112
360610182005000,1974
360610183000001,0
360610183001000,663
360610183001001,0
360610183001003,0
360610183001004,0
360610183001006,0
360610183001007,0
360610183001009,966
360610183002000,646
360610183003000,297
360610183003001,845
360610183004000,808
360610183004001,1139
360610183005000,257
360610183005001,505
360610183005002,337
360610183006000,630
360610183006001,297
360610183007000,732
360610183007001,412
360610183001002,0
360610183001005,0
360610183001008,0
360610184001000,526
360610184001001,296
360610184002000,516
360610184002001,139
360610184003000,1783
360610184004000,811
360610184004001,795
360610184005001,473
360610184005002,446
360610184005004,495
360610184002002,590
360610184005000,651
360610184005003,299
360610185001000,1578
360610185003000,1287
360610185002000,2378
360610186001000,1341
360610186002000,596
360610186002001,1031
360610186002002,0
360610186003001,687
360610186001001,421
360610186003000,1051
360610187000001,0
360610187001001,0
360610187001002,0
360610187001004,0
360610187001005,995
360610187002000,1107
360610187003000,482
360610187003001,409
360610187004001,771
360610187005000,903
360610187006000,468
360610187006001,784
360610187001000,745
360610187001003,0
360610187002001,951
360610187004000,874
360610187005001,894
360610188001000,822
360610188001001,125
360610188002000,728
360610188002001,809
360610188003000,330
360610188003001,250
360610188003002,943
360610188004000,1051
360610188004001,639
360610189001000,363
360610189001001,635
360610189001002,606
360610189002000,677
360610189002001,631
360610189002002,814
360610189003001,890
360610189003002,570
360610189004001,542
360610189005000,977
360610189005001,842
360610189006001,563
360610189006002,930
360610189003000,635
360610189004000,618
360610189006000,1263
360610190001001,813
360610190001002,329
360610190002001,1083
360610190002002,1074
360610190001000,121
360610190002000,259
360610191004001,885
360610191005000,715
360610191006000,626
360610191006001,614
360610191000001,31
360610191001001,0
360610191001002,0
360610191001004,642
360610191001005,909
360610191002000,1033
360610191002001,967
360610191003000,415
360610191004000,695
360610191005001,704
360610191001000,0
360610191001003,0
360610191001006,0
360610191003001,769
360610192000002,0
360610192000003,0
360610192001000,16
360610192001002,46
360610192001003,170
360610192001005,0
360610192001006,0
360610192003000,1558
360610192000001,0
360610192001001,0
360610192001004,413
360610192002000,1768
360610193001000,327
360610193001001,298
360610193001002,742
360610193002000,737
360610193002001,762
360610193003000,746
360610193003001,757
360610193004000,504
360610193004001,465
360610193005000,1177
360610193005001,809
360610193006000,329
360610193006001,1083
360610194001000,2532
360610194002000,647
360610194002001,170
360610194003001,601
360610194004000,504
360610194004001,1641
360610194003000,883
360610195001000,581
360610195001001,0
360610195001003,0
360610195001004,0
360610195001006,0
360610195002000,0
360610195002002,774
360610195002003,7
360610195003000,1387
360610195004000,1340
360610195005000,841
360610195000001,0
360610195001002,0
360610195001005,893
360610195002001,436
360610195003001,1033
360610195005001,536
360610196001000,452
360610196001001,1025
360610196002001,146
360610196002002,262
360610196002003,455
360610196002005,30
360610196003000,280
360610196003002,309
360610196003003,243
360610196003005,38
360610196003006,93
360610196002000,322
360610196002004,185
360610196003001,122
360610196003004,69
360610197011000,11
360610197011001,0
360610197011002,1267
360610197021000,675
360610197021001,0
360610197021002,332
360610197021003,741
360610197021004,853
360610198001000,285
360610198001001,119
360610198001002,498
360610198001003,85
360610198001004,298
360610198001005,268
360610198001006,139
360610198001008,179
360610198001009,445
360610198001007,0
360610198002000,54
360610199000001,0
360610199001000,465
360610199001002,0
360610199001003,0
360610199001004,0
360610199001006,494
360610199001007,297
360610199001009,0
360610199002000,0
360610199002002,1005
360610199003000,563
360610199003001,1229
360610199004001,648
360610199005000,651
360610199005002,225
360610199006000,212
360610199001001,440
360610199001005,0
360610199001008,0
360610199002001,490
360610199004000,1039
360610199005001,637
360610199006001,1203
360610200001000,275
360610200001001,398
360610200001002,382
360610200002001,444
360610200002002,401
360610200002004,255
360610200002000,329
360610200002003,371
360610201011000,1086
360610201011001,233
360610201011002,82
360610201011003,200
360610201011004,262
360610201021000,503
360610201021001,511
360610201022000,618
360610201022001,697
360610201023000,465
360610201023001,199
360610201024000,519
360610201024001,565
360610203001000,398
360610203001001,172
360610203001003,42
360610203001004,193
360610203002000,11
360610203002001,1970
360610203001002,409
360610203001005,679
360610205000001,0
360610205001001,0
360610205001002,10
360610205001004,0
360610205001005,0
360610205001007,8
360610205001008,954
360610205001010,0
360610205001011,1274
360610205002001,1106
360610205002002,330
360610205002003,255
360610205003001,82
360610205003002,526
360610205002000,10
360610205003000,263
360610205001000,0
360610205001003,0
360610205001006,191
360610205001009,14
360610206001001,16
360610206001002,285
360610206001004,231
360610206001005,480
360610206002001,354
360610206002002,73
360610206002003,104
360610206002005,0
360610206002006,168
360610206001000,492
360610206001003,402
360610206002000,510
360610206002004,513
360610207011001,881
360610207012000,503
360610207012002,514
360610207012003,126
360610207011000,733
360610207012001,278
360610208001000,917
360610208002000,293
360610208002001,861
360610208003000,888
360610208003001,728
360610208001001,686
360610208002002,882
360610209011000,662
360610209011001,327
360610209011002,151
360610209011003,30
360610209011004,418
360610209012000,2077
360610209012001,0
360610210000001,6
360610210000002,0
360610210000003,0
360610210001000,0
360610210001001,0
360610210001002,0
360610210001004,490
360610210001005,0
360610210002000,0
360610210002001,0
360610210002002,529
360610210004000,0
360610210004001,0
360610210004003,1805
360610210004004,0
360610210005001,0
360610210005002,0
360610210006000,1723
360610210001003,654
360610210001006,0
360610210003000,1541
360610210004002,0
360610210005000,0
360610211001000,0
360610211001001,0
360610211001003,0
360610211001004,0
360610211001006,1948
360610211001007,38
360610211003000,970
360610211003001,825
360610211004000,0
360610211005000,1141
360610211005001,588
360610211006001,1113
360610211007000,731
360610211000001,0
360610211001002,0
360610211001005,0
360610211002000,1269
360610211004001,1196
360610211006000,589
360610211007001,121
360610212001000,1016
360610212001001,1388
360610212002000,9
360610212002001,19
360610212003000,863
360610212004000,1604
360610213031000,0
360610213031001,803
360610213031002,421
360610213032000,234
360610213032001,278
360610213032002,161
360610213032003,252
360610213033000,1058
360610213033001,831
360610213034000,387
360610213034002,694
360610213034001,464
360610214001000,14
360610214001001,259
360610214001003,1215
360610214001004,0
360610214001002,5
360610214002000,1582
360610215001000,177
360610215001001,692
360610215002000,614
360610215002001,1629
360610215002002,531
360610215001002,213
360610216001001,434
360610216001002,46
360610216001004,932
360610216002000,906
360610216003001,560
360610216004000,1246
360610216005000,1193
360610216005001,1102
360610216005002,0
360610216001000,768
360610216001003,18
360610216003000,529
360610216004001,833
360610217031001,0
360610217031002,12
360610217031004,1
360610217031000,0
360610217031003,0
360610217031006,532
360610217031005,0
360610218001000,683
360610218001001,764
360610218002000,828
360610218002001,6
360610218002002,128
360610218002003,520
360610218003000,959
360610218003001,703
360610218004000,345
360610218004001,487
360610218004002,1093
360610218004003,14
360610219000001,0
360610219001000,206
360610219001001,0
360610219001002,0
360610219001003,0
360610219001005,29
360610219001006,0
360610219001008,0
360610219001010,0
360610219001011,0
360610219001012,0
360610219001014,0
360610219001015,0
360610219001017,488
360610219002000,705
360610219002002,28
360610219003000,1083
360610219003001,1611
360610219004001,0
360610219004002,36
360610219001009,0
360610219001013,0
360610219001016,497
360610219002001,490
360610219004000,523
360610219001004,0
360610219001007,0
360610220001001,683
360610220002000,447
360610220002002,658
360610220003000,413
360610220003001,248
360610220004001,331
360610220004002,528
360610220005000,1221
360610220005001,527
360610220001000,389
360610220002001,170
360610220004000,27
360610220004003,472
360610221021001,345
360610221021002,316
360610221021003,211
360610221021004,305
360610221021005,267
360610221022000,273
360610221022001,18
360610221022002,0
360610221022003,201
360610221022004,0
360610221022005,5
360610221022006,441
360610221021000,0
360610222001000,67
360610222001001,58
360610222001002,738
360610222001003,1017
360610222002001,23
360610222002002,732
360610222002000,55
360610222002003,603
360610223010001,0
360610223011000,1361
360610223012001,11
360610223012002,1982
360610223013000,913
360610223013002,0
360610223013003,0
360610223013005,1175
360610223014000,1706
360610223012000,50
360610223013001,60
360610223013004,0
360610223021000,0
360610223021001,0
360610223022000,3101
360610223020001,0
360610223021003,0
360610223021002,0
360610224001000,797
360610224002000,677
360610224002001,921
360610224003000,1128
360610224003001,537
360610224004000,2231
360610224001001,830
360610224002002,225
360610225001000,0
360610225001001,0
360610225001003,60
360610225001004,0
360610225001005,1119
360610225001006,1228
360610225002000,1181
360610225002001,1269
360610225003000,588
360610225003001,550
360610225003002,477
360610225003003,374
360610225004000,355
360610225004001,636
360610225005000,826
360610225005001,1195
360610225000001,0
360610225001002,37
360610226001000,964
360610226001001,421
360610226001002,293
360610226001003,98
360610226002001,424
360610226003000,330
360610226003001,484
360610226003003,579
360610226002000,713
360610226003002,584
360610227001000,213
360610227001002,350
360610227001003,385
360610227002000,746
360610227002001,487
360610227003001,1949
360610227003002,292
360610227001001,274
360610227001004,508
360610227003000,183
360610228001000,1136
360610228002000,812
360610228002001,399
360610228003000,802
360610228003001,418
360610228004001,589
360610228001001,919
360610228002002,304
360610228004000,582
360610229000001,0
360610229001000,373
360610229002000,224
360610229002001,1290
360610229003001,1132
360610229004000,0
360610229005000,40
360610229005001,0
360610229005002,0
360610229005003,0
360610229005004,787
360610229005005,741
360610229001001,768
360610229003000,1003
360610229004001,1617
360610230001000,1725
360610230002000,592
360610230002001,971
360610230003000,1219
360610230003001,462
360610230004000,1292
360610230004001,1356
360610230005000,1494
360610231001000,302
360610231001001,604
360610231001003,491
360610231001004,367
360610231002002,344
360610231002003,393
360610231002005,465
360610231003000,0
360610231002001,437
360610231002004,371
360610231004000,2138
360610231001002,361
360610231002000,0
360610232001000,646
360610232001001,563
360610232002001,1338
360610232003000,849
360610232003001,1198
360610232004001,1010
360610232002000,1073
360610232004000,1384
360610233000001,0
360610233001001,153
360610233001002,55
360610233001004,0
360610233001005,0
360610233001006,362
360610233001008,662
360610233002000,976
360610233003000,1458
360610233003001,712
360610233001000,602
360610233001003,0
360610233001007,308
360610233002001,1080
360610234001001,0
360610234001002,1436
360610234002000,856
360610234002001,851
360610234002002,600
360610234002003,174
360610234001000,1195
360610235011000,941
360610235011001,192
360610235011002,188
360610235011003,0
360610235011004,304
360610235011005,12
360610235012000,361
360610235012001,457
360610235013000,921
360610235013001,291
360610235013003,263
360610235014000,0
360610235015000,2290
360610235013002,500
360610235021001,348
360610235021002,413
360610235021004,509
360610235021000,385
360610235021003,551
360610236000001,0
360610236001001,594
360610236001002,571
360610236001003,333
360610236002000,0
360610236002001,375
360610236002003,461
360610236002004,858
360610236003001,0
360610236003002,682
360610236004000,4251
360610236005001,0
360610236005002,1570
360610236001000,102
360610236001004,110
360610236002002,0
360610236003000,0
360610236005000,0
360610237001000,1554
360610237001001,1262
360610237003000,37
360610237003002,0
360610237003003,0
360610237003004,0
360610237003005,1049
360610237003006,834
360610237003007,42
360610237000001,0
360610237002000,1121
360610237003001,0
360610237002001,893
360610238020001,0
360610238021000,0
360610238021001,954
360610238021002,624
360610238021003,2681
360610238021004,0
360610238021005,0
360610238022000,0
360610238022001,0
360610238023000,532
360610238030001,0
360610238031001,1965
360610238032000,1650
360610238031000,0
360610238032001,10
360610238040001,0
360610238040002,0
360610238040003,0
360610238041001,426
360610238042000,437
360610238042002,0
360610238042003,0
360610238043000,1201
360610238043001,0
360610238041000,29
360610238042001,1213
360610238042004,0
360610239001000,407
360610239001002,537
360610239002000,508
360610239002002,507
360610239001001,316
360610239002001,400
360610240000003,0
360610240000004,0
360610240001000,0
360610240001002,0
360610240001003,0
360610240001005,0
360610240001006,0
360610240001008,0
360610240001009,0
360610240001010,0
360610240001011,0
360610240001012,0
360610240001013,2
360610240001014,0
360610240001015,0
360610240002000,158
360610240002001,507
360610240002002,0
360610240002003,0
360610240002004,0
360610240002005,0
360610240002006,635
360610240002007,0
360610240000002,0
360610240001001,0
360610240001004,0
360610240001007,0
360610240003000,0
360610240000001,0
360610241001006,0
360610241000001,0
360610241001000,0
360610241001001,200
360610241001003,0
360610241001004,0
360610241001007,0
360610241002000,1214
360610241002002,0
360610241003000,1159
360610241005000,1415
360610241001005,0
360610241002001,321
360610241004000,1572
360610241001002,1731
360610242000001,0
360610242001000,0
360610242001001,0
360610242001003,817
360610242001004,0
360610242001005,366
360610242001007,0
360610242002000,0
360610242002002,615
360610242002003,167
360610242003001,0
360610242003002,55
360610242003003,31
360610242003005,0
360610242003006,22
360610242003008,0
360610242003009,292
360610242003011,0
360610242003012,0
360610242000002,0
360610242001002,408
360610242001006,488
360610242002001,524
360610242003000,0
360610242003004,20
360610242003007,643
360610242003010,0
360610243011000,585
360610243011001,662
360610243011002,125
360610243012000,804
360610243012001,188
360610243012002,0
360610243012003,140
360610243012004,790
360610243013000,449
360610243013001,245
360610243013002,5
360610243020001,0
360610243021000,0
360610243021001,0
360610243021003,157
360610243021004,2289
360610243022000,2394
360610243021002,49
360610243023000,2348
360610245001000,739
360610245001001,1117
360610245002001,861
360610245003000,876
360610245004000,1328
360610245004001,1008
360610245004002,0
360610245005001,1501
360610245005002,687
360610245006000,327
360610245006001,1232
360610245002000,1067
360610245003001,538
360610245005000,276
360610245005003,207
360610245007000,1621
360610247000001,0
360610247001000,36
360610247001002,0
360610247001003,0
360610247001004,1138
360610247002000,1389
360610247005000,325
360610247005001,0
360610247001001,0
360610247001005,141
360610247004000,1358
360610247005002,847
360610247003000,1287
360610249001000,0
360610249001001,227
360610249001002,24
360610249001003,0
360610249001004,524
360610249001005,309
360610251001000,4
360610251001001,291
360610251001002,24
360610251001003,27
360610251001004,0
360610251001005,0
360610251001006,293
360610251001007,501
360610251001008,0
360610251002000,668
360610251002001,0
360610251002002,0
360610251002003,479
360610253001000,895
360610253001001,822
360610253002000,730
360610253003000,1017
360610253003001,720
360610253004001,116
360610253004002,0
360610253004004,189
360610253004005,576
360610253005001,954
360610253006000,1057
360610253006001,767
360610253002001,896
360610253004000,448
360610253004003,17
360610253005000,877
360610255001000,0
360610255001001,0
360610255001003,8
360610255001004,51
360610255001006,277
360610255001007,1487
360610255002000,239
360610255002002,264
360610255003000,961
360610255004000,561
360610255004001,322
360610255000001,0
360610255001002,0
360610255001005,221
360610255002001,643
360610255003001,663
360610255004002,0
360610257001000,119
360610257001001,0
360610257001002,229
360610257001003,0
360610257001004,316
360610257001005,345
360610257001006,0
360610257002000,281
360610257002001,429
360610257002002,353
360610257002003,399
360610257002004,0
360610257003000,432
360610257003001,173
360610257003002,0
360610257003003,530
360610257003004,664
360610259001001,562
360610259001003,391
360610259001004,427
360610259002001,439
360610259001000,404
360610259002002,473
360610259001002,464
360610259002000,302
360610259002003,567
360610261001000,879
360610261001001,612
360610261001003,331
360610261002000,850
360610261002001,582
360610261003001,0
360610261003002,677
360610261003004,0
360610261003005,0
360610261003007,0
360610261003008,0
360610261003009,0
360610261004001,841
360610261005000,808
360610261006000,906
360610261007000,893
360610261007002,181
360610261001002,440
360610261003000,0
360610261003003,706
360610261003006,0
360610261004000,684
360610261005001,761
360610261007001,582
360610263001000,417
360610263001001,298
360610263001002,0
360610263001003,0
360610263001004,0
360610263001005,0
360610263001006,0
360610263001007,0
360610263001008,41
360610263001009,23
360610263001010,1310
360610263001011,0
360610263002000,758
360610263002001,645
360610263003000,496
360610263003001,430
360610263003003,371
360610263004000,16
360610263004001,763
360610263004003,0
360610263004004,0
360610263004006,87
360610263005000,603
360610263005002,575
360610263003002,190
360610263004002,617
360610263004005,196
360610263005001,133
360610265001000,642
360610265002000,0
360610265002001,0
360610265002002,0
360610265002004,0
360610265002005,0
360610265002007,11
360610265002008,0
360610265002010,0
360610265002011,0
360610265002012,443
360610265002014,880
360610265003000,295
360610265003002,0
360610265003003,0
360610265003005,0
360610265004000,1306
360610265004001,785
360610265005000,562
360610265005001,410
360610265003001,680
360610265003004,0
360610265001001,377
360610265002003,0
360610265002006,0
360610265002009,0
360610265002013,459
360610267001000,194
360610267001001,243
360610267001002,604
360610267001003,212
360610267001004,491
360610267001005,339
360610269001000,828
360610269001001,362
360610269001002,138
360610269002000,42
360610269002001,275
360610269002002,0
360610269002004,860
360610269003000,140
360610269003001,388
360610269004000,349
360610269004001,302
360610269005000,647
360610269005001,555
360610269006000,548
360610269006001,256
360610269002003,306
360610269003002,250
360610269004002,428
360610269005002,527
360610269006002,647
360610271001000,429
360610271001001,685
360610271001002,499
360610271002001,341
360610271002002,213
360610271003000,403
360610271003001,353
360610271003003,150
360610271003004,281
360610271003005,229
360610271004001,349
360610271004002,536
360610271005001,601
360610271002000,591
360610271002003,409
360610271003002,407
360610271004000,303
360610271005000,844
360610273001000,167
360610273001002,828
360610273002000,1160
360610273003000,989
360610273003001,0
360610273003002,757
360610273003003,583
360610273004000,818
360610273004001,477
360610273001001,740
360610275000001,0
360610275000002,0
360610275001000,0
360610275001001,0
360610275001002,0
360610275001003,0
360610275002001,0
360610275001004,178
360610275001005,0
360610275001007,0
360610275001008,0
360610275002000,1868
360610275001006,531
360610275001009,486
360610277001000,604
360610277001002,780
360610277001003,233
360610277002001,710
360610277003000,865
360610277003001,801
360610277004001,962
360610277001001,229
360610277002000,760
360610277004000,479
360610279001000,520
360610279002000,133
360610279002001,731
360610279003000,595
360610279003001,650
360610279004000,1259
360610279004001,386
360610279005001,965
360610279006000,1406
360610279006001,359
360610279001001,383
360610279002002,637
360610279003002,547
360610279005000,570
360610279007000,878
360610281001000,844
360610281002000,2264
360610283002000,3286
360610283003000,1231
360610283004000,883
360610283004001,0
360610283004002,1375
360610283001000,726
360610283003001,239
360610285001000,723
360610285001001,1434
360610285002000,1747
360610285003000,709
360610285003001,489
360610285004000,1692
360610287000001,0
360610287001000,0
360610287001001,0
360610287001002,0
360610287001003,0
360610287001004,246
360610287001005,319
360610287001006,100
360610287001008,0
360610287001009,0
360610287001010,0
360610287002001,699
360610287003000,757
360610287001007,0
360610287002000,699
360610287003001,952
360610291001000,1741
360610291002000,973
360610291003001,460
360610291004000,96
360610291004002,202
360610291005000,1518
360610291006000,1857
360610291003000,1136
360610291004001,1344
360610291007000,1182
360610293001000,1136
360610293001001,198
360610293001003,505
360610293001004,0
360610293002001,0
360610293003000,578
360610293003001,1130
360610293004001,1003
360610293005000,1416
360610293001002,0
360610293002000,1298
360610293004000,771
360610295001001,872
360610295002000,773
360610295003000,1078
360610295003001,905
360610295004000,405
360610295004001,683
360610295004002,741
360610295001000,1089
360610295002001,493
360610297000001,0
360610297000002,0
360610297000003,0
360610297000004,0
360610297001000,0
360610297001001,3
360610297001002,0
360610297001003,13
360610297001004,0
360610297001005,0
360610297001006,0
360610299000001,0
360610299000003,0
360610299001000,406
360610299001001,1124
360610299002000,0
360610299002001,0
360610299002003,0
360610299002004,0
360610299002006,8
360610299002007,0
360610299003001,81
360610299003002,569
360610299003003,112
360610299003005,0
360610299003006,0
360610299003008,0
360610299003009,0
360610299003011,0
360610299003012,9
360610299000002,0
360610299001002,1124
360610299002002,0
360610299002005,0
360610299003000,0
360610299003004,165
360610299003007,0
360610299003010,0
360610303001000,165
360610303001002,767
360610303001003,409
360610303002001,227
360610303002002,292
360610303003000,328
360610303003001,425
360610303003002,99
360610303003003,538
360610303001001,25
360610303002000,0
360610303002003,416
360610307001000,0
360610307001001,701
360610307001002,33
360610307002000,322
360610307002001,706
360610307003000,717
360610307003001,948
360610309004003,535
360610309005000,1134
360610309005001,768
360610309001000,0
360610309002000,656
360610309002001,610
360610309002002,927
360610309003000,2362
360610309004000,343
360610309004001,790
360610309002003,0
360610309004002,469
360610311000001,0
360610311000002,0
360610311000003,0
360610311000004,0
360610311000005,0
360610311000006,0
360610311001000,4
360610311001001,0
360610311001002,0
360610311001003,0
360610311001004,0
360610311001006,0
360610311001007,0
360610311001009,8
360610311001005,0
360610311001008,0
360610317030001,0
360610317031000,0
360610317031001,753
360610317031002,0
360610317032000,2145
360610317033000,904
360610317033002,434
360610317033003,0
360610317033005,1013
360610317033006,0
360610317033007,0
360610317033009,0
360610317033010,0
360610317030002,0
360610317031003,0
360610317033001,0
360610317033004,0
360610317033008,598
360610317033011,0
360610317040002,0
360610317041000,3104
360610317041001,21
360610317041002,0
360610317042001,26
360610317043000,0
360610317043002,26
360610317043003,460
360610317043004,0
360610317043005,0
360610317043006,233
360610317043007,577
360610317043008,619
360610317044000,1525
360610317040003,0
360610317042000,1862
360610317043001,1969
360610317040001,0
360610319000001,0
360610319000002,0
360610319000003,0
360610319001000,3
360610319001001,0
360610319001002,0
360610319001003,0
360610319001004,0
360610319001006,0
360610319001007,0
360610319001005,0
360810001011000,912
360810001011001,1233
360810001011002,0
360810001011003,0
360810001011004,0
360810001011005,624
360810001011006,0
360810001011007,33
360810001011008,134
360810001011009,12
360810001011010,0
360810001011011,0
360810001011012,0
360810001011013,0
360810001011014,0
360810001011015,0
360810001012000,916
360810001012001,0
360810001012003,0
360810001012004,795
360810001011016,0
360810001012002,0
360810001021001,0
360810001021002,0
360810001021003,1552
360810001021005,999
360810001022000,1886
360810001022002,685
360810001021000,67
360810001021004,731
360810001022001,1564
360810001031000,0
360810001031002,33
360810001031003,0
360810001031001,0
360810001041001,0
360810001041002,0
360810001041003,0
360810001041005,0
360810001041006,0
360810001041008,0
360810001041009,0
360810001041011,0
360810001041012,4
360810001041013,0
360810001041015,0
360810001041016,0
360810001041018,4
360810001041019,13
360810001041020,0
360810001041021,0
360810001041022,0
360810001041023,0
360810001041024,0
360810001041025,0
360810001041026,0
360810001041027,0
360810001041028,0
360810001041029,0
360810001041030,0
360810001041031,0
360810001041032,0
360810001041033,6
360810001041035,0
360810001041036,0
360810001041037,0
360810001041000,0
360810001041004,0
360810001041007,0
360810001041010,0
360810001041014,0
360810001041017,0
360810001041034,0
360810001041038,0
360810002001000,355
360810002001001,323
360810002001003,251
360810002002000,561
360810002002003,0
360810002002005,334
360810002002006,282
360810002001002,286
360810002002001,198
360810002002004,185
360810002002002,309
360810004001000,277
360810004001002,468
360810004001003,322
360810004001005,221
360810004002000,259
360810004002002,262
360810004002003,269
360810004002005,227
360810004003000,214
360810004003001,166
360810004003003,291
360810004003004,269
360810004001001,361
360810004001004,209
360810004002001,333
360810004002004,406
360810004003002,364
360810006001001,316
360810006001002,202
360810006001003,264
360810006001004,159
360810006001005,51
360810006002000,289
360810006002001,325
360810006002002,44
360810006002003,141
360810006002004,104
360810006002005,262
360810006003000,358
360810006003001,251
360810006003002,69
360810006003003,255
360810006003004,293
360810006003005,148
360810006003006,0
360810006003008,216
360810006003009,63
360810006001000,204
360810006003007,163
360810007011001,161
360810007011002,145
360810007011003,291
360810007011005,133
360810007012000,646
360810007012002,148
360810007012003,345
360810007012005,132
360810007012006,0
360810007012008,0
360810007012009,221
360810007012010,35
360810007012012,84
360810007012013,0
360810007012015,0
360810007012016,0
360810007012018,0
360810007012019,0
360810007011000,456
360810007011004,348
360810007012001,0
360810007012004,102
360810007012007,0
360810007012011,213
360810007012014,0
360810007012017,0
360810007021000,645
360810007021002,58
360810007021003,398
360810007021005,63
360810007021006,286
360810007022000,348
360810007022001,318
360810007022002,310
360810007022003,9
360810007022004,0
360810007023000,196
360810007023001,0
360810007023002,56
360810007023003,38
360810007023004,87
360810007023005,69
360810007023006,393
360810007023007,333
360810007023008,255
360810007021001,0
360810007021004,148
360810007023009,250
360810008001000,324
360810008001001,284
360810008001003,257
360810008001004,356
360810008002001,326
360810008002002,309
360810008002004,251
360810008002005,231
360810008001002,275
360810008002000,486
360810008002003,235
360810008001005,246
360810010001001,525
360810010001002,403
360810010002000,239
360810010002001,373
360810010002002,361
360810010002004,466
360810010001000,516
360810010001003,504
360810010002003,402
360810012001000,313
360810012001002,123
360810012001003,325
360810012002000,119
360810012002001,299
360810012002003,90
360810012002004,233
360810012002005,253
360810012003001,726
360810012003002,751
360810012001001,165
360810012001004,276
360810012002002,188
360810012003000,322
360810014001000,210
360810014001001,274
360810014001002,308
360810014001003,178
360810014001004,187
360810014001005,170
360810014002000,299
360810014002001,549
360810014002002,460
360810014002003,282
360810014003000,90
360810014003001,247
360810014003002,292
360810014003003,226
360810014003004,169
360810014003005,173
360810016001001,178
360810016001002,304
360810016001004,187
360810016002001,274
360810016002002,302
360810016002003,319
360810016002005,272
360810016001000,228
360810016001003,319
360810016002000,176
360810016002004,342
360810016001005,140
360810018001000,234
360810018001002,567
360810018001003,260
360810018002001,180
360810018002002,271
360810018002004,154
360810018002005,179
360810018002006,116
360810018001001,567
360810018002000,234
360810018002003,282
360810019011001,41
360810019011002,0
360810019011004,0
360810019011005,853
360810019011000,17
360810019011003,20
360810019011006,503
360810019021000,0
360810019021001,0
360810019021002,0
360810019021004,971
360810019021005,0
360810019021006,29
360810019021007,134
360810019021008,81
360810019021009,83
360810019021010,149
360810019021011,0
360810019021012,1429
360810019021013,0
360810019021014,1939
360810019021015,0
360810019021016,3400
360810019021003,430
360810019031009,0
360810019031010,0
360810019031012,19
360810019031013,12
360810019031015,0
360810019031016,0
360810019031018,0
360810019031019,18
360810019031021,0
360810019031022,0
360810019031023,32
360810019031025,46
360810019031026,24
360810019031028,0
360810019031029,0
360810019031031,552
360810019031032,34
360810019031034,97
360810019031035,0
360810019031036,0
360810019031038,0
360810019031039,149
360810019031000,0
360810019031001,0
360810019031002,0
360810019031003,0
360810019031004,0
360810019031006,22
360810019031007,0
360810019031008,0
360810019031011,0
360810019031014,10
360810019031017,0
360810019031020,0
360810019031024,32
360810019031027,0
360810019031030,0
360810019031033,49
360810019031037,1103
360810019031040,0
360810019031005,15
360810020001000,314
360810020001001,339
360810020001002,129
360810020001003,554
360810020001004,271
360810020001005,79
360810020001006,122
360810020001007,63
360810020001008,0
360810022001000,575
360810022001001,208
360810022001002,72
360810022001003,129
360810022001004,192
360810022002001,90
360810022002002,80
360810022002004,259
360810022002005,72
360810022002006,13
360810022002000,283
360810022002003,317
360810024001001,665
360810024002000,202
360810024002002,336
360810024002003,230
360810024002005,263
360810024001000,179
360810024002001,0
360810024002004,320
360810025003000,1180
360810025004000,1234
360810025005000,1158
360810025006001,0
360810025006002,0
360810025002000,1097
360810025006000,1350
360810025001000,1223
360810026001001,104
360810026001002,41
360810026001004,151
360810026001005,177
360810026002000,233
360810026002001,245
360810026002002,677
360810026001000,121
360810026001003,144
360810026001006,257
360810028001001,438
360810028001002,165
360810028001004,287
360810028001005,165
360810028001006,249
360810028001007,116
360810028002000,266
360810028002001,241
360810028002002,513
360810028002003,240
360810028002004,0
360810028002005,0
360810028002006,142
360810028002007,165
360810028001000,163
360810028001003,154
360810030001000,372
360810030001001,328
360810030001002,209
360810030001003,93
360810030001005,0
360810030001006,0
360810030001008,87
360810030001004,299
360810030001007,91
360810031001000,233
360810031001002,207
360810031001003,109
360810031001004,167
360810031002001,128
360810031002004,43
360810031002005,3
360810031002007,49
360810031002008,137
360810031001001,94
360810031002000,197
360810031002003,38
360810031002006,613
360810031002009,0
360810031002002,139
360810032001000,100
360810032001001,162
360810032001002,126
360810032001004,0
360810032001005,0
360810032001007,187
360810032001008,0
360810032001010,212
360810032001011,105
360810032001013,470
360810032001014,165
360810032001015,0
360810032001003,43
360810032001006,0
360810032001009,137
360810032001012,84
360810032001016,0
360810033011017,767
360810033011019,0
360810033011000,125
360810033011001,0
360810033011002,9
360810033011003,370
360810033011004,461
360810033011005,61
360810033011006,591
360810033011007,730
360810033011008,1189
360810033011009,96
360810033011010,0
360810033011011,0
360810033011012,0
360810033011013,0
360810033011014,0
360810033011015,0
360810033011018,0
360810033011016,0
360810033021000,9
360810033021001,0
360810033021003,265
360810033021004,134
360810033021006,226
360810033021007,188
360810033021009,11
360810033022000,30
360810033022002,133
360810033022003,326
360810033022004,86
360810033022006,0
360810033022007,10
360810033022009,0
360810033022010,158
360810033022012,148
360810033021002,108
360810033021005,113
360810033021008,14
360810033022001,13
360810033022005,22
360810033022008,18
360810033022011,154
360810034001000,32
360810034001001,0
360810034001003,233
360810034001004,114
360810034001006,184
360810034001007,81
360810034001009,0
360810034001010,81
360810034001011,55
360810034002000,191
360810034002001,223
360810034002002,201
360810034002003,246
360810034002004,339
360810034002005,215
360810034001002,179
360810034001005,68
360810034001008,0
360810036001000,234
360810036001001,190
360810036001002,259
360810036001003,221
360810036001004,225
360810036001005,212
360810036001007,144
360810036001008,66
360810036001010,79
360810036001011,0
360810036001012,0
360810036002001,363
360810036002002,328
360810036002004,331
360810036002005,300
360810036001006,279
360810036001009,95
360810036002000,223
360810036002003,355
360810036002006,291
360810037001000,0
360810037001003,1
360810037001004,0
360810037001005,0
360810037001007,0
360810037001002,0
360810037001006,0
360810037001001,1
360810038001000,0
360810038001002,126
360810038001003,131
360810038001005,179
360810038001006,201
360810038001008,0
360810038001009,0
360810038001010,129
360810038002000,390
360810038002001,317
360810038002003,284
360810038002004,270
360810038001001,125
360810038001004,78
360810038001007,0
360810038001011,0
360810038002002,260
360810039001000,184
360810039001001,72
360810039001002,229
360810039001003,495
360810039001004,116
360810039001005,240
360810039001006,87
360810039001007,0
360810039001008,39
360810039001009,0
360810040011001,293
360810040011002,298
360810040011003,326
360810040011004,215
360810040011006,0
360810040011007,112
360810040012001,120
360810040012002,353
360810040012004,75
360810040012005,240
360810040012006,53
360810040011000,0
360810040011005,0
360810040012000,0
360810040012003,318
360810040012007,0
360810040021000,0
360810040021001,43
360810040021003,313
360810040021004,178
360810040021006,0
360810040021007,0
360810040021008,0
360810040021010,95
360810040021011,25
360810040021013,0
360810040021014,50
360810040021002,545
360810040021005,28
360810040021009,84
360810040021012,0
360810042001001,52
360810042001002,37
360810042001003,309
360810042001005,86
360810042001006,430
360810042001008,155
360810042001009,0
360810042002001,364
360810042002002,448
360810042003000,564
360810042003001,523
360810042003002,481
360810042001000,203
360810042001004,360
360810042001007,52
360810042002000,441
360810043001000,904
360810043001001,1252
360810043002000,38
360810043002001,111
360810043002002,21
360810043002003,0
360810043002004,0
360810043002005,0
360810044011000,339
360810044011001,155
360810044011002,0
360810044011003,0
360810044011004,129
360810044011005,207
360810044011006,274
360810044011008,199
360810044011009,74
360810044011011,296
360810044011012,228
360810044011013,197
360810044012001,240
360810044012002,20
360810044012004,130
360810044012005,292
360810044012007,101
360810044012008,76
360810044012009,0
360810044012011,265
360810044011007,0
360810044011010,33
360810044012000,115
360810044012003,282
360810044012006,150
360810044012010,114
360810045001000,0
360810045001002,0
360810045001003,0
360810045001005,0
360810045001006,447
360810045001008,126
360810045001009,202
360810045001010,183
360810045003000,594
360810045003001,732
360810045001001,0
360810045001004,0
360810045001007,224
360810045002000,744
360810047001001,622
360810047001002,508
360810047002000,1200
360810047002001,1262
360810047001000,336
360810047001003,162
360810050001000,0
360810050001001,0
360810051001000,312
360810051001001,608
360810051001002,286
360810051001003,333
360810051002000,393
360810051002001,199
360810051002002,140
360810051002003,40
360810051002004,27
360810051002005,22
360810051002006,152
360810052001000,318
360810052001001,199
360810052001003,253
360810052001004,179
360810052001005,65
360810052001007,134
360810052002000,433
360810052002002,112
360810052002003,51
360810052001002,291
360810052001006,59
360810052002001,506
360810052002004,480
360810053001000,492
360810053002000,374
360810053002001,454
360810053002002,569
360810053003001,639
360810053004000,447
360810053004002,344
360810053004003,294
360810053001002,676
360810053003000,333
360810053004001,550
360810053001001,225
360810054001001,0
360810054001002,31
360810054001004,0
360810054001005,199
360810054001006,206
360810054002000,0
360810054002001,103
360810054002003,260
360810054002004,141
360810054002005,239
360810054002006,194
360810054003000,35
360810054003001,0
360810054003002,187
360810054003003,255
360810054003004,256
360810054003005,231
360810054003006,255
360810054003007,94
360810054003008,131
360810054003009,146
360810054003010,157
360810054004000,71
360810054004002,0
360810054004003,114
360810054004005,99
360810054004006,134
360810054004007,134
360810054004009,256
360810054004010,422
360810054001000,0
360810054001003,212
360810054001007,202
360810054002002,265
360810054004001,105
360810054004004,139
360810054004008,247
360810054004011,89
360810055001000,139
360810055001001,20
360810055001003,53
360810055001006,22
360810055001007,41
360810055001008,87
360810055001010,227
360810055001011,106
360810055001002,372
360810055001005,137
360810055001009,0
360810055001012,119
360810055001004,44
360810057001000,562
360810057001001,376
360810057001003,0
360810057001004,32
360810057001006,410
360810057002000,329
360810057002001,500
360810057003001,844
360810057003002,0
360810057003004,48
360810057001002,385
360810057001005,216
360810057003000,575
360810057003003,0
360810058001005,17
360810058001006,308
360810058001007,104
360810058001008,36
360810058001009,151
360810058001010,46
360810058001011,47
360810058001012,215
360810058001013,177
360810058001014,195
360810058002000,0
360810058002001,0
360810058002002,48
360810058002004,127
360810058002005,161
360810058002006,148
360810058002008,158
360810058002009,0
360810058003000,96
360810058003001,60
360810058003003,98
360810058003006,179
360810058003007,223
360810058003008,136
360810058003010,151
360810058003011,175
360810058003013,0
360810058004000,168
360810058004002,128
360810058004003,188
360810058004005,149
360810058001000,214
360810058001001,124
360810058001002,260
360810058001003,345
360810058001004,168
360810058002003,441
360810058002007,110
360810058002010,31
360810058003002,70
360810058003005,20
360810058003009,228
360810058003012,65
360810058004001,232
360810058004004,147
360810058003004,50
360810059001000,664
360810059001001,527
360810059001003,110
360810059001004,478
360810059002001,619
360810059003000,640
360810059003001,348
360810059001002,74
360810059002000,771
360810061001000,588
360810061001001,723
360810061002000,878
360810061002001,1124
360810061003000,921
360810061003001,764
360810061004000,264
360810061004001,210
360810061004002,819
360810062011000,343
360810062011001,283
360810062011002,706
360810062011003,306
360810062011005,354
360810062011006,0
360810062011007,0
360810062011009,161
360810062011010,0
360810062013000,1058
360810062013001,778
360810062011004,0
360810062011008,263
360810062012000,1137
360810062021001,0
360810062021002,0
360810062021003,73
360810062021005,0
360810062021006,22
360810062021008,72
360810062021009,0
360810062022001,0
360810062022002,486
360810062022004,0
360810062022005,29
360810062022006,0
360810062023001,178
360810062023002,212
360810062023004,178
360810062023005,91
360810062024001,199
360810062024002,125
360810062024003,241
360810062025000,0
360810062025001,216
360810062025002,160
360810062025003,140
360810062025004,172
360810062025005,275
360810062026000,412
360810062026001,242
360810062026002,374
360810062026003,213
360810062026004,0
360810062027000,0
360810062027001,320
360810062027002,326
360810062027003,364
360810062027005,269
360810062027006,198
360810062027008,0
360810062027009,0
360810062021000,0
360810062021004,0
360810062021007,73
360810062022000,0
360810062022003,172
360810062023000,213
360810062023003,180
360810062024000,84
360810062024004,306
360810062027004,334
360810062027007,0
360810063001001,676
360810063001002,166
360810063002001,733
360810063002002,524
360810063002003,125
360810063003001,419
360810063003002,74
360810063004001,467
360810063004002,133
360810063001000,241
360810063002000,785
360810063003000,1097
360810063004000,437
360810065011001,221
360810065011002,834
360810065012000,303
360810065012002,550
360810065012003,304
360810065011000,342
360810065012001,275
360810065013000,816
360810065021000,392
360810065021001,433
360810065021003,286
360810065022000,747
360810065023001,823
360810065021002,538
360810065023000,785
360810069001000,1136
360810069001001,496
360810069002001,497
360810069002002,487
360810069002003,941
360810069002004,29
360810069002005,50
360810069003000,599
360810069003001,655
360810069003002,151
360810069002000,155
360810071001001,186
360810071001002,142
360810071001003,191
360810071002001,470
360810071003000,574
360810071003002,404
360810071004000,478
360810071004002,0
360810071004003,192
360810071004006,95
360810071001000,168
360810071002000,512
360810071003001,362
360810071004001,301
360810071004004,90
360810071004005,190
360810073001000,172
360810073001002,528
360810073002000,1185
360810073003000,327
360810073003001,263
360810073003003,470
360810073003004,234
360810073001001,542
360810073002001,466
360810073003002,191
360810073003005,92
360810075001000,699
360810075001001,641
360810075001002,580
360810075003000,896
360810075002000,1661
360810077001000,275
360810077001002,189
360810077001003,0
360810077001004,191
360810077001005,591
360810077001006,504
360810077001007,10
360810077001001,354
360810079001000,285
360810079001001,405
360810079001002,382
360810079001003,355
360810079001004,596
360810079001005,437
360810079002000,127
360810079002001,247
360810079002002,286
360810079002003,220
360810079002005,176
360810079002004,112
360810081001000,33
360810081001002,0
360810081001003,152
360810081001004,421
360810081001006,220
360810081001007,361
360810081001001,0
360810081001005,240
360810081001008,334
360810083001000,118
360810083001001,478
360810083002000,439
360810083002002,309
360810083002003,873
360810083002004,82
360810083002006,40
360810083002007,166
360810083001002,163
360810083002001,197
360810083002005,207
360810083002008,47
360810083001003,396
360810085002004,268
360810085002005,0
360810085001000,24
360810085001001,231
360810085001003,120
360810085001004,84
360810085001006,108
360810085001007,42
360810085001008,48
360810085002000,316
360810085002001,68
360810085002003,49
360810085001002,64
360810085001005,273
360810085001009,94
360810085002002,190
360810086001000,0
360810086001001,28
360810086001002,224
360810086001003,246
360810086001004,244
360810086001005,0
360810086001006,0
360810086001007,145
360810086001008,166
360810086001009,149
360810086001010,161
360810086001012,24
360810086001013,143
360810086001015,46
360810086002000,134
360810086002001,91
360810086002003,76
360810086002004,168
360810086002006,0
360810086002007,172
360810086002010,76
360810086002012,59
360810086002013,74
360810086002014,60
360810086001011,111
360810086001014,0
360810086002002,91
360810086002005,0
360810086002008,50
360810086002011,73
360810086002009,178
360810087001001,0
360810087002000,752
360810087002002,260
360810087002003,630
360810087003000,481
360810087003001,1563
360810087001000,1367
360810087002001,123
360810087002004,0
360810088002000,88
360810088002001,157
360810088002003,182
360810088002004,152
360810088002005,90
360810088002007,0
360810088002010,28
360810088002011,61
360810088002013,173
360810088002014,7
360810088001001,89
360810088001002,130
360810088001003,120
360810088001005,190
360810088001006,105
360810088001008,175
360810088001009,112
360810088001010,121
360810088001011,150
360810088001012,87
360810088001013,67
360810088001014,80
360810088001015,213
360810088001016,142
360810088001000,59
360810088001004,148
360810088001007,0
360810088001017,0
360810088002002,160
360810088002006,0
360810088002009,0
360810088002012,51
360810088002015,0
360810088002008,312
360810091001000,697
360810091001001,18
360810091001002,20
360810091002000,324
360810091002001,301
360810091002003,286
360810091002004,284
360810091001003,492
360810091002002,311
360810094001001,372
360810094001002,506
360810094001004,154
360810094001005,0
360810094002000,359
360810094002001,107
360810094002002,306
360810094002004,251
360810094001000,304
360810094001003,265
360810094001006,0
360810094002003,295
360810095001000,446
360810095001001,574
360810095001002,0
360810095001003,0
360810095001004,0
360810095002000,148
360810095002001,154
360810095002002,306
360810095002003,128
360810095002004,76
360810095002005,17
360810095002006,0
360810095002007,0
360810095002008,0
360810095002009,0
360810095002011,0
360810095002012,0
360810095002014,334
360810095002015,0
360810095002016,0
360810095002018,0
360810095002019,0
360810095002010,0
360810095002013,327
360810095002017,0
360810096001001,379
360810096001002,320
360810096001004,232
360810096002001,87
360810096002002,175
360810096002003,314
360810096002005,146
360810096002006,125
360810096002008,45
360810096001000,290
360810096001003,280
360810096002000,191
360810096002004,382
360810096002007,99
360810096001005,62
360810097001000,218
360810097001002,126
360810097001003,158
360810097002001,167
360810097002002,174
360810097002003,375
360810097002005,66
360810097003000,390
360810097003002,139
360810097004000,380
360810097004001,508
360810097004002,147
360810097001001,163
360810097002000,440
360810097002004,72
360810097003001,337
360810098001000,302
360810098001001,254
360810098001002,257
360810098001003,204
360810098001004,142
360810098001005,186
360810098002000,263
360810098002001,187
360810098002002,263
360810098002003,167
360810098002004,79
360810098002005,327
360810099001000,0
360810099001001,0
360810099001003,0
360810099001004,0
360810099001006,0
360810099001002,0
360810099001005,0
360810100001000,318
360810100001002,183
360810100001004,194
360810100002000,292
360810100002001,311
360810100002003,349
360810100002004,412
360810100001001,264
360810100001005,408
360810100002002,261
360810100002005,282
360810100001003,109
360810101001000,278
360810101001001,152
360810101001002,142
360810101001004,138
360810101001005,173
360810101001007,119
360810101002000,180
360810101002002,203
360810101002003,214
360810101002005,178
360810101002006,103
360810101002007,119
360810101001003,205
360810101001006,180
360810101002001,142
360810101002004,128
360810102002003,245
360810102002004,218
360810102002005,187
360810102002006,158
360810102001001,223
360810102001002,223
360810102001003,133
360810102001004,89
360810102001005,45
360810102001006,249
360810102001007,0
360810102001008,32
360810102001009,0
360810102002000,267
360810102002001,251
360810102002002,233
360810102001000,313
360810103001000,0
360810103001001,0
360810103001002,482
360810103001004,399
360810103002001,188
360810103002002,93
360810103002004,240
360810103003000,577
360810103004000,81
360810103004001,765
360810103002000,261
360810103002003,206
360810103003001,638
360810103001003,220
360810104001001,461
360810104001002,436
360810104001003,311
360810104002001,313
360810104002002,258
360810104002004,244
360810104002005,242
360810104001000,477
360810104002000,299
360810104002003,274
360810105001001,714
360810105002000,480
360810105003000,498
360810105003001,520
360810105003002,678
360810105004001,397
360810105001000,305
360810105002001,529
360810105004000,520
360810106001000,292
360810106001002,384
360810106001003,239
360810106002000,389
360810106002001,427
360810106002002,335
360810106002003,445
360810106002004,373
360810106001001,342
360810106001004,191
360810107010001,0
360810107010002,0
360810107011000,5
360810107011001,2
360810108001000,367
360810108001001,454
360810108001002,498
360810108002000,330
360810108002001,344
360810108002002,296
360810108002003,356
360810108002004,389
360810110001000,527
360810110001002,202
360810110001003,332
360810110001004,138
360810110002001,379
360810110002002,387
360810110002004,90
360810110002005,67
360810110001001,129
360810110002000,232
360810110002003,270
360810110002006,437
360810111001000,386
360810111001001,366
360810111002000,59
360810111002001,400
360810111002002,283
360810111002004,119
360810111002005,112
360810111001002,794
360810111002003,207
360810111002006,176
360810112001000,314
360810112001001,198
360810112001003,305
360810112002000,275
360810112002001,45
360810112002003,191
360810112002004,488
360810112001002,287
360810112002002,107
360810112002005,287
360810113001000,460
360810113001001,1013
360810113002001,1272
360810113003000,419
360810113003002,368
360810113002000,394
360810113003001,354
360810114001000,21
360810114001001,34
360810114001002,0
360810114001003,50
360810114001004,211
360810114001005,285
360810114001006,79
360810114001007,178
360810114001008,256
360810114001009,306
360810114001010,119
360810115001000,703
360810115001001,233
360810115001003,117
360810115001005,63
360810115001006,195
360810115002000,183
360810115002001,134
360810115002003,46
360810115002004,62
360810115001004,179
360810115001007,231
360810115002002,103
360810115002005,96
360810115001002,69
360810116001000,98
360810116001001,63
360810116001002,130
360810116001004,180
360810116001005,114
360810116001007,227
360810116002000,159
360810116002002,363
360810116002003,304
360810116001003,69
360810116001006,65
360810116002001,216
360810116002004,382
360810117001000,389
360810117001001,456
360810117002000,350
360810117003000,360
360810117003001,96
360810117003003,211
360810117003004,155
360810117004001,451
360810117002001,489
360810117003002,394
360810117004000,489
360810118002003,211
360810118001000,258
360810118001001,282
360810118001002,220
360810118001003,199
360810118001004,523
360810118002000,255
360810118002001,184
360810118002004,444
360810118002002,114
360810119001000,338
360810119001001,402
360810119002001,437
360810119002002,110
360810119002000,442
360810120001001,184
360810120001002,284
360810120002000,256
360810120002001,129
360810120002002,363
360810120002004,150
360810120002005,171
360810120001000,236
360810120001003,229
360810120002003,383
360810121001001,361
360810121001002,322
360810121002000,489
360810121002001,405
360810121001000,363
360810121001003,237
360810122001001,301
360810122001002,135
360810122001003,131
360810122001005,204
360810122001006,0
360810122002000,273
360810122002001,282
360810122002003,222
360810122002004,257
360810122002005,256
360810122002006,0
360810122002007,0
360810122001000,288
360810122001004,243
360810122001007,26
360810122002002,184
360810123011000,27
360810123011001,16
360810123011002,24
360810123011003,158
360810123011004,0
360810123011005,141
360810123011006,200
360810123011007,183
360810123011008,0
360810123011009,199
360810123011010,191
360810123011011,213
360810123011012,116
360810123012000,21
360810123012002,0
360810123012003,0
360810123012004,0
360810123012006,212
360810123012007,178
360810123012009,123
360810123012010,78
360810123013000,0
360810123013001,0
360810123013002,0
360810123013004,44
360810123013005,407
360810123013007,158
360810123013008,171
360810123012001,0
360810123012005,56
360810123012008,143
360810123012011,94
360810123013003,0
360810123013006,119
360810124001001,267
360810124001002,148
360810124001004,205
360810124001005,0
360810124002000,556
360810124002002,357
360810124002003,194
360810124002005,0
360810124002006,0
360810124001000,467
360810124001003,163
360810124002001,285
360810124002004,231
360810125001001,227
360810125001002,112
360810125001003,98
360810125001004,0
360810125001005,0
360810125001006,51
360810125001007,0
360810125001008,101
360810125001009,118
360810125001010,0
360810125001011,0
360810125001012,0
360810125001013,0
360810125001014,0
360810125001015,0
360810125001016,0
360810125001018,0
360810125001019,0
360810125001021,0
360810125002000,552
360810125002002,20
360810125002003,0
360810125001000,192
360810125001017,0
360810125001020,0
360810125002001,264
360810125002004,0
360810126011000,405
360810126011001,688
360810126011002,386
360810126011004,0
360810126012000,500
360810126012002,366
360810126012003,0
360810126011003,0
360810126012001,251
360810126012004,0
360810126021000,418
360810126021001,413
360810126021002,412
360810126022001,264
360810126022002,289
360810126022004,223
360810126022005,147
360810126022000,374
360810126022003,175
360810126022006,0
360810128001000,73
360810128001001,357
360810128001002,154
360810128001004,215
360810128001005,171
360810128002001,229
360810128002002,326
360810128002003,285
360810128001003,182
360810128002000,220
360810130002002,156
360810130002003,145
360810130002004,197
360810130001000,37
360810130001001,47
360810130001002,270
360810130001003,105
360810130001004,86
360810130001005,85
360810130001006,67
360810130001007,16
360810130002000,109
360810130002001,129
360810130002005,308
360810132001000,87
360810132001001,123
360810132001003,0
360810132001004,0
360810132001006,61
360810132001007,72
360810132001009,162
360810132001010,11
360810132001011,0
360810132002001,0
360810132002002,0
360810132002004,40
360810132002005,122
360810132002007,157
360810132002008,405
360810132002010,72
360810132002011,36
360810132001002,53
360810132001005,0
360810132001008,245
360810132002000,0
360810132002003,65
360810132002006,159
360810132002009,49
360810134001000,1110
360810134001001,1214
360810134002000,391
360810134002001,384
360810134002002,60
360810134002003,224
360810134002004,41
360810134002005,81
360810134002006,282
360810134003000,348
360810134003001,480
360810134003002,302
360810134003003,463
360810134004001,82
360810134004002,60
360810134004000,382
360810135001000,269
360810135001001,127
360810135001003,191
360810135001004,240
360810135001006,311
360810135001002,155
360810135001005,233
360810136001000,686
360810136001002,139
360810136001003,85
360810136002000,292
360810136002002,427
360810136001001,233
360810136002001,132
360810137001000,370
360810137001002,254
360810137001003,193
360810137001005,0
360810137001006,0
360810137001008,0
360810137001009,41
360810137001010,241
360810137001012,0
360810137001013,0
360810137001015,0
360810137001016,0
360810137001018,0
360810137001019,0
360810137001020,0
360810137001021,0
360810137001022,79
360810137001023,27
360810137001024,85
360810137001025,50
360810137001026,16
360810137001027,11
360810137001001,177
360810137001004,81
360810137001007,16
360810137001011,106
360810137001014,0
360810137001017,0
360810138001000,274
360810138001001,824
360810138001002,249
360810138001003,249
360810138002000,209
360810138002001,132
360810138002002,0
360810138002004,613
360810138002006,318
360810138002007,37
360810138002005,525
360810138002003,355
360810140001001,0
360810140001002,201
360810140001004,172
360810140001005,169
360810140001007,526
360810140001008,351
360810140001009,54
360810140002000,0
360810140002001,132
360810140002003,226
360810140002004,681
360810140002006,252
360810140002007,288
360810140001000,0
360810140001003,370
360810140001006,124
360810140001010,100
360810140002002,176
360810140002005,130
360810141001001,420
360810141002000,17
360810141002001,0
360810141002003,0
360810141002004,0
360810141002006,19
360810141002007,259
360810141002009,59
360810141002010,11
360810141002011,85
360810141002012,98
360810141002013,50
360810141001000,202
360810141002002,14
360810141002005,0
360810141002008,411
360810142011000,102
360810142011001,497
360810142011002,270
360810142011003,385
360810142011004,338
360810142011005,385
360810142012000,307
360810142012001,724
360810142012002,186
360810142012003,588
360810142012004,488
360810142012005,432
360810142022006,0
360810142022007,0
360810142022009,0
360810142022010,0
360810142022012,228
360810142021001,49
360810142021002,199
360810142021003,77
360810142021005,896
360810142021006,295
360810142021008,201
360810142021009,0
360810142022000,104
360810142022002,136
360810142022003,17
360810142022004,87
360810142022001,122
360810142022005,159
360810142022008,157
360810142022011,0
360810142021000,11
360810142021004,107
360810142021007,25
360810143001000,659
360810143001001,670
360810143002001,629
360810143002002,791
360810143002000,1258
360810144001001,196
360810144001002,204
360810144001003,195
360810144001004,40
360810144001005,140
360810144001006,109
360810144001007,178
360810144001008,116
360810144001009,289
360810144001010,231
360810144001011,0
360810144001012,0
360810144001000,307
360810145001000,437
360810145001001,325
360810145001003,216
360810145002001,606
360810145002000,784
360810145001002,0
360810147001000,398
360810147001002,310
360810147002000,334
360810147002002,265
360810147003000,324
360810147003002,289
360810147001001,288
360810147002001,298
360810147003001,427
360810148001000,124
360810148001001,106
360810148001003,175
360810148001004,194
360810148001006,0
360810148001007,181
360810148001009,388
360810148001010,347
360810148001012,239
360810148001002,147
360810148001005,7
360810148001008,271
360810148001011,7
360810149001000,473
360810149001001,914
360810149002001,107
360810149002002,594
360810149002004,65
360810149002000,161
360810149002003,163
360810150001000,185
360810150001002,153
360810150001003,208
360810150001004,204
360810150001005,246
360810150002000,205
360810150002001,237
360810150002002,239
360810150002003,163
360810150002004,192
360810150002005,224
360810150001001,162
360810151001000,667
360810151001001,525
360810151002000,142
360810151002001,173
360810151002002,229
360810151002003,266
360810151002004,0
360810151002005,673
360810152001000,0
360810152001002,152
360810152001003,195
360810152001005,330
360810152001006,139
360810152002001,128
360810152002002,230
360810152002004,186
360810152002005,284
360810152002006,263
360810152001001,177
360810152001004,318
360810152002000,0
360810152002003,236
360810153001001,249
360810153001002,427
360810153001004,91
360810153001005,188
360810153002001,0
360810153002002,93
360810153001000,173
360810153001003,0
360810153002000,457
360810153002003,453
360810154001000,199
360810154001001,0
360810154001002,129
360810154001004,183
360810154001005,258
360810154002001,218
360810154002002,171
360810154002004,369
360810154002005,260
360810154001003,228
360810154002000,175
360810154002003,200
360810155001000,323
360810155001001,680
360810155001002,517
360810155002000,319
360810155002001,234
360810155002002,271
360810156001000,272
360810156001001,309
360810156001002,178
360810156001003,124
360810156001004,351
360810156001005,131
360810156002000,320
360810156002001,226
360810156002002,278
360810156002003,328
360810156002005,367
360810156002004,326
360810157001000,654
360810157001001,434
360810157001003,285
360810157001004,0
360810157001006,0
360810157001007,209
360810157001002,53
360810157001005,0
360810157001008,20
360810158011000,0
360810158011001,162
360810158011003,263
360810158011004,321
360810158011006,200
360810158011007,189
360810158012001,45
360810158012002,61
360810158012004,266
360810158012005,262
360810158012006,128
360810158013001,90
360810158013002,152
360810158013004,330
360810158013005,208
360810158011002,133
360810158011005,0
360810158012000,116
360810158012003,337
360810158013000,93
360810158013003,461
360810158021000,110
360810158021001,202
360810158021002,97
360810158021003,373
360810158021004,401
360810158021005,264
360810158022000,367
360810158022001,355
360810158022002,241
360810158022003,372
360810158022004,278
360810158023000,181
360810158023001,224
360810158023003,275
360810158023004,447
360810158023002,218
360810158023005,202
360810159001000,462
360810159001001,414
360810159002000,609
360810159002001,636
360810159002002,0
360810159003001,128
360810159003002,0
360810159004001,487
360810159004002,91
360810159001002,174
360810159003000,328
360810159004000,681
360810161001001,609
360810161001002,0
360810161002000,688
360810161002001,553
360810161002002,0
360810161001000,385
360810161001003,56
360810163001001,259
360810163001002,229
360810163002000,858
360810163002001,0
360810163003000,586
360810163003001,1754
360810163001000,367
360810163001003,0
360810163002002,0
360810164001001,199
360810164001002,229
360810164001003,280
360810164001005,74
360810164002000,250
360810164002001,282
360810164002002,325
360810164002003,308
360810164002004,484
360810164002005,359
360810164001000,216
360810164001004,300
360810166001000,310
360810166001001,285
360810166001002,391
360810166001003,408
360810166001004,89
360810166001005,255
360810166001006,402
360810166002001,259
360810166002003,254
360810166002004,154
360810166002002,227
360810166002005,119
360810166002000,247
360810168001000,198
360810168001001,233
360810168001003,196
360810168001004,207
360810168001006,41
360810168002000,193
360810168002001,60
360810168002003,252
360810168002004,102
360810168002006,244
360810168002007,205
360810168002009,0
360810168002010,0
360810168001002,372
360810168001005,169
360810168002002,147
360810168002005,85
360810168002008,60
360810169001001,1077
360810169001002,66
360810169001003,327
360810169002001,46
360810169002002,406
360810169002004,371
360810169002005,73
360810169003000,708
360810169003001,675
360810169004000,1045
360810169001000,199
360810169002000,241
360810169002003,86
360810169002006,257
360810170001000,0
360810170001001,288
360810170001002,229
360810170001003,240
360810170001004,298
360810170001005,374
360810170002000,245
360810170002001,15
360810170002002,23
360810170002003,140
360810170002004,80
360810170002005,248
360810170002006,199
360810170002007,125
360810170002008,0
360810171011001,0
360810171011002,0
360810171011004,11
360810171011005,0
360810171011007,0
360810171011008,3
360810171011009,19
360810171011011,0
360810171011012,0
360810171011014,0
360810171011015,0
360810171011000,0
360810171011003,1
360810171011006,2
360810171011010,0
360810171011013,0
360810171021004,11
360810171021006,0
360810171021001,7
360810171021002,0
360810171021005,0
360810171021000,9
360810171021003,0
360810172001000,272
360810172001002,238
360810172001003,233
360810172001005,44
360810172001006,94
360810172001007,100
360810172002001,93
360810172002002,70
360810172002004,197
360810172002005,177
360810172002007,29
360810172001001,258
360810172001004,218
360810172002000,0
360810172002003,33
360810172002006,168
360810174001000,0
360810174001002,224
360810174001003,135
360810174001004,252
360810174001005,239
360810174001006,40
360810174002000,263
360810174002001,259
360810174002002,215
360810174002003,206
360810174002004,206
360810174002005,224
360810174001001,160
360810176001000,97
360810176001001,184
360810176001002,188
360810176001003,182
360810176001005,247
360810176002000,0
360810176002002,219
360810176002003,158
360810176002005,216
360810176002006,40
360810176001004,200
360810176002001,250
360810176002004,200
360810178001000,239
360810178001002,175
360810178001003,202
360810178001005,90
360810178001006,0
360810178002000,0
360810178002001,160
360810178002002,191
360810178002004,188
360810178002005,39
360810178001001,205
360810178001004,152
360810178001007,26
360810178002003,200
360810178002006,217
360810179011000,151
360810179011001,27
360810179011003,272
360810179011004,0
360810179011006,0
360810179011007,536
360810179011002,0
360810179011005,0
360810179021000,0
360810179021002,0
360810179021003,0
360810179021005,0
360810179021006,6
360810179021007,0
360810179021008,1
360810179021009,92
360810179021010,0
360810179021011,0
360810179021012,0
360810179021013,4
360810179021014,6
360810179021015,0
360810179021016,0
360810179021017,0
360810179021018,0
360810179021019,0
360810179021020,0
360810179021022,0
360810179021023,0
360810179021025,0
360810179021026,7
360810179021027,0
360810179021029,0
360810179021030,0
360810179021032,0
360810179021001,0
360810179021004,0
360810179021021,1
360810179021024,7
360810179021028,0
360810179021031,0
360810180001000,0
360810180001002,236
360810180001003,190
360810180001004,151
360810180001006,103
360810180001007,0
360810180001009,101
360810180001010,34
360810180001001,198
360810180001005,242
360810180001008,110
360810180001011,0
360810181011000,480
360810181011001,529
360810181012001,698
360810181013000,39
360810181013001,0
360810181013003,595
360810181012000,659
360810181013002,836
360810181021000,820
360810181022000,0
360810181022001,42
360810181022002,686
360810181022003,514
360810181023000,797
360810181023001,628
360810181021001,313
360810182001000,114
360810182001001,473
360810182001002,122
360810182001003,50
360810182001004,127
360810182001005,0
360810182001006,35
360810182001007,66
360810182001008,84
360810182001009,144
360810182001011,46
360810182002000,188
360810182002001,256
360810182002003,224
360810182002004,237
360810182002006,0
360810182002007,0
360810182001010,125
360810182002002,249
360810182002005,0
360810183001001,234
360810183001002,304
360810183002001,528
360810183003000,738
360810183003002,0
360810183004000,890
360810183004002,0
360810183004003,17
360810183005000,109
360810183005002,608
360810183005003,188
360810183001000,329
360810183002000,534
360810183003001,660
360810183004001,643
360810183005001,203
360810183005004,59
360810184011000,226
360810184011001,108
360810184011003,148
360810184011004,151
360810184011005,199
360810184011006,124
360810184011007,161
360810184011008,182
360810184011009,235
360810184011010,231
360810184011011,258
360810184011012,0
360810184011002,151
360810184021000,150
360810184021001,297
360810184021002,127
360810184021003,48
360810184021004,167
360810184021005,169
360810184021007,125
360810184021008,135
360810184022001,231
360810184022002,207
360810184022004,154
360810184022005,156
360810184021006,64
360810184022000,167
360810184022003,215
360810185011000,423
360810185011002,37
360810185012000,922
360810185012002,263
360810185013000,745
360810185011001,397
360810185012001,170
360810185013001,545
360810185021000,751
360810185022000,720
360810185022001,879
360810185023001,0
360810185023002,477
360810185023004,164
360810185023005,462
360810185023000,0
360810185023003,0
360810186001001,194
360810186001002,182
360810186001003,131
360810186001005,149
360810186001006,180
360810186001008,198
360810186001009,117
360810186001010,0
360810186001011,0
360810186001012,113
360810186001000,242
360810186001004,133
360810186001007,163
360810187001000,544
360810187001001,307
360810187001002,300
360810187001003,70
360810187001004,0
360810187001005,0
360810187001006,0
360810187001007,0
360810187001008,0
360810187001009,0
360810187002000,362
360810187002002,326
360810187003000,335
360810187003002,78
360810187003003,456
360810187003005,12
360810187003006,0
360810187003008,0
360810187002001,426
360810187003001,296
360810187003004,99
360810187003007,0
360810187001010,0
360810188001001,202
360810188001002,177
360810188001004,162
360810188001005,178
360810188001007,167
360810188001008,9
360810188001009,0
360810188001000,215
360810188001003,245
360810188001006,155
360810188001010,0
360810189001000,557
360810189001001,544
360810189002001,133
360810189002002,120
360810189002004,0
360810189002005,0
360810189002006,408
360810189002007,424
360810189003000,80
360810189003001,128
360810189003002,68
360810189003003,380
360810189003004,316
360810189002000,299
360810189002003,0
360810190001000,150
360810190001001,155
360810190001002,107
360810190001003,76
360810190001004,87
360810190001005,219
360810190001006,247
360810190001007,90
360810190001008,22
360810190002001,321
360810190002002,220
360810190002003,249
360810190002000,320
360810190002004,182
360810192001000,270
360810192001001,177
360810192001003,179
360810192001004,164
360810192001006,177
360810192001007,0
360810192002000,257
360810192002001,383
360810192002002,271
360810192001002,51
360810192001005,203
360810192001008,0
360810192002003,227
360810194001000,41
360810194001001,133
360810194001003,131
360810194001004,0
360810194001006,201
360810194001007,126
360810194001008,140
360810194001009,168
360810194002000,188
360810194002001,186
360810194002002,140
360810194002004,310
360810194002005,128
360810194002007,123
360810194002008,180
360810194002010,193
360810194001010,129
360810194002003,0
360810194002006,120
360810194002009,227
360810194001002,151
360810194001005,0
360810196001000,246
360810196001001,284
360810196001002,210
360810196001003,225
360810196001004,199
360810196001005,148
360810196001006,265
360810196001007,214
360810196002000,236
360810196002001,232
360810196002002,256
360810196002003,107
360810196002004,153
360810196002005,71
360810196002006,85
360810196002007,71
360810196002008,120
360810198001001,204
360810198001002,143
360810198001004,164
360810198001005,62
360810198001007,87
360810198002000,155
360810198002001,188
360810198002003,337
360810198002004,145
360810198002006,150
360810198002007,76
360810198003001,174
360810198003002,147
360810198003003,94
360810198003005,129
360810198003006,160
360810198001000,114
360810198001003,172
360810198001006,179
360810198002002,226
360810198002005,189
360810198003000,171
360810198003004,75
360810198003007,141
360810199011000,0
360810199011001,71
360810199011003,353
360810199011004,128
360810199011006,29
360810199011007,20
360810199011008,53
360810199011010,38
360810199012000,0
360810199012002,0
360810199012003,12
360810199012004,186
360810199012005,15
360810199012006,0
360810199012007,0
360810199012008,0
360810199012009,0
360810199012010,0
360810199012011,0
360810199012012,12
360810199012013,0
360810199012014,0
360810199012015,0
360810199012016,0
360810199012017,0
360810199011002,0
360810199011005,17
360810199011009,154
360810199012001,0
360810199021011,0
360810199021013,0
360810199021014,0
360810199021015,0
360810199021017,0
360810199021018,0
360810199021020,0
360810199022000,1
360810199022002,0
360810199022003,0
360810199022004,0
360810199022006,0
360810199022007,0
360810199022009,2
360810199022010,0
360810199022012,0
360810199022013,0
360810199021001,0
360810199021002,0
360810199021003,0
360810199021005,0
360810199021006,0
360810199021008,5
360810199021009,301
360810199021012,2
360810199021016,0
360810199021019,6
360810199022001,0
360810199022005,0
360810199022008,0
360810199022011,0
360810199021000,0
360810199021004,0
360810199021007,0
360810199021010,0
360810199031000,0
360810199031001,0
360810199031002,0
360810199031003,0
360810199031004,0
360810202001000,223
360810202001001,56
360810202001002,0
360810202001003,0
360810202001004,0
360810202001005,124
360810202001006,580
360810202001007,278
360810202001008,367
360810202001009,65
360810204001000,0
360810204001001,0
360810204001002,23
360810204001004,17
360810204001005,65
360810204001007,28
360810204001008,0
360810204001010,100
360810204001011,56
360810204001013,145
360810204001014,219
360810204001015,194
360810204002000,86
360810204002001,105
360810204002003,131
360810204002005,185
360810204002006,87
360810204002008,147
360810204002004,165
360810204002007,188
360810204001003,47
360810204001006,9
360810204001009,0
360810204001012,34
360810204001016,112
360810204002002,135
360810205001000,0
360810205001002,0
360810205001003,35
360810205001005,17
360810205001007,14
360810205001009,0
360810205001010,0
360810205001012,0
360810205001013,0
360810205001015,0
360810205001016,36
360810205001018,25
360810205001019,0
360810205001020,0
360810205001022,0
360810205001023,0
360810205001025,0
360810205002000,0
360810205002001,86
360810205002002,0
360810205002003,0
360810205002004,867
360810205002005,0
360810205001001,0
360810205001004,44
360810205001008,0
360810205001011,37
360810205001014,13
360810205001017,0
360810205001021,0
360810205001024,0
360810205001006,10
360810206001000,0
360810206001001,0
360810206001002,65
360810206001003,279
360810206001004,195
360810206001005,215
360810206001006,204
360810206001007,206
360810206001008,97
360810206001010,272
360810206001012,37
360810206001013,32
360810206001015,55
360810206001016,47
360810206001011,62
360810206001014,0
360810206001009,280
360810208001001,0
360810208001002,0
360810208001004,0
360810208001005,121
360810208001006,34
360810208001008,276
360810208001009,159
360810208001011,214
360810208001012,173
360810208001014,0
360810208001015,0
360810208001017,0
360810208002000,0
360810208002001,15
360810208002003,0
360810208002004,0
360810208002006,38
360810208002007,0
360810208002009,105
360810208002010,613
360810208002011,159
360810208002012,65
360810208002013,81
360810208002014,66
360810208002015,121
360810208002016,0
360810208002017,108
360810208002018,82
360810208002019,72
360810208002020,197
360810208002021,200
360810208002023,0
360810208001000,0
360810208001003,0
360810208001007,79
360810208001010,277
360810208001013,106
360810208001016,0
360810208002002,0
360810208002005,0
360810208002008,78
360810208002022,74
360810212001000,32
360810212001002,29
360810212001003,41
360810212001005,139
360810212001006,297
360810212001008,54
360810212001009,80
360810212001010,43
360810212002000,147
360810212002001,141
360810212002003,213
360810212002004,25
360810212002006,197
360810212002007,237
360810212002009,72
360810212002010,0
360810212002011,0
360810212001001,0
360810212001004,28
360810212001007,270
360810212001011,15
360810212002002,154
360810212002005,0
360810212002008,598
360810214001001,870
360810214002000,351
360810214002002,205
360810214002003,0
360810214002005,0
360810214002006,0
360810214002008,330
360810214002009,0
360810214002010,0
360810214002011,417
360810214003000,426
360810214003001,356
360810214003002,92
360810214003003,0
360810214003004,83
360810214003005,33
360810214003006,0
360810214003007,0
360810214003008,0
360810214003009,156
360810214003011,335
360810214003012,158
360810214003014,71
360810214003015,183
360810214003017,208
360810214001000,1367
360810214002001,38
360810214002004,169
360810214002007,102
360810214003013,316
360810214003016,230
360810214003010,177
360810216011002,0
360810216011003,0
360810216011004,0
360810216011006,0
360810216011007,363
360810216011009,1053
360810216011010,734
360810216012001,0
360810216013000,0
360810216011000,0
360810216011001,0
360810216011005,0
360810216011008,528
360810216012000,0
360810216021000,245
360810216021002,182
360810216021003,244
360810216021005,109
360810216021006,0
360810216021008,0
360810216021009,108
360810216021011,339
360810216021012,0
360810216021001,75
360810216021004,169
360810216021007,0
360810216021010,35
360810216031000,0
360810216031002,0
360810216032000,0
360810216031001,0
360810219001001,0
360810219001002,3
360810219001003,0
360810219001004,0
360810219001005,0
360810219001006,0
360810219001007,7
360810219001008,0
360810219001009,0
360810219001010,8
360810219001011,0
360810219001012,0
360810219001013,0
360810219001014,0
360810219001015,0
360810219001016,0
360810219001017,0
360810219001019,2
360810219001020,11
360810219001021,0
360810219001000,0
360810219001018,0
360810219001022,0
360810220011000,0
360810220011001,101
360810220011003,73
360810220011004,84
360810220011006,67
360810220011007,183
360810220011008,119
360810220012001,0
360810220012002,0
360810220012004,378
360810220012005,613
360810220012007,470
360810220012008,284
360810220012009,0
360810220013001,501
360810220013002,15
360810220013004,0
360810220013005,0
360810220013007,0
360810220013008,0
360810220013009,20
360810220013011,0
360810220013012,0
360810220014000,1109
360810220014001,440
360810220014002,370
360810220011002,63
360810220011005,81
360810220012000,0
360810220012003,534
360810220012006,407
360810220013000,639
360810220013003,0
360810220013006,0
360810220013010,0
360810220021000,0
360810220021001,0
360810220021002,232
360810220021003,117
360810220021004,46
360810220021005,70
360810220021006,83
360810220021007,254
360810220022001,465
360810220022002,660
360810220022003,150
360810220023000,1193
360810220023001,652
360810220024001,327
360810220024002,880
360810220024004,0
360810220024005,0
360810220022000,206
360810220022004,194
360810220024000,0
360810220024003,481
360810229001000,0
360810229001002,0
360810229001003,0
360810229001005,0
360810229001006,0
360810229001008,0
360810229001009,0
360810229001001,0
360810229001004,0
360810229001007,0
360810230001001,318
360810230001002,143
360810230001003,38
360810230001005,37
360810230001006,51
360810230002000,38
360810230002001,55
360810230002003,146
360810230002004,206
360810230002005,304
360810230002006,113
360810230001000,234
360810230001004,120
360810230001007,31
360810230002002,46
360810232001000,242
360810232001001,575
360810232002000,321
360810232002001,1461
360810232002002,348
360810232003000,69
360810232003001,183
360810232003002,46
360810232003003,163
360810232003004,219
360810232003005,727
360810232003006,298
360810232003008,317
360810232003007,295
360810235011006,0
360810235012000,114
360810235012001,948
360810235012003,710
360810235011000,1452
360810235011001,445
360810235011003,0
360810235011004,0
360810235011002,604
360810235011005,0
360810235012002,130
360810235021000,0
360810235021002,1265
360810235021003,498
360810235022000,35
360810235022001,390
360810235022002,264
360810235021001,335
360810235021004,0
360810235022003,586
360810236001000,262
360810236001001,301
360810236001003,363
360810236001004,144
360810236002001,435
360810236002002,681
360810236001002,24
360810236002000,152
360810236002003,904
360810238001000,233
360810238001001,665
360810238002000,543
360810238002002,113
360810238002003,238
360810238003001,0
360810238004000,16
360810238004002,178
360810238004003,358
360810238002001,438
360810238003000,1952
360810238004001,129
360810240001000,241
360810240001002,394
360810240001003,363
360810240001004,402
360810240002000,1263
360810240002001,49
360810240002002,600
360810240002003,399
360810240002004,128
360810240002005,0
360810240002006,0
360810240003000,974
360810240003001,716
360810240003002,455
360810240001001,268
360810243001000,0
360810243001002,111
360810243001004,0
360810243001005,0
360810243001007,0
360810243001008,0
360810243001010,71
360810243001011,168
360810243001013,174
360810243001014,230
360810243002000,192
360810243002002,235
360810243002003,149
360810243002005,0
360810243002006,38
360810243002008,0
360810243002009,0
360810243002011,0
360810243002012,0
360810243002013,62
360810243002015,21
360810243002016,0
360810243003001,204
360810243003002,187
360810243003004,193
360810243003005,227
360810243003006,196
360810243003007,130
360810243003008,45
360810243003009,103
360810243003010,162
360810243003011,239
360810243004000,0
360810243004001,491
360810243004003,0
360810243004004,0
360810243004005,16
360810243004007,236
360810243004008,228
360810243004010,237
360810243004011,242
360810243004013,135
360810243004002,90
360810243004006,287
360810243004009,157
360810243004012,275
360810243001003,15
360810243001006,0
360810243001009,23
360810243001012,114
360810243002001,190
360810243002004,0
360810243002007,6
360810243002010,0
360810243002014,115
360810243003000,61
360810243003003,176
360810243001001,0
360810245001000,297
360810245001002,624
360810245001003,0
360810245001004,0
360810245002000,329
360810245002001,195
360810245002003,268
360810245002004,136
360810245003001,81
360810245003002,255
360810245003003,432
360810245003005,0
360810245003006,0
360810245004001,189
360810245004002,369
360810245004004,84
360810245004005,0
360810245001001,1157
360810245001005,0
360810245002002,634
360810245003000,0
360810245003004,25
360810245004000,127
360810245004003,320
360810245004006,22
360810246001000,1
360810246001001,0
360810246001002,0
360810246001003,0
360810246001004,0
360810246001005,0
360810246001006,0
360810246001007,0
360810246001008,0
360810247001000,331
360810247001001,348
360810247001002,108
360810247001003,262
360810247001004,0
360810247001006,31
360810247001008,21
360810247001009,73
360810247001011,0
360810247001007,0
360810247001010,80
360810247001005,283
360810249001000,532
360810249001001,661
360810249001002,868
360810249001004,0
360810249001005,531
360810249001007,0
360810249002001,336
360810249002002,0
360810249002003,0
360810249003000,300
360810249003001,437
360810249003003,26
360810249003004,254
360810249001003,0
360810249001006,197
360810249002000,734
360810249002004,220
360810249003002,46
360810249003005,582
360810249001008,0
360810251001000,240
360810251001001,0
360810251001003,221
360810251001004,35
360810251002000,278
360810251002002,262
360810251002003,267
360810251002005,0
360810251003000,197
360810251003002,497
360810251003003,444
360810251003004,0
360810251003006,0
360810251004000,396
360810251004001,219
360810251004002,451
360810251004003,0
360810251001002,1395
360810251002001,349
360810251002004,0
360810251003001,567
360810251003005,0
360810253011000,292
360810253011001,673
360810253012000,286
360810253012001,785
360810253012002,0
360810253012003,0
360810253012004,16
360810253012005,0
360810253013000,515
360810253013001,620
360810253013002,0
360810253013003,0
360810253014000,570
360810253014002,186
360810253014001,567
360810253021000,781
360810253022000,564
360810253022001,0
360810253022003,177
360810253022004,479
360810253022005,0
360810253022007,0
360810253022008,0
360810253021001,1012
360810253022002,0
360810253022006,0
360810254011001,198
360810254011002,372
360810254011004,151
360810254011005,80
360810254011006,119
360810254011008,335
360810254011009,356
360810254012000,205
360810254012001,0
360810254012003,118
360810254012004,284
360810254012005,205
360810254012007,91
360810254012008,74
360810254011000,27
360810254011003,148
360810254011007,393
360810254011010,175
360810254012002,96
360810254012006,261
360810254012009,211
360810254021000,0
360810254021001,0
360810254021002,0
360810254021003,146
360810254021004,322
360810254021005,394
360810254021006,324
360810254021007,375
360810254021008,98
360810254021009,284
360810254021010,177
360810254022001,233
360810254022002,305
360810254022004,237
360810254022005,238
360810254022006,324
360810254023001,767
360810254023002,315
360810254023004,333
360810254022000,249
360810254022003,273
360810254023000,391
360810254023003,395
360810255001000,0
360810255001002,0
360810255001003,0
360810255001004,0
360810255001006,37
360810255001007,44
360810255001009,61
360810255001010,136
360810255001012,92
360810255001013,280
360810255001015,515
360810255001001,0
360810255001005,59
360810255001008,31
360810255001011,140
360810255001014,208
360810257001000,263
360810257001001,83
360810257001003,151
360810257001004,180
360810257001006,0
360810257001007,0
360810257001009,520
360810257001010,19
360810257001002,0
360810257001005,159
360810257001008,273
360810258002002,237
360810258002003,259
360810258001000,35
360810258001001,0
360810258001002,0
360810258001003,0
360810258001004,265
360810258001005,65
360810258001006,136
360810258001007,94
360810258001008,157
360810258001009,114
360810258001010,65
360810258001011,192
360810258001012,203
360810258002001,190
360810258002000,277
360810259001000,348
360810259001001,59
360810259001002,0
360810259001003,291
360810259001004,220
360810259001005,195
360810259001006,190
360810259001007,391
360810259001008,227
360810259001009,68
360810259002000,178
360810259002002,18
360810259002003,112
360810259001010,81
360810259002001,1099
360810259001011,65
360810260001001,407
360810260001002,0
360810260002000,141
360810260002001,303
360810260002002,240
360810260002004,197
360810260002005,56
360810260002007,131
360810260002008,63
360810260001000,177
360810260001003,727
360810260002003,208
360810260002006,117
360810260002009,148
360810261001000,655
360810261001001,213
360810261001002,384
360810261002000,651
360810261002001,1361
360810261003001,806
360810261004000,83
360810261004002,352
360810261004003,260
360810261004005,655
360810261004006,26
360810261004007,542
360810261001003,331
360810261003000,1200
360810261004001,116
360810261004004,167
360810262001000,121
360810262001001,310
360810262001002,218
360810262001003,45
360810262001004,97
360810262001005,155
360810262001006,236
360810262001007,126
360810262001008,153
360810262001009,135
360810262001010,31
360810262001011,25
360810263001000,22
360810263001001,0
360810263001003,285
360810263001005,0
360810263001006,0
360810263001008,264
360810263001009,481
360810263002001,624
360810263002002,467
360810263002004,578
360810263002005,367
360810263002006,204
360810263003001,270
360810263003002,642
360810263001004,422
360810263001007,117
360810263002000,202
360810263002003,617
360810263003000,868
360810263001002,201
360810264001001,127
360810264001002,104
360810264001004,99
360810264001005,349
360810264001007,79
360810264001008,84
360810264002000,151
360810264002002,140
360810264002003,331
360810264002005,214
360810264002006,146
360810264002007,144
360810264001000,118
360810264001003,182
360810264001006,119
360810264002001,257
360810264002004,92
360810265011000,374
360810265011001,879
360810265011002,234
360810265012000,25
360810265012001,0
360810265012002,29
360810265012003,247
360810265012004,36
360810265012005,959
360810265012007,143
360810265012006,287
360810265021000,55
360810265021001,0
360810265021003,670
360810265021004,667
360810265021006,191
360810265021007,0
360810265021009,39
360810265021002,0
360810265021005,0
360810265021008,0
360810266001000,23
360810266001001,125
360810266001003,194
360810266001004,140
360810266001006,232
360810266001007,164
360810266001009,192
360810266001010,290
360810266001002,213
360810266001005,182
360810266001008,45
360810266001011,149
360810267001000,1377
360810267001001,690
360810267001002,397
360810267002001,0
360810267002002,597
360810267002004,0
360810267002005,0
360810267003001,187
360810267003002,17
360810267003004,141
360810267003005,0
360810267003006,707
360810267003007,727
360810267002000,23
360810267002003,563
360810267003000,334
360810267003003,436
360810269014000,0
360810269014001,206
360810269014002,458
360810269011000,0
360810269011001,37
360810269011002,495
360810269011003,1015
360810269011004,75
360810269012000,1304
360810269013000,1620
360810269021000,325
360810269021001,337
360810269021002,940
360810269021003,531
360810269022000,626
360810269022001,486
360810269022002,330
360810269022003,669
360810270001000,50
360810270001001,105
360810270001003,28
360810270001004,258
360810270001005,247
360810270001007,163
360810270001008,62
360810270001010,66
360810270001011,115
360810270001013,22
360810270001014,111
360810270001016,76
360810270001017,105
360810270001002,111
360810270001006,201
360810270001009,36
360810270001012,121
360810270001015,83
360810271011000,568
360810271011002,848
360810271012000,1107
360810271011001,620
360810271013000,2311
360810271021000,1382
360810271022000,884
360810271022001,846
360810272001000,159
360810272001001,148
360810272001002,185
360810272001004,267
360810272002000,329
360810272002002,371
360810272001003,223
360810272002001,383
360810273011000,26
360810273011002,820
360810273011003,737
360810273012001,0
360810273012002,545
360810273011001,384
360810273012000,1161
360810273021000,508
360810273021001,0
360810273021002,256
360810273022000,801
360810273022001,814
360810273023000,855
360810273023001,1531
360810274001000,232
360810274001001,235
360810274001002,269
360810274001003,289
360810274001004,277
360810274001005,220
360810274001006,205
360810274001007,200
360810275001000,706
360810275001001,778
360810275002001,795
360810275002002,795
360810275003000,628
360810275003002,581
360810275003003,122
360810275003005,432
360810275003006,161
360810275002000,1010
360810275003001,639
360810275003004,126
360810275003007,0
360810276001000,138
360810276001001,26
360810276001003,209
360810276001004,122
360810276001005,167
360810276001007,159
360810276001008,180
360810276001010,170
360810276001002,0
360810276001006,0
360810276001009,194
360810277011000,929
360810277012000,710
360810277012001,1254
360810277011001,555
360810277021000,723
360810277022001,461
360810277022002,722
360810277023001,1110
360810277022000,862
360810277023000,1318
360810278001000,51
360810278001001,186
360810278001002,173
360810278001003,311
360810278001004,100
360810278001005,198
360810278002000,427
360810278002001,1083
360810279001000,345
360810279001001,358
360810279001002,388
360810279001003,526
360810279002001,661
360810279002002,1335
360810279003001,597
360810279004000,704
360810279003000,824
360810279002000,620
360810280001001,231
360810280001002,201
360810280001004,156
360810280001005,165
360810280001007,221
360810280001008,218
360810280001009,168
360810280001000,136
360810280001003,179
360810280001006,226
360810281001001,396
360810281001002,685
360810281002001,466
360810281002002,500
360810281003001,356
360810281004000,874
360810281001000,376
360810281002000,719
360810281003000,913
360810281004001,706
360810282001000,183
360810282001001,198
360810282001002,156
360810282001004,180
360810282001005,36
360810282001007,119
360810282001008,126
360810282001010,115
360810282001011,214
360810282001003,171
360810282001006,150
360810282001009,153
360810283001000,640
360810283001001,550
360810283002000,708
360810283002001,969
360810283003000,491
360810283003001,425
360810283004000,618
360810283004001,668
360810283005000,969
360810283005001,1485
360810284001000,119
360810284001001,153
360810284001003,189
360810284001006,195
360810284001007,192
360810284001009,238
360810284001010,395
360810284001011,26
360810284001013,103
360810284001014,9
360810284002001,103
360810284002002,211
360810284002004,144
360810284002005,177
360810284002007,187
360810284002008,157
360810284002009,45
360810284001002,167
360810284001005,203
360810284001008,202
360810284001012,159
360810284002000,70
360810284002003,117
360810284002006,118
360810284001004,87
360810285001001,43
360810285001002,590
360810285002001,641
360810285003000,831
360810285004000,1026
360810285004001,329
360810285001000,258
360810285002000,579
360810285003001,561
360810287001001,34
360810287001002,1067
360810287002000,714
360810287002001,311
360810287003000,438
360810287003001,899
360810287003002,244
360810287003003,735
360810287003004,0
360810287003005,0
360810287004000,838
360810287004001,978
360810287001000,286
360810288011000,397
360810288011001,344
360810288011002,134
360810288011003,160
360810288011004,226
360810288011005,188
360810288012000,111
360810288012002,159
360810288012003,147
360810288012005,199
360810288012006,160
360810288012007,85
360810288012009,117
360810288012010,112
360810288012001,156
360810288012004,108
360810288012008,74
360810288012011,63
360810288021000,73
360810288021001,111
360810288021003,70
360810288021004,118
360810288021005,136
360810288021007,97
360810288021008,106
360810288022000,121
360810288022001,93
360810288022003,158
360810288022004,159
360810288022005,116
360810288022007,106
360810288021002,44
360810288021006,94
360810288021009,103
360810288022002,105
360810288022006,142
360810288031000,0
360810288031001,8
360810289001003,685
360810289002000,386
360810289003000,872
360810289003003,502
360810289003004,20
360810289003005,0
360810289001000,209
360810289001001,167
360810289002001,852
360810289003002,126
360810289001002,302
360810289003001,1081
360810291001001,0
360810291001002,0
360810291001004,738
360810291001005,105
360810291002000,871
360810291002001,967
360810291003001,520
360810291003002,474
360810291003003,501
360810291003004,39
360810291003005,0
360810291004000,358
360810291004001,388
360810291004002,428
360810291004003,158
360810291004004,112
360810291004005,69
360810291004006,0
360810291001000,481
360810291001003,0
360810291001006,589
360810291003000,543
360810293001000,0
360810293001001,0
360810293001002,106
360810293001003,378
360810293001004,309
360810293001006,0
360810293001007,0
360810293001009,179
360810293001010,0
360810293001011,0
360810293001005,232
360810293001008,0
360810293001012,253
360810294002002,173
360810294002003,119
360810294002005,141
360810294002007,206
360810294002008,97
360810294003001,163
360810294003002,115
360810294003004,250
360810294003005,123
360810294003007,163
360810294004000,145
360810294004001,140
360810294004003,88
360810294004004,59
360810294004006,33
360810294004007,441
360810294004009,155
360810294005000,18
360810294005002,148
360810294005003,174
360810294005004,144
360810294005006,120
360810294005007,17
360810294005009,139
360810294005010,127
360810294005012,143
360810294006000,24
360810294006001,23
360810294006002,0
360810294006003,0
360810294006004,41
360810294006005,80
360810294006006,170
360810294006007,152
360810294006008,134
360810294006009,335
360810294006010,21
360810294006011,326
360810294006012,43
360810294002000,183
360810294002001,97
360810294001000,72
360810294001001,158
360810294001003,187
360810294001004,75
360810294001006,95
360810294001007,75
360810294001009,28
360810294001010,89
360810294001011,56
360810294001013,168
360810294001014,28
360810294001002,81
360810294001005,115
360810294001008,93
360810294001012,61
360810294002006,164
360810294003000,135
360810294003003,217
360810294003006,97
360810294004002,102
360810294004005,0
360810294004008,127
360810294005001,61
360810294005005,162
360810294005008,78
360810294005011,167
360810294002004,111
360810295001000,908
360810295001001,797
360810295001002,46
360810295002001,325
360810295002003,285
360810295002004,223
360810295002006,270
360810295002007,298
360810295002002,444
360810295002005,0
360810295002008,0
360810295002000,230
360810297001000,0
360810297001001,0
360810297001003,131
360810297001004,82
360810297001005,0
360810297001007,0
360810297001008,189
360810297001010,191
360810297001011,112
360810297001013,0
360810297001014,0
360810297002000,0
360810297002001,0
360810297002002,0
360810297002004,11
360810297002005,330
360810297002007,59
360810297002008,13
360810297002010,325
360810297002011,358
360810297002012,110
360810297002013,0
360810297002014,0
360810297002015,0
360810297002016,0
360810297001002,0
360810297001006,0
360810297001009,16
360810297001012,188
360810297001015,0
360810297002003,21
360810297002006,56
360810297002009,66
360810299001000,5
360810299001001,0
360810299001002,0
360810306001001,0
360810306001003,0
360810306001004,0
360810306001006,0
360810306001007,0
360810306001009,0
360810306001010,0
360810306001012,0
360810306001013,0
360810306001014,0
360810306001016,103
360810306001017,0
360810306001019,0
360810306001020,0
360810306001022,0
360810306001023,0
360810306001025,0
360810306001026,0
360810306001027,0
360810306001029,0
360810306001030,0
360810306002001,74
360810306002002,153
360810306002004,118
360810306002005,8
360810306003000,183
360810306003001,130
360810306003002,132
360810306003003,107
360810306003004,94
360810306003005,111
360810306003006,128
360810306003007,68
360810306003008,83
360810306003009,102
360810306003010,47
360810306003011,135
360810306004000,0
360810306004001,0
360810306004002,0
360810306004004,92
360810306004005,64
360810306004006,22
360810306004007,129
360810306004008,152
360810306004009,198
360810306004010,199
360810306004011,35
360810306004012,15
360810306004013,0
360810306004015,52
360810306004016,0
360810306005001,0
360810306005002,0
360810306005004,0
360810306005005,155
360810306005007,384
360810306005008,162
360810306005009,141
360810306005011,68
360810306005012,170
360810306005014,33
360810306005015,128
360810306004014,0
360810306005000,0
360810306005003,72
360810306005006,149
360810306005010,97
360810306005013,180
360810306001002,0
360810306001005,0
360810306001008,21
360810306001011,0
360810306001015,292
360810306001018,0
360810306001021,0
360810306001024,0
360810306001028,0
360810306002000,19
360810306002003,174
360810306004003,308
360810306001000,0
360810309031001,337
360810309031002,351
360810309031003,320
360810309031005,313
360810309032000,454
360810309032002,295
360810309032003,202
360810309032005,213
360810309032006,252
360810309033000,620
360810309033002,362
360810309034000,293
360810309034002,235
360810309034003,392
360810309031000,412
360810309031004,34
360810309032001,430
360810309032004,241
360810309033001,653
360810309034001,339
360810309041000,0
360810309041001,0
360810309041002,110
360810309041003,57
360810309041004,0
360810309041005,31
360810309041006,116
360810309041007,0
360810309041008,0
360810309041009,0
360810309041010,0
360810309041011,78
360810309041012,138
360810309041014,393
360810309041015,82
360810309041016,0
360810309041018,254
360810309041019,421
360810309042001,356
360810309042002,14
360810309042004,342
360810309042005,301
360810309042006,278
360810309041013,259
360810309041017,0
360810309042000,362
360810309042003,132
360810309051001,261
360810309051002,272
360810309051004,0
360810309051005,0
360810309052000,461
360810309052001,388
360810309052002,498
360810309052004,334
360810309052005,185
360810309052007,0
360810309051000,0
360810309051003,253
360810309051006,0
360810309052003,571
360810309052006,201
360810309061003,144
360810309061004,254
360810309061005,282
360810309061006,76
360810309062000,325
360810309062001,333
360810309062002,450
360810309062003,440
360810309063000,750
360810309063001,481
360810309063002,569
360810309063003,75
360810309061000,409
360810309061002,323
360810309061001,13
360810317001000,0
360810317001001,0
360810317001002,0
360810317002001,219
360810317002002,40
360810317002004,233
360810317002005,338
360810317002006,475
360810317003000,235
360810317003001,221
360810317003003,200
360810317003004,238
360810317004000,0
360810317004001,141
360810317004003,274
360810317004004,278
360810317004005,299
360810317004007,310
360810317004008,0
360810317004010,0
360810317004011,0
360810317004013,0
360810317004014,0
360810317004016,0
360810317004017,0
360810317005000,169
360810317005002,14
360810317005003,142
360810317005005,198
360810317005006,230
360810317005007,136
360810317005008,246
360810317005009,39
360810317005010,169
360810317005011,86
360810317005012,53
360810317005013,34
360810317005015,0
360810317005016,0
360810317002000,353
360810317002003,173
360810317002007,199
360810317003002,241
360810317003005,135
360810317004002,257
360810317004006,193
360810317004009,0
360810317004012,0
360810317004015,0
360810317005001,62
360810317005004,151
360810317005014,0
360810320001000,0
360810320001001,0
360810320001003,0
360810320001004,20
360810320001006,35
360810320001007,39
360810320001009,48
360810320001010,55
360810320001011,81
360810320001013,149
360810320001014,139
360810320001016,0
360810320001017,40
360810320001019,54
360810320001020,165
360810320001022,120
360810320001023,70
360810320001024,76
360810320001026,127
360810320001027,0
360810320002001,0
360810320002002,0
360810320002004,0
360810320002005,0
360810320002006,0
360810320002007,0
360810320002008,0
360810320002009,0
360810320002010,0
360810320002011,0
360810320002012,0
360810320002013,0
360810320002014,0
360810320002015,0
360810320002016,0
360810320002017,0
360810320002018,0
360810320002019,445
360810320002020,0
360810320002022,0
360810320002024,0
360810320002025,0
360810320002027,0
360810320003000,699
360810320003002,96
360810320003003,147
360810320003005,253
360810320003006,72
360810320003007,38
360810320004000,47
360810320004001,125
360810320004003,90
360810320004004,97
360810320004006,60
360810320004007,56
360810320004009,44
360810320004010,62
360810320004011,69
360810320001002,0
360810320001005,50
360810320001008,49
360810320001012,92
360810320001015,108
360810320001018,54
360810320001021,139
360810320001025,115
360810320002000,144
360810320002003,128
360810320002023,214
360810320002026,0
360810320003001,49
360810320003004,54
360810320003008,118
360810320004002,27
360810320004005,103
360810320004008,63
360810320004012,75
360810320002021,0
360810327001000,282
360810327001001,422
360810327001003,367
360810327001004,342
360810327002000,549
360810327002001,614
360810327002002,602
360810327001002,451
360810327001005,303
360810328001003,182
360810328001004,124
360810328001005,65
360810328001006,164
360810328001007,106
360810328001008,0
360810328002000,242
360810328002002,207
360810328002004,137
360810328002005,59
360810328003001,181
360810328003002,124
360810328003004,43
360810328003005,55
360810328001000,197
360810328001001,170
360810328001002,50
360810328002003,29
360810328003000,10
360810328003003,287
360810328003006,186
360810328002001,42
360810329001000,180
360810329001001,37
360810329001002,123
360810329001004,0
360810329001005,100
360810329001007,66
360810329001008,69
360810329001010,144
360810329001011,329
360810329002000,430
360810329002001,246
360810329002002,0
360810329002004,188
360810329002005,178
360810329003000,34
360810329003001,39
360810329003003,0
360810329003004,0
360810329003005,106
360810329003006,177
360810329003007,225
360810329003008,0
360810329003009,372
360810329001003,178
360810329001006,47
360810329001009,159
360810329001012,290
360810329002003,0
360810329002006,313
360810329003002,221
360810330001000,184
360810330001001,51
360810330001002,479
360810330001003,223
360810330001004,182
360810330001005,141
360810330001006,144
360810330001007,200
360810330001008,95
360810330001009,100
360810330001011,91
360810330001013,105
360810330002000,156
360810330002001,143
360810330002003,129
360810330002004,114
360810330002006,300
360810330003000,166
360810330003002,94
360810330003003,108
360810330003004,114
360810330003006,55
360810330003007,42
360810330003009,147
360810330003010,250
360810330003012,82
360810330003013,94
360810330004001,171
360810330004002,152
360810330004003,124
360810330004005,219
360810330004006,109
360810330005000,117
360810330005001,93
360810330005002,73
360810330005003,230
360810330005004,70
360810330005005,72
360810330005006,314
360810330005007,280
360810330001012,95
360810330002002,161
360810330002005,110
360810330003001,67
360810330003005,96
360810330003008,71
360810330003011,99
360810330004000,375
360810330004004,184
360810330001010,94
360810331000001,0
360810331000002,0
360810331000003,0
360810331000004,0
360810331000005,0
360810331000006,0
360810331001001,0
360810331001002,0
360810331001000,0
360810334011000,53
360810334011002,204
360810334011003,177
360810334011005,126
360810334011006,71
360810334011008,92
360810334011009,124
360810334011010,176
360810334012001,169
360810334012002,102
360810334012004,98
360810334012005,77
360810334012007,78
360810334012008,37
360810334012009,47
360810334012011,348
360810334012012,101
360810334012014,202
360810334012015,33
360810334011001,0
360810334011004,226
360810334011007,152
360810334012000,226
360810334012003,673
360810334012006,41
360810334012010,391
360810334012013,43
360810334012016,129
360810334031000,1570
360810334031001,865
360810334032000,2439
360810334042000,2374
360810334041000,2349
360810334051000,2374
360810334052000,105
360810334052001,110
360810334052002,98
360810334052003,90
360810334052004,104
360810334052005,119
360810334052006,73
360810334052007,58
360810334052008,89
360810334052009,93
360810334052010,103
360810334052011,120
360810334052012,117
360810337001001,174
360810337001002,277
360810337001004,359
360810337001005,163
360810337001006,301
360810337002000,316
360810337002001,246
360810337002003,580
360810337002004,63
360810337001000,307
360810337001003,407
360810337001007,166
360810337002002,288
360810337002005,118
360810339001000,285
360810339001001,285
360810339001003,549
360810339002000,35
360810339002001,793
360810339003001,395
360810339003002,423
360810339001002,400
360810339003000,316
360810347001001,240
360810347001002,323
360810347001004,0
360810347001005,50
360810347001007,262
360810347001008,363
360810347001009,292
360810347002001,0
360810347002002,240
360810347002003,112
360810347002004,104
360810347002005,357
360810347002006,365
360810347002007,367
360810347002008,305
360810347001000,233
360810347001003,0
360810347001006,75
360810347002000,0
360810351001000,275
360810351001001,309
360810351001002,696
360810351002000,328
360810351002001,668
360810351002002,818
360810351003000,303
360810351003002,528
360810351003001,253
360810352001008,120
360810352001009,62
360810352001011,20
360810352001012,79
360810352001014,5
360810352001015,82
360810352002001,196
360810352002002,125
360810352002003,28
360810352002005,112
360810352002006,143
360810352002008,99
360810352002009,14
360810352002011,134
360810352002012,104
360810352001000,241
360810352001002,65
360810352001003,202
360810352001005,30
360810352001006,68
360810352001010,56
360810352001013,34
360810352002000,0
360810352002004,102
360810352002007,65
360810352002010,147
360810352001001,114
360810352001004,26
360810352001007,77
360810353001001,347
360810353001002,79
360810353001003,189
360810353001004,217
360810353001005,187
360810353001006,33
360810353001007,104
360810353001008,106
360810353002000,253
360810353002001,0
360810353002002,294
360810353002003,313
360810353002004,338
360810353002005,108
360810353001000,260
360810357001001,0
360810357001003,252
360810357001004,272
360810357001006,255
360810357001007,315
360810357001009,124
360810357001010,169
360810357002000,0
360810357002001,15
360810357002002,382
360810357002004,272
360810357002005,275
360810357002007,90
360810357002008,232
360810357003001,233
360810357003002,166
360810357003004,0
360810357003005,398
360810357003006,224
360810357003008,139
360810357003009,171
360810357003011,37
360810357001002,165
360810357001005,233
360810357001008,297
360810357001011,0
360810357002003,190
360810357002006,242
360810357003000,0
360810357003003,0
360810357003007,212
360810357003010,233
360810357001000,0
360810358001000,28
360810358001002,90
360810358001003,67
360810358001004,31
360810358001005,84
360810358001006,49
360810358001007,140
360810358001008,254
360810358001009,95
360810358002000,234
360810358002001,125
360810358002002,62
360810358002003,84
360810358002004,110
360810358002005,137
360810358002006,78
360810358002007,123
360810358002008,163
360810358002010,104
360810358002011,131
360810358002012,144
360810358002014,153
360810358003001,127
360810358003002,106
360810358003003,81
360810358003005,85
360810358003006,114
360810358003008,90
360810358003009,94
360810358003011,109
360810358004000,178
360810358004002,118
360810358004003,99
360810358004004,75
360810358004006,78
360810358004007,41
360810358001001,0
360810358002009,119
360810358002013,24
360810358003000,119
360810358003004,98
360810358003007,74
360810358003010,76
360810358004001,49
360810358004005,68
360810361001001,228
360810361001002,170
360810361001004,62
360810361001005,0
360810361001006,372
360810361001007,0
360810361002000,370
360810361002001,137
360810361002002,186
360810361002003,321
360810361002004,358
360810361001000,283
360810361001003,219
360810363001000,0
360810363001001,101
360810363001002,226
360810363001003,291
360810363001004,375
360810363001005,325
360810363002000,388
360810363002001,311
360810363002002,258
360810363002004,105
360810363002003,82
360810365001000,242
360810365001002,386
360810365001003,0
360810365001005,359
360810365001006,369
360810365002000,517
360810365002002,441
360810365002003,445
360810365001001,301
360810365001004,51
360810365002001,541
360810365002004,490
360810366002008,160
360810366002009,51
360810366001000,67
360810366001001,70
360810366001003,107
360810366001004,10
360810366001005,109
360810366001006,111
360810366001008,0
360810366001009,119
360810366001011,169
360810366001012,64
360810366001014,110
360810366002000,191
360810366002001,200
360810366002003,200
360810366002004,123
360810366002006,103
360810366002007,126
360810366001007,88
360810366001010,199
360810366001013,128
360810366002002,288
360810366002005,63
360810366001002,147
360810367001000,134
360810367001001,231
360810367001002,249
360810367001003,223
360810367002000,214
360810367002001,163
360810367002002,287
360810367002003,222
360810367002004,30
360810367002005,543
360810367002007,164
360810367002009,60
360810367002010,39
360810367002008,158
360810367002006,382
360810368001001,105
360810368001002,145
360810368001004,143
360810368001005,136
360810368001007,118
360810368001008,157
360810368002000,47
360810368002002,173
360810368002003,215
360810368002005,24
360810368002006,64
360810368002008,185
360810368002009,141
360810368001000,123
360810368001003,122
360810368001006,171
360810368002001,112
360810368002004,76
360810368002007,225
360810368002010,31
360810371001000,0
360810371001001,329
360810371001002,114
360810371001004,147
360810371001005,113
360810371001007,229
360810371001008,217
360810371001010,197
360810371001003,218
360810371001006,159
360810371001009,194
360810373001000,153
360810373001001,153
360810373001002,45
360810373001003,131
360810373001004,85
360810373001005,466
360810373001006,465
360810373002000,22
360810373002001,91
360810373002002,128
360810373002003,245
360810373002004,0
360810373002005,383
360810373002006,355
360810373002007,165
360810375011000,176
360810375011001,602
360810375011002,352
360810375011004,59
360810375011003,290
360810375021000,321
360810375021002,149
360810375021003,0
360810375021004,491
360810375022000,857
360810375022001,152
360810375021001,424
360810375021005,384
360810376001000,123
360810376001001,83
360810376001003,95
360810376001004,151
360810376001005,171
360810376001007,177
360810376002000,97
360810376002002,151
360810376002003,167
360810376002005,142
360810376002006,152
360810376002008,222
360810376002009,147
360810376003000,115
360810376003002,80
360810376003003,122
360810376003004,115
360810376003005,81
360810376003006,84
360810376003007,89
360810376003008,81
360810376003009,105
360810376004000,18
360810376004001,128
360810376004002,167
360810376004003,121
360810376004004,172
360810376004005,58
360810376004007,49
360810376004009,168
360810376004010,50
360810376004012,112
360810376004013,90
360810376004015,74
360810376004016,102
360810376005001,21
360810376005002,101
360810376005003,123
360810376005005,92
360810376005006,107
360810376005008,87
360810376005009,330
360810376001002,96
360810376001006,181
360810376002001,153
360810376002004,131
360810376002007,150
360810376003001,127
360810376004008,0
360810376004011,96
360810376004014,0
360810376005000,70
360810376005004,173
360810376005007,102
360810376005010,96
360810376004006,78
360810377001000,619
360810377001001,571
360810377001003,551
360810377001004,443
360810377002001,428
360810377002002,390
360810377002004,409
360810377002000,339
360810377002003,418
360810377001002,325
360810379001000,394
360810379001002,810
360810379001003,964
360810379002001,538
360810379002002,521
360810379002003,271
360810379003000,485
360810379003001,400
360810379003003,520
360810379001001,410
360810379002000,266
360810379002004,517
360810379003002,408
360810381003000,0
360810381003001,21
360810381003002,331
360810381003003,928
360810381003004,878
360810381001000,590
360810381001002,201
360810381001003,387
360810381001004,303
360810381001005,214
360810381002000,1013
360810381002001,306
360810381002002,629
360810381002003,414
360810381002004,487
360810381001001,264
360810383010001,2
360810383010002,0
360810383011001,0
360810383011002,0
360810383011004,0
360810383011005,0
360810383011006,0
360810383011008,0
360810383011009,0
360810383011011,0
360810383011012,0
360810383011014,0
360810383011015,0
360810383011016,0
360810383011018,0
360810383011019,0
360810383011021,0
360810383011022,0
360810383011024,0
360810383011025,0
360810383011026,0
360810383011028,0
360810383011000,0
360810383011003,0
360810383011007,0
360810383011010,0
360810383011013,0
360810383011017,0
360810383011020,0
360810383011023,0
360810383011027,0
360810383020001,0
360810383021001,0
360810383021002,0
360810383021004,0
360810383021005,0
360810383021006,0
360810383021007,0
360810383021008,0
360810383021009,0
360810383021010,3
360810383021011,0
360810383021012,0
360810383021013,0
360810383021014,0
360810383021015,0
360810383021016,0
360810383021017,0
360810383021018,4
360810383021020,0
360810383021021,0
360810383021022,0
360810383021024,4
360810383021025,0
360810383021026,0
360810383021027,6
360810383021029,0
360810383021030,0
360810383021031,0
360810383021033,0
360810383021034,0
360810383021036,0
360810383021037,0
360810383021039,0
360810383021040,0
360810383021041,0
360810383021043,0
360810383021044,3
360810383021046,0
360810383021047,0
360810383021049,0
360810383021050,0
360810383021051,0
360810383021054,0
360810383021055,0
360810383021056,0
360810383021057,0
360810383021058,0
360810383021059,0
360810383021060,0
360810383021061,0
360810383021062,0
360810383021063,0
360810383021064,6
360810383021065,0
360810383021066,0
360810383021067,0
360810383021068,0
360810383021069,0
360810383021071,0
360810383021072,0
360810383021073,0
360810383021075,0
360810383021076,0
360810383021078,0
360810383021079,0
360810383021081,0
360810383021082,0
360810383021087,0
360810383021088,0
360810383021089,12
360810383021083,0
360810383021085,5
360810383021091,0
360810383021086,0
360810383021090,0
360810383021028,0
360810383021032,0
360810383021035,0
360810383021038,0
360810383021042,0
360810383021045,0
360810383021048,0
360810383021052,0
360810383021070,0
360810383021074,0
360810383021077,0
360810383021080,0
360810383021084,0
360810383021000,0
360810383021003,0
360810383021019,0
360810383021023,0
360810383021053,1
360810384001000,126
360810384001002,40
360810384001003,120
360810384001005,154
360810384001006,177
360810384001007,78
360810384001008,82
360810384001009,12
360810384001010,0
360810384001011,84
360810384001012,69
360810384001013,30
360810384001014,71
360810384001015,63
360810384001016,92
360810384002000,90
360810384002001,92
360810384002003,164
360810384002005,130
360810384002006,108
360810384002008,125
360810384002009,107
360810384002011,74
360810384002012,54
360810384001001,97
360810384001004,75
360810384002004,175
360810384002007,96
360810384002010,69
360810384002002,66
360810394001001,103
360810394001002,125
360810394001003,103
360810394001005,63
360810394001006,109
360810394001008,124
360810394001009,128
360810394001011,28
360810394002000,121
360810394002002,62
360810394002003,182
360810394002004,301
360810394002006,244
360810394003000,157
360810394003002,92
360810394003003,221
360810394003005,127
360810394001000,275
360810394001004,56
360810394001007,102
360810394001010,48
360810394002001,109
360810394002005,131
360810394003001,127
360810394003004,194
360810398001000,56
360810398001001,48
360810398001002,63
360810398001003,66
360810398001004,57
360810398001005,56
360810398001006,71
360810398001007,94
360810398001008,78
360810398001009,73
360810398001010,126
360810398001011,66
360810398002000,138
360810398002001,146
360810398002002,109
360810398002003,95
360810398002004,166
360810398002005,180
360810399011000,30
360810399011001,690
360810399012000,711
360810399012001,659
360810399011002,785
360810399021000,0
360810399021002,861
360810399021003,541
360810399021001,883
360810400001001,123
360810400001002,97
360810400001004,18
360810400001005,33
360810400001006,50
360810400001007,64
360810400001009,48
360810400001010,31
360810400002000,65
360810400002002,33
360810400002003,84
360810400002005,38
360810400002006,50
360810400002008,47
360810400002009,84
360810400002010,25
360810400001008,69
360810400002001,55
360810400002004,173
360810400002007,112
360810400001000,111
360810400001003,64
360810401011001,871
360810401011002,0
360810401012001,777
360810401011000,728
360810401012000,471
360810401021000,732
360810401021002,1376
360810401022000,621
360810401022001,447
360810401022002,492
360810401022003,760
360810401021001,380
360810402001000,72
360810402001001,129
360810402001002,108
360810402001003,111
360810402001004,78
360810402001005,81
360810402001006,66
360810402001007,88
360810402001008,0
360810402002000,30
360810402002001,81
360810402002003,105
360810402002004,84
360810402002006,98
360810402002007,58
360810402002009,14
360810402002002,99
360810402002005,101
360810402002008,71
360810403011000,686
360810403011001,552
360810403012001,709
360810403012002,0
360810403012000,821
360810403021001,568
360810403021002,498
360810403021004,1167
360810403021005,933
360810403021000,537
360810403021003,1057
360810404001002,187
360810404001003,256
360810404001005,95
360810404001006,73
360810404002001,372
360810404002002,281
360810404002003,282
360810404002005,280
360810404003000,87
360810404003002,81
360810404003003,67
360810404003005,90
360810404003006,26
360810404003007,0
360810404003008,70
360810404003009,37
360810404003010,40
360810404004000,185
360810404004001,81
360810404004002,60
360810404004003,19
360810404004004,195
360810404004005,133
360810404004006,108
360810404004007,29
360810404004008,150
360810404004009,159
360810404001000,85
360810404001004,56
360810404002000,0
360810404002004,263
360810404003001,155
360810404003004,124
360810404001001,144
360810405011001,58
360810405011002,248
360810405011003,47
360810405011005,420
360810405011006,391
360810405011000,13
360810405011004,6
360810405021001,985
360810405021002,149
360810405021000,1041
360810407011001,347
360810407011002,444
360810407012001,381
360810407012002,58
360810407012003,216
360810407011000,696
360810407012000,1020
360810407021001,614
360810407021002,578
360810407023000,1258
360810407023001,506
360810407021000,688
360810407022000,1487
360810409011001,103
360810409011002,654
360810409012000,422
360810409012002,378
360810409011000,30
360810409012001,364
360810409021000,832
360810409022000,771
360810409022001,815
360810409022003,270
360810409021001,638
360810409022002,208
360810411001000,0
360810411001001,263
360810411001002,696
360810411001003,224
360810411001004,315
360810411001005,304
360810411001006,313
360810411002000,575
360810411002001,581
360810411002002,611
360810411002003,143
360810411002004,507
360810413001000,246
360810413001001,329
360810413001002,117
360810413001004,361
360810413002000,0
360810413002002,196
360810413002003,213
360810413002004,780
360810413003001,470
360810413003002,539
360810413001003,548
360810413002001,557
360810413003000,0
360810413003003,396
360810414001000,1096
360810414001001,178
360810414001002,0
360810414001003,74
360810414001004,151
360810414001005,118
360810414001007,162
360810414001009,200
360810414001010,219
360810414002001,476
360810414003000,113
360810414003002,177
360810414003003,171
360810414003005,53
360810414003006,131
360810414003007,229
360810414001008,223
360810414002000,183
360810414003001,154
360810414003004,87
360810414003008,171
360810414001006,160
360810415001000,0
360810415001001,711
360810415001003,224
360810415001004,548
360810415001006,415
360810415001007,642
360810415002001,447
360810415002002,709
360810415001002,23
360810415001005,32
360810415002000,614
360810424001000,65
360810424001002,143
360810424001003,82
360810424001005,68
360810424001006,195
360810424001008,91
360810424002000,114
360810424002001,70
360810424002002,57
360810424002003,129
360810424002004,97
360810424002005,72
360810424002006,66
360810424002007,53
360810424002008,58
360810424002009,34
360810424002010,40
360810424002011,0
360810424003000,130
360810424003001,114
360810424003002,97
360810424003003,29
360810424003004,40
360810424003006,15
360810424003008,32
360810424003009,52
360810424003007,37
360810424001001,44
360810424001004,162
360810424001007,58
360810424003005,51
360810426001000,364
360810427001000,598
360810427001001,568
360810427001002,157
360810427001004,237
360810427002000,712
360810427002002,634
360810427002003,571
360810427002005,583
360810427002006,107
360810427001003,254
360810427002001,13
360810427002004,564
360810432001008,113
360810432001009,0
360810432001011,58
360810432001012,129
360810432001013,129
360810432001014,130
360810432001015,50
360810432001016,35
360810432001001,18
360810432001002,56
360810432001003,80
360810432001005,99
360810432001006,118
360810432001000,34
360810432001004,78
360810432001007,103
360810432001010,50
360810434001000,0
360810434001001,74
360810434001002,77
360810434001003,131
360810434001004,129
360810434001005,135
360810434001006,149
360810434001007,134
360810434001008,198
360810434001009,123
360810434001010,10
360810434001012,192
360810434001013,122
360810434001015,76
360810434001016,13
360810434001011,19
360810434001014,135
360810437011000,800
360810437011002,577
360810437012000,0
360810437012002,0
360810437012003,235
360810437012005,520
360810437012006,589
360810437012007,170
360810437012009,0
360810437011001,752
360810437012001,0
360810437012004,0
360810437012008,40
360810437021000,0
360810437021002,144
360810437021003,791
360810437021005,474
360810437022000,463
360810437022001,450
360810437022003,508
360810437023000,496
360810437023002,1067
360810437023003,424
360810437021001,84
360810437021004,468
360810437022002,758
360810437023001,871
360810439001001,446
360810439001002,433
360810439001003,0
360810439002000,40
360810439002001,104
360810439002002,195
360810439002003,162
360810439002004,385
360810439002005,405
360810439002006,480
360810439002007,224
360810439002008,70
360810439002009,88
360810439002010,263
360810439001000,752
360810439001004,884
360810440001000,132
360810440001001,197
360810440001002,152
360810440001003,176
360810440001005,0
360810440001006,182
360810440001008,240
360810440001009,166
360810440002000,158
360810440002002,218
360810440002003,171
360810440002005,120
360810440002006,78
360810440003001,51
360810440003002,121
360810440003003,215
360810440003005,208
360810440003006,310
360810440003008,0
360810440003009,383
360810440001004,74
360810440001007,144
360810440002001,257
360810440002004,215
360810440003000,0
360810440003004,276
360810440003007,364
360810440003010,175
360810443011000,274
360810443011001,353
360810443011003,194
360810443011004,141
360810443011005,560
360810443012000,619
360810443012001,627
360810443012003,672
360810443012004,312
360810443011002,342
360810443011006,254
360810443012002,377
360810443021001,0
360810443021002,340
360810443021003,220
360810443021004,209
360810443021005,236
360810443021006,285
360810443022000,39
360810443022001,0
360810443022002,338
360810443022003,508
360810443022004,217
360810443022005,190
360810443023000,1402
360810443023001,503
360810443023002,300
360810443023003,241
360810443023005,217
360810443021000,0
360810443023004,128
360810444003012,20
360810444003013,189
360810444003014,25
360810444003015,18
360810444003016,30
360810444003017,0
360810444003018,12
360810444003019,0
360810444001000,680
360810444001002,66
360810444001003,364
360810444001005,123
360810444001006,11
360810444002000,20
360810444002001,19
360810444002002,0
360810444002004,44
360810444002005,95
360810444002007,178
360810444002008,231
360810444002010,331
360810444003000,15
360810444003001,81
360810444003003,0
360810444003004,0
360810444003006,31
360810444003007,948
360810444003009,0
360810444003010,0
360810444001001,120
360810444001004,124
360810444001007,67
360810444002003,101
360810444002006,43
360810444002009,412
360810444003002,15
360810444003005,0
360810444003008,149
360810444003011,0
360810446011000,881
360810446011001,1305
360810446011002,207
360810446011003,10
360810446011004,40
360810446011005,42
360810446012001,1119
360810446012002,357
360810446012003,20
360810446012005,17
360810446012000,0
360810446012004,15
360810446021000,1312
360810446021002,873
360810446022000,349
360810446022002,177
360810446023000,789
360810446023001,51
360810446023003,312
360810446021001,313
360810446022001,1169
360810446023002,127
360810448001000,205
360810448001002,140
360810448001003,348
360810448001005,437
360810448001006,246
360810448002000,141
360810448002002,305
360810448002003,290
360810448001001,544
360810448001004,176
360810448002001,231
360810450001001,0
360810450001002,0
360810450001004,134
360810450001005,171
360810450001007,93
360810450001008,75
360810450001009,222
360810450002001,182
360810450002002,185
360810450002003,110
360810450002004,123
360810450002005,100
360810450001000,0
360810450001003,159
360810450001006,155
360810450002000,361
360810452001000,0
360810452001001,0
360810452001002,0
360810452001003,0
360810452001004,868
360810452001005,64
360810452001006,140
360810452001007,133
360810452001008,4
360810454001000,194
360810454001001,266
360810454001002,306
360810454001003,320
360810454001004,539
360810454001005,592
360810454002000,126
360810454002001,138
360810454002003,651
360810454002005,300
360810454002006,410
360810454002004,288
360810454002007,745
360810454002002,332
360810455001000,2554
360810455002000,2770
360810455004000,2462
360810455005000,2672
360810455003000,2655
360810455006000,87
360810456001000,0
360810456001001,0
360810456001002,0
360810456001004,112
360810456001005,112
360810456001007,175
360810456001008,47
360810456001010,57
360810456001011,148
360810456001013,78
360810456001014,116
360810456001015,86
360810456001003,0
360810456001006,0
360810456001009,52
360810456001012,248
360810456001016,134
360810457001000,304
360810457001001,404
360810457001003,244
360810457001004,240
360810457002000,670
360810457002001,478
360810457002002,592
360810457001002,332
360810457001005,272
360810458001000,99
360810458001001,83
360810458001002,127
360810458001003,98
360810458001004,96
360810458001005,63
360810458001006,107
360810458001007,98
360810458001008,377
360810458001009,366
360810458001010,757
360810459001000,314
360810459001001,285
360810459001002,213
360810459001004,606
360810459001005,495
360810459002000,304
360810459002001,446
360810459002002,646
360810459001003,521
360810459001006,320
360810460001001,51
360810460001002,128
360810460001004,599
360810460001005,367
360810460002001,30
360810460002002,273
360810460002004,375
360810460002005,31
360810460002006,0
360810460003001,176
360810460003002,317
360810460003004,536
360810460003005,33
360810460001000,226
360810460001003,745
360810460002000,269
360810460002003,989
360810460003000,925
360810460003003,123
360810461002004,331
360810461001001,155
360810461001002,285
360810461001003,0
360810461001004,204
360810461001005,341
360810461001006,277
360810461002000,379
360810461002001,162
360810461002002,444
360810461002003,260
360810461001000,65
360810462001000,499
360810462001001,660
360810462001002,322
360810462001003,713
360810462002000,25
360810462002001,469
360810462002003,578
360810462002005,223
360810462002006,324
360810462003001,132
360810462003002,482
360810462003004,686
360810462003005,388
360810462002004,381
360810462003000,713
360810462003003,312
360810462003006,532
360810462002002,767
360810463001000,72
360810463001001,295
360810463001002,532
360810463001004,469
360810463001005,114
360810463002001,558
360810463002002,112
360810463002004,729
360810463001003,486
360810463002000,519
360810463002003,655
360810464001000,0
360810464001002,69
360810464001003,60
360810464001004,76
360810464001006,58
360810464001007,53
360810464001009,61
360810464001010,51
360810464001012,579
360810464001001,0
360810464001005,82
360810464001008,40
360810464001011,712
360810465001000,0
360810465001001,18
360810465001002,202
360810465001003,581
360810465001004,234
360810465001005,216
360810465001006,133
360810465001007,108
360810465001008,564
360810465001009,279
360810465002000,0
360810465002001,165
360810465002002,259
360810465002003,351
360810465002004,410
360810465002005,353
360810465002006,403
360810466001000,413
360810466001001,268
360810466001002,60
360810466001003,1122
360810466002000,210
360810466002001,899
360810466002002,704
360810466002003,0
360810467001000,123
360810467001001,464
360810467002000,917
360810467002001,1260
360810467003001,857
360810467004000,899
360810467004001,788
360810467004003,0
360810467001002,1071
360810467003000,880
360810467004002,22
360810468001000,293
360810468001002,226
360810468001003,210
360810468001005,226
360810468001006,89
360810468002001,167
360810468002002,217
360810468002003,453
360810468002005,404
360810468002006,321
360810468001001,108
360810468001004,497
360810468002000,210
360810468002004,639
360810468002007,113
360810469011000,462
360810469011001,438
360810469012001,536
360810469013000,1163
360810469013001,687
360810469012000,1060
360810469021001,473
360810469021002,750
360810469022000,1110
360810469022001,713
360810469021000,76
360810469021003,980
360810470001000,35
360810470001001,33
360810470001002,147
360810470001003,94
360810470001004,55
360810470001005,116
360810470001006,120
360810470001007,187
360810470001008,217
360810470001009,165
360810470002000,287
360810470002001,384
360810470002003,122
360810470002004,120
360810470002006,147
360810470002007,208
360810470002009,126
360810470001010,173
360810470002002,345
360810470002005,147
360810470002008,115
360810471001000,382
360810471001001,741
360810471001003,0
360810471001004,1220
360810471002001,324
360810471002002,722
360810471002004,224
360810471001002,475
360810471002000,295
360810471002003,402
360810472001000,75
360810472001002,81
360810472001003,91
360810472001004,59
360810472001006,61
360810472001007,325
360810472002000,0
360810472002001,0
360810472002003,128
360810472002004,56
360810472002005,89
360810472002006,63
360810472002007,21
360810472002008,63
360810472002009,55
360810472002010,66
360810472002011,94
360810472002012,113
360810472002013,136
360810472002014,319
360810472003000,461
360810472003001,1167
360810472001001,72
360810472001005,160
360810472001008,69
360810472002002,37
360810473002006,1096
360810473002008,0
360810473003000,1280
360810473001000,705
360810473001001,459
360810473001002,413
360810473002000,99
360810473002002,238
360810473002003,0
360810473002005,0
360810473002001,299
360810473002004,0
360810473002007,0
360810473001003,274
360810475001001,195
360810475001002,213
360810475001003,154
360810475001005,45
360810475001006,210
360810475001008,292
360810475001009,565
360810475001011,222
360810475002000,503
360810475002002,337
360810475002003,318
360810475002004,393
360810475002006,306
360810475002007,197
360810475002009,252
360810475001000,0
360810475001004,82
360810475001007,198
360810475001010,198
360810475002001,323
360810475002005,347
360810475002008,139
360810476001000,0
360810476001002,57
360810476001003,52
360810476001004,44
360810476001005,53
360810476001006,123
360810476001007,85
360810476001008,94
360810476001009,30
360810476001010,37
360810476002000,90
360810476002001,50
360810476002003,105
360810476002004,100
360810476002005,87
360810476002006,33
360810476002007,114
360810476002002,99
360810476001001,121
360810478011000,1209
360810478011001,171
360810478011002,171
360810478011003,477
360810478011004,32
360810478012000,93
360810478012001,228
360810478012002,272
360810478012003,108
360810478012004,77
360810478012005,291
360810478012006,59
360810478012008,644
360810478012009,93
360810478012010,24
360810478012007,49
360810478012011,67
360810478021000,76
360810478021001,62
360810478021003,170
360810478021004,209
360810478021006,179
360810478021007,144
360810478021008,306
360810478021002,118
360810478021005,247
360810479001001,952
360810479001002,509
360810479001004,0
360810479001005,339
360810479001007,412
360810479002000,0
360810479002002,0
360810479002003,0
360810479002004,0
360810479002006,112
360810479002007,197
360810479002009,465
360810479003000,303
360810479003002,222
360810479003003,188
360810479003005,693
360810479003006,0
360810479001000,210
360810479001003,769
360810479001006,104
360810479002001,0
360810479002005,564
360810479002008,299
360810479003001,303
360810479003004,196
360810480001000,74
360810480001001,117
360810480001002,99
360810480001003,65
360810480001004,116
360810480001005,182
360810480001007,155
360810480001008,165
360810480001010,164
360810480001011,112
360810480001012,82
360810480002000,110
360810480002001,105
360810480002003,169
360810480002004,386
360810480002006,50
360810480002007,22
360810480001006,75
360810480001009,145
360810480001013,108
360810480002002,83
360810480002005,82
360810481001001,532
360810481002000,1700
360810481002001,335
360810481003001,571
360810481004000,1317
360810481001000,578
360810481003000,1288
360810481004001,0
360810482001000,341
360810482001001,102
360810482001003,149
360810482001004,136
360810482001005,103
360810482001007,143
360810482001008,108
360810482001010,44
360810482001002,245
360810482001006,76
360810482001009,71
360810483011000,465
360810483011002,106
360810483011003,77
360810483011004,410
360810483011005,405
360810483011006,79
360810483011001,603
360810483021000,0
360810483021001,314
360810483021002,146
360810483021003,22
360810483021004,0
360810483021005,550
360810483021006,126
360810483021007,178
360810483021008,488
360810483021009,151
360810483021011,18
360810483021012,0
360810483021010,99
360810484004002,160
360810484004003,526
360810484004005,49
360810484004006,43
360810484004008,76
360810484001001,58
360810484001002,168
360810484001004,204
360810484001005,170
360810484001006,220
360810484001008,103
360810484001009,86
360810484002000,377
360810484002001,435
360810484002003,238
360810484002004,0
360810484003001,94
360810484003002,239
360810484003003,203
360810484003005,312
360810484004000,93
360810484001000,94
360810484001003,201
360810484001007,94
360810484001010,123
360810484002002,132
360810484003000,107
360810484003004,243
360810484004001,89
360810484004004,600
360810484004007,32
360810485001000,135
360810485001001,495
360810485001003,15
360810485001005,0
360810485002000,467
360810485002001,494
360810485002003,203
360810485002004,454
360810485003001,824
360810485003002,649
360810485003003,93
360810485003004,366
360810485003005,233
360810485003006,181
360810485003007,110
360810485003008,147
360810485001002,316
360810485001004,0
360810485002002,109
360810485003000,40
360810489001000,7
360810489001001,0
360810489001002,0
360810489001003,0
360810489001004,0
360810489001005,22
360810489001006,57
360810489001008,4
360810489001009,190
360810489001011,13
360810489001012,19
360810489001013,0
360810489001015,34
360810489001016,25
360810489001018,0
360810489001019,16
360810489001021,89
360810489001022,17
360810489001024,176
360810489001025,12
360810489001026,27
360810489001028,156
360810489002000,250
360810489002002,284
360810489001007,0
360810489001010,322
360810489001014,0
360810489001017,21
360810489001020,0
360810489001023,0
360810489001027,0
360810489002001,196
360810492012003,623
360810492011000,0
360810492011002,0
360810492011003,34
360810492011005,42
360810492011006,370
360810492011007,722
360810492012001,414
360810492012002,473
360810492011001,0
360810492011004,0
360810492012000,0
360810492012004,210
360810492021008,177
360810492021010,150
360810492021011,241
360810492021000,144
360810492021001,104
360810492021003,233
360810492021004,269
360810492021006,240
360810492021007,0
360810492021009,35
360810492021002,277
360810492021005,148
360810493011001,133
360810493011002,148
360810493011003,216
360810493011005,311
360810493012000,195
360810493012002,262
360810493012003,179
360810493012005,138
360810493011000,76
360810493011004,347
360810493012001,171
360810493012004,215
360810493021000,632
360810493021001,278
360810493021003,197
360810493021004,217
360810493022001,308
360810493022002,618
360810493022004,170
360810493022005,183
360810493022006,241
360810493021002,283
360810493022000,105
360810493022003,266
360810495001000,0
360810495001001,0
360810495001002,16
360810495001003,55
360810495001004,0
360810495001005,131
360810495001006,290
360810495001007,317
360810495001008,193
360810495001009,0
360810495001010,129
360810495001011,142
360810495001012,14
360810495001013,0
360810495001014,143
360810496001000,159
360810496001001,193
360810496001003,211
360810496001004,250
360810496002000,83
360810496002001,75
360810496002003,160
360810496002004,173
360810496002005,164
360810496002007,203
360810496002008,260
360810496003001,178
360810496003002,135
360810496003003,80
360810496003004,109
360810496003005,66
360810496001002,222
360810496001005,238
360810496002002,0
360810496002006,146
360810496003000,146
360810497001000,963
360810497001001,213
360810497001003,69
360810497001004,247
360810497001006,202
360810497002000,121
360810497002001,444
360810497002002,315
360810497002003,169
360810497002004,182
360810497001002,248
360810497001005,208
360810499001000,31
360810499001001,0
360810499002000,319
360810499002001,154
360810499002002,288
360810499002003,975
360810499002004,49
360810499002005,0
360810499003000,160
360810499003001,0
360810499003003,215
360810499003004,141
360810499003006,23
360810499003007,60
360810499003009,170
360810499003010,180
360810499003012,204
360810499004000,359
360810499004002,230
360810499004003,256
360810499004004,114
360810499003005,550
360810499003008,62
360810499003011,162
360810499004001,415
360810499004005,360
360810499003002,0
360810500001000,6
360810500001001,215
360810500001003,116
360810500001004,114
360810500001006,98
360810500001007,385
360810500001009,404
360810500001010,65
360810500001011,19
360810500001013,34
360810500002000,881
360810500002002,1059
360810500002003,147
360810500002005,47
360810500002006,138
360810500001002,239
360810500001005,0
360810500001008,170
360810500001012,0
360810500002001,535
360810500002004,106
360810502011000,118
360810502011001,101
360810502011002,77
360810502011003,112
360810502011004,231
360810502011005,100
360810502011006,55
360810502011007,117
360810502011008,187
360810502011009,158
360810502011010,196
360810502011011,87
360810502011012,104
360810502011013,35
360810502021000,149
360810502021002,53
360810502021003,88
360810502021004,99
360810502021006,41
360810502021007,140
360810502021009,131
360810502021010,162
360810502021012,189
360810502021001,126
360810502021005,48
360810502021008,140
360810502021011,155
360810504001004,79
360810504001005,58
360810504001007,98
360810504001008,100
360810504001009,99
360810504002000,95
360810504002001,80
360810504002003,103
360810504002004,76
360810504002006,95
360810504002007,48
360810504001000,320
360810504001001,50
360810504001002,0
360810504001003,113
360810504001006,68
360810504001010,169
360810504002002,128
360810504002005,0
360810504002008,93
360810505001000,56
360810505001001,72
360810505001002,0
360810505001004,182
360810505001005,138
360810505001007,137
360810505001008,245
360810505001010,208
360810505001011,165
360810505001003,161
360810505001006,177
360810505001009,227
360810506001000,130
360810506001002,161
360810506001003,99
360810506001004,83
360810506001005,86
360810506002000,178
360810506002001,143
360810506002002,91
360810506002003,113
360810506002004,111
360810506002005,90
360810506002006,64
360810506002007,139
360810506001001,147
360810507001000,0
360810507001001,32
360810507001003,165
360810507001005,118
360810507001006,113
360810507001008,0
360810507001009,0
360810507001011,182
360810507001012,74
360810507001014,380
360810507001015,205
360810507002000,268
360810507002001,223
360810507002003,235
360810507002004,190
360810507002006,171
360810507002007,191
360810507002008,76
360810507002010,103
360810507002002,58
360810507002005,172
360810507002009,63
360810507001004,183
360810507001007,173
360810507001010,0
360810507001013,169
360810507001002,155
360810508001000,105
360810508001002,166
360810508001003,115
360810508001005,158
360810508001006,157
360810508001008,33
360810508001009,132
360810508002000,0
360810508002001,222
360810508002002,249
360810508002003,151
360810508002004,186
360810508001001,151
360810508001004,120
360810508001007,139
360810510001000,43
360810510001001,56
360810510001002,74
360810510001003,94
360810510001004,136
360810510001005,136
360810510001006,148
360810510001007,89
360810510002000,74
360810510002002,175
360810510002003,88
360810510002005,49
360810510002006,76
360810510002008,27
360810510002001,99
360810510002004,83
360810510002007,69
360810510001008,100
360810511001000,150
360810511001002,143
360810511001003,184
360810511001006,21
360810511001007,86
360810511001009,0
360810511001010,137
360810511001012,39
360810511002000,267
360810511002002,255
360810511002003,278
360810511002004,96
360810511002006,0
360810511002007,0
360810511001004,119
360810511001001,214
360810511001005,0
360810511001008,0
360810511001011,192
360810511002001,283
360810511002005,30
360810512001001,0
360810512001002,103
360810512001004,105
360810512001005,160
360810512001006,68
360810512001007,80
360810512001008,85
360810512001009,98
360810512001010,141
360810512002000,127
360810512002001,130
360810512002002,102
360810512002003,109
360810512002004,72
360810512002005,98
360810512002006,127
360810512002007,129
360810512002008,125
360810512002009,84
360810512003000,36
360810512003002,211
360810512003003,116
360810512003005,118
360810512001000,0
360810512001003,155
360810512003001,150
360810512003004,19
360810513001000,34
360810513001001,141
360810513001003,91
360810513001005,57
360810513001006,84
360810513001008,243
360810513001009,139
360810513001011,142
360810513002000,133
360810513002002,312
360810513002003,189
360810513002004,104
360810513002006,117
360810513001002,52
360810513001004,80
360810513001007,226
360810513001010,223
360810513002001,185
360810513002005,86
360810515001000,66
360810515001002,69
360810515001003,340
360810515002000,37
360810515002001,90
360810515002002,134
360810515002003,633
360810515002004,558
360810515003000,116
360810515003001,232
360810515003002,187
360810515003003,222
360810515003004,29
360810515003005,75
360810515001001,36
360810515001004,302
360810516001000,119
360810516001001,113
360810516001002,127
360810516001003,241
360810516001004,161
360810516002000,81
360810516002001,175
360810516002003,182
360810516002004,123
360810516002006,211
360810516002007,152
360810516002002,183
360810516002005,201
360810517001015,0
360810517001016,113
360810517001018,50
360810517002000,104
360810517002002,253
360810517002003,127
360810517002005,263
360810517001000,0
360810517001002,0
360810517001003,0
360810517001005,0
360810517001006,213
360810517001008,11
360810517001009,24
360810517001011,113
360810517001012,0
360810517001013,58
360810517001017,143
360810517002001,190
360810517002004,181
360810517001001,0
360810517001004,25
360810517001007,0
360810517001010,136
360810517001014,142
360810518001000,133
360810518001001,131
360810518001003,131
360810518001004,141
360810518002000,186
360810518002001,136
360810518002002,98
360810518002003,246
360810518002004,250
360810518002005,223
360810518001002,112
360810518001005,161
360810520001000,105
360810520001001,83
360810520001002,86
360810520001003,73
360810520001004,96
360810520001005,146
360810520001006,127
360810520001007,127
360810520001009,319
360810520001011,96
360810520001010,215
360810520001008,120
360810521001000,660
360810521001002,152
360810521002000,106
360810521002002,295
360810521002003,393
360810521002005,34
360810521002006,61
360810521002007,36
360810521001001,0
360810521002001,167
360810521002004,293
360810522001001,92
360810522001002,114
360810522001004,120
360810522001005,97
360810522001007,126
360810522001008,0
360810522001010,240
360810522001011,338
360810522001000,71
360810522001003,132
360810522001006,114
360810522001009,161
360810524001000,138
360810524001002,253
360810524001003,208
360810524001005,141
360810524002000,175
360810524002002,105
360810524002003,188
360810524002004,185
360810524002005,164
360810524001001,62
360810524001004,166
360810524002001,160
360810525001000,257
360810525001001,217
360810525001002,218
360810525001003,271
360810525001004,103
360810525001005,149
360810525001006,205
360810525002000,286
360810525002001,21
360810525002002,142
360810525002003,0
360810525002004,136
360810525002005,224
360810525002007,23
360810525002006,0
360810526001001,160
360810526001002,150
360810526001004,179
360810526001005,164
360810526002001,143
360810526002002,136
360810526002004,160
360810526002005,186
360810526001000,167
360810526001003,162
360810526002000,156
360810526002003,195
360810528001000,226
360810528001002,119
360810528001003,135
360810528001005,39
360810528001006,217
360810528001008,62
360810528001009,67
360810528001011,83
360810528001012,69
360810528001013,92
360810528001001,102
360810528001004,112
360810528001007,159
360810528001010,81
360810530001001,185
360810530001002,171
360810530001004,136
360810530001005,116
360810530002001,181
360810530002002,232
360810530002003,280
360810530002004,124
360810530002005,115
360810530002006,165
360810530002007,188
360810530001000,197
360810530001003,143
360810530002000,160
360810531003011,80
360810531003012,47
360810531003014,0
360810531003015,11
360810531001000,210
360810531001001,136
360810531001002,110
360810531001003,470
360810531001004,251
360810531001005,53
360810531001006,226
360810531001007,36
360810531001008,60
360810531001009,65
360810531001011,41
360810531001013,0
360810531002000,222
360810531002002,230
360810531002003,223
360810531003000,15
360810531003001,0
360810531003003,15
360810531003004,114
360810531003005,65
360810531003007,50
360810531003008,122
360810531003010,45
360810531003013,58
360810531003016,42
360810531001012,0
360810531002001,0
360810531002004,163
360810531003002,52
360810531003006,31
360810531003009,27
360810531001010,192
360810532001000,31
360810532001001,78
360810532001003,33
360810532001004,58
360810532001006,127
360810532001007,104
360810532001008,117
360810532001010,73
360810532001011,89
360810532001013,48
360810532002000,36
360810532002002,77
360810532002003,43
360810532002005,89
360810532002006,209
360810532002007,80
360810532002009,47
360810532001002,98
360810532001005,87
360810532001009,106
360810532001012,54
360810532002001,76
360810532002004,41
360810532002008,85
360810534011000,69
360810534011002,167
360810534011003,154
360810534011005,134
360810534011006,142
360810534011007,91
360810534011008,61
360810534011009,94
360810534011010,38
360810534012000,138
360810534012001,73
360810534012002,0
360810534012003,182
360810534012004,39
360810534012005,25
360810534012006,149
360810534012007,282
360810534012008,161
360810534011001,98
360810534011004,7
360810535011000,0
360810535011002,88
360810535011003,87
360810535011005,278
360810535011006,215
360810535011008,72
360810535011009,64
360810535011010,30
360810535011001,53
360810535011004,46
360810535011007,45
360810535011011,80
360810535021000,0
360810535021001,0
360810535021002,0
360810536011000,137
360810536011001,162
360810536011003,65
360810536011004,86
360810536011005,136
360810536011007,60
360810536012000,140
360810536012002,164
360810536012003,121
360810536012005,104
360810536011002,115
360810536011006,130
360810536012001,31
360810536012004,127
360810538001000,100
360810538001001,117
360810538001003,106
360810538001004,83
360810538001006,90
360810538001007,115
360810538002000,120
360810538002001,129
360810538002002,110
360810538002003,106
360810538002004,191
360810538002005,170
360810538001002,92
360810538001005,119
360810539011000,75
360810539011001,42
360810539011002,0
360810539011003,0
360810539011004,0
360810539011005,61
360810539011006,439
360810539011008,63
360810539011009,36
360810539011010,216
360810539012001,154
360810539012002,617
360810539012004,135
360810539012005,158
360810539012007,323
360810539012008,218
360810539013000,188
360810539013002,328
360810539013003,329
360810539011007,0
360810539012000,179
360810539012003,68
360810539012006,51
360810539013001,288
360810539021000,88
360810540001000,115
360810540001001,202
360810540001003,208
360810540001004,0
360810540001006,126
360810540001007,201
360810540001008,212
360810540001010,241
360810540001011,82
360810540002001,28
360810540002002,163
360810540002004,180
360810540002005,176
360810540002006,101
360810540002008,226
360810540003000,142
360810540003001,155
360810540003002,125
360810540003003,433
360810540003004,154
360810540003005,77
360810540003006,115
360810540003007,20
360810540003008,110
360810540003009,154
360810540001002,195
360810540001005,143
360810540001009,225
360810540002000,48
360810540002003,174
360810540002007,101
360810542001005,65
360810542001006,77
360810542001008,72
360810542001009,80
360810542002000,170
360810542002002,174
360810542002003,0
360810542002005,124
360810542002006,90
360810542002008,159
360810542002009,140
360810542003000,150
360810542003001,160
360810542003002,208
360810542003004,141
360810542003005,161
360810542003007,152
360810542003008,138
360810542004000,71
360810542004001,64
360810542004003,60
360810542004004,320
360810542004005,132
360810542004007,311
360810542004008,131
360810542001000,102
360810542001001,151
360810542001002,102
360810542001004,147
360810542001007,85
360810542002001,85
360810542002004,149
360810542002007,124
360810542002010,40
360810542003003,143
360810542003006,185
360810542003009,125
360810542004002,74
360810542004006,121
360810542001003,166
360810545001000,205
360810545001001,404
360810545001002,445
360810545002000,271
360810545002001,353
360810545002002,302
360810545002003,313
360810545003000,495
360810545003001,535
360810545003002,325
360810547001000,269
360810547001001,333
360810547001003,292
360810547002000,432
360810547002001,499
360810547003000,397
360810547003001,422
360810547001004,301
360810547002002,556
360810547003002,441
360810547001002,224
360810548001000,208
360810548001001,104
360810548001003,176
360810548001004,245
360810548001005,130
360810548002000,285
360810548002001,280
360810548002003,297
360810548001002,241
360810548001006,101
360810548002002,269
360810549001000,364
360810549001002,431
360810549002000,391
360810549002002,403
360810549003000,488
360810549003001,549
360810549004000,473
360810549004001,68
360810549004003,189
360810549004004,403
360810549001001,313
360810549002001,330
360810549003002,530
360810549004002,0
360810549004005,0
360810551001000,192
360810551001001,255
360810551001002,290
360810551001003,52
360810551001004,55
360810551002000,454
360810551002001,476
360810551002002,56
360810551002003,280
360810551002004,0
360810551003000,365
360810551003001,344
360810551003002,331
360810551004000,512
360810551004001,428
360810551004002,484
360810552001000,0
360810552001002,73
360810552001004,69
360810552001005,0
360810552001007,117
360810552001008,0
360810552001010,0
360810552001011,0
360810552001013,274
360810552001014,141
360810552001015,128
360810552001017,120
360810552001018,172
360810552001020,0
360810552001021,0
360810552002001,66
360810552002002,73
360810552002004,34
360810552002005,81
360810552002006,140
360810552002008,119
360810552002009,183
360810552002011,135
360810552001003,100
360810552001006,0
360810552001009,0
360810552001012,479
360810552001016,113
360810552001019,0
360810552002000,0
360810552002003,69
360810552002007,186
360810552002010,173
360810552001001,129
360810553001000,39
360810553001002,99
360810553001003,453
360810553001004,292
360810553001005,211
360810553002000,729
360810553002001,919
360810553002002,0
360810553001001,114
360810554002007,169
360810554001000,121
360810554001001,87
360810554001002,144
360810554001003,271
360810554001004,344
360810554001005,310
360810554002000,137
360810554002001,251
360810554002002,153
360810554002003,99
360810554002004,110
360810554002005,149
360810554002006,142
360810555001001,0
360810555001003,367
360810555002000,61
360810555002002,282
360810555002003,478
360810555002005,24
360810555001002,277
360810555002001,189
360810555002004,37
360810555001000,220
360810556001000,218
360810556001002,291
360810556001003,283
360810556001004,258
360810556002000,113
360810556002001,91
360810556002003,132
360810556002004,119
360810556001001,244
360810556001005,263
360810556002002,116
360810556002005,114
360810557001000,133
360810557001001,155
360810557001003,448
360810557001004,366
360810557002000,34
360810557002002,40
360810557002003,308
360810557002005,52
360810557002006,108
360810557002008,161
360810557002009,311
360810557003000,47
360810557003001,418
360810557003002,485
360810557003003,192
360810557001002,471
360810557002001,50
360810557002004,187
360810557002007,0
360810558001000,121
360810558001001,105
360810558001002,138
360810558001003,94
360810558001004,91
360810558001005,118
360810558002000,161
360810558002001,170
360810558002002,165
360810558002003,81
360810558002004,130
360810558002006,39
360810558002008,78
360810558002007,53
360810558002005,166
360810559001000,552
360810559001002,148
360810559001003,0
360810559001005,88
360810559001006,39
360810559001008,34
360810559001009,0
360810559001010,0
360810559001001,152
360810559001004,0
360810559001007,35
360810559001011,130
360810560001000,50
360810560001001,139
360810560001003,51
360810560001004,36
360810560001006,39
360810560001007,138
360810560001009,64
360810560001010,116
360810560001011,21
360810560002001,85
360810560002002,112
360810560002004,96
360810560002005,87
360810560002007,26
360810560002008,0
360810560001002,14
360810560001005,149
360810560001008,67
360810560002000,74
360810560002003,237
360810560002006,142
360810561001000,20
360810561001001,0
360810561001002,0
360810561001003,0
360810561001004,0
360810561001005,0
360810561001006,0
360810561001007,0
360810561001008,0
360810561001009,0
360810561001010,0
360810561001011,0
360810562001000,94
360810562001001,150
360810562001002,175
360810562001004,129
360810562001006,108
360810562001007,91
360810562001009,92
360810562001010,110
360810562001012,130
360810562001005,70
360810562001008,84
360810562001011,99
360810562001003,128
360810564001000,72
360810564001002,281
360810564001003,82
360810564001004,127
360810564001006,77
360810564001007,140
360810564001009,87
360810564001010,55
360810564001012,100
360810564001013,0
360810564001001,95
360810564001005,74
360810564001008,168
360810564001011,201
360810565001001,34
360810565001002,306
360810565001003,168
360810565001005,384
360810565001006,108
360810565001008,115
360810565001009,42
360810565001000,198
360810565001004,170
360810565001007,156
360810566001001,184
360810566001002,127
360810566001003,306
360810566001004,94
360810566002000,26
360810566002001,125
360810566002002,30
360810566002003,37
360810566002004,156
360810566002005,116
360810566002006,153
360810566002007,126
360810566001000,101
360810567001002,117
360810567001003,133
360810567001004,148
360810567001005,187
360810567002001,197
360810567002002,142
360810567002004,133
360810567002005,128
360810567003001,101
360810567003002,234
360810567003004,264
360810567003005,229
360810567004000,427
360810567004002,311
360810567004003,264
360810567001000,84
360810567001001,71
360810567002000,628
360810567002003,128
360810567003000,180
360810567003003,173
360810567004001,250
360810567004004,222
360810568001000,290
360810568001001,44
360810568001003,51
360810568001004,378
360810568001006,31
360810568001007,0
360810568001008,0
360810568001010,108
360810568001011,146
360810568001013,115
360810568001014,160
360810568002000,0
360810568002001,17
360810568002003,27
360810568002004,60
360810568002005,89
360810568002006,58
360810568002007,74
360810568002008,74
360810568002009,166
360810568002010,105
360810568002011,54
360810568002012,51
360810568002013,30
360810568002014,70
360810568002015,0
360810568002016,0
360810568003001,81
360810568003003,105
360810568003004,77
360810568003006,128
360810568003007,114
360810568004000,9
360810568004001,0
360810568004003,12
360810568004004,25
360810568004005,126
360810568004007,22
360810568004008,32
360810568004010,0
360810568004011,16
360810568004013,209
360810568004014,50
360810568001002,96
360810568001005,184
360810568001009,151
360810568001012,105
360810568001015,107
360810568002002,70
360810568003002,93
360810568003005,88
360810568003008,58
360810568004002,96
360810568004006,72
360810568004009,269
360810568004012,189
360810568003000,80
360810577001001,409
360810577001002,354
360810577001003,0
360810577002001,115
360810577002002,0
360810577002004,104
360810577002005,304
360810577002007,506
360810577003000,461
360810577003001,447
360810577003002,249
360810577003003,315
360810577001000,290
360810577002000,237
360810577002003,87
360810577002006,145
360810579001000,143
360810579001001,427
360810579001002,556
360810579002000,83
360810579002001,326
360810579002002,208
360810579002003,0
360810580001000,0
360810580001001,0
360810580001002,86
360810580001003,69
360810580001004,80
360810580001006,134
360810580001008,108
360810580001009,99
360810580002001,0
360810580002002,0
360810580002004,120
360810580002005,105
360810580002007,127
360810580002008,102
360810580002009,77
360810580002011,122
360810580002012,185
360810580003001,109
360810580003002,224
360810580003004,82
360810580003005,93
360810580003007,92
360810580004000,61
360810580004001,65
360810580004003,87
360810580004004,80
360810580004006,118
360810580004007,78
360810580001007,110
360810580002000,0
360810580002003,109
360810580002006,92
360810580002010,102
360810580003000,75
360810580003003,174
360810580003006,115
360810580004002,96
360810580004005,102
360810580001005,111
360810581001001,253
360810581001002,202
360810581001003,232
360810581001004,146
360810581001005,49
360810581002000,327
360810581002001,363
360810581002002,248
360810581002003,0
360810581002004,440
360810581002005,78
360810581002006,264
360810581001000,183
360810582001001,109
360810582001002,177
360810582001003,114
360810582001004,59
360810582001005,42
360810582001006,108
360810582001007,70
360810582001008,111
360810582001009,145
360810582001010,173
360810582002000,247
360810582002001,284
360810582002003,117
360810582002005,63
360810582002006,776
360810582002008,85
360810582002009,78
360810582003001,83
360810582003002,81
360810582003004,145
360810582003005,123
360810582003006,95
360810582003008,118
360810582003009,211
360810582001000,166
360810582002004,196
360810582002007,153
360810582003000,99
360810582003003,116
360810582003007,96
360810582002002,69
360810583001001,317
360810583001002,357
360810583002000,280
360810583002001,266
360810583002003,306
360810583003000,261
360810583003001,228
360810583003003,52
360810583001000,275
360810583001003,497
360810583002002,294
360810583003002,229
360810585001000,386
360810585001002,327
360810585001003,135
360810585002001,165
360810585002002,249
360810585002003,293
360810585002004,299
360810585003000,202
360810585003001,308
360810585003002,296
360810585003003,241
360810585003004,288
360810585003005,101
360810585003006,226
360810585001001,356
360810585002000,256
360810587001000,403
360810587001001,397
360810587001002,285
360810587001003,356
360810587002000,382
360810587002001,362
360810587003001,301
360810587003000,850
360810589001001,346
360810589001002,524
360810589001004,215
360810589002000,92
360810589002002,366
360810589002003,521
360810589002005,47
360810589003000,377
360810589003001,253
360810589003003,3
360810589003004,230
360810589001000,286
360810589001003,170
360810589002001,525
360810589002004,0
360810589003002,353
360810590001001,73
360810590001002,114
360810590001004,44
360810590001005,85
360810590001007,174
360810590001008,98
360810590001009,100
360810590001011,38
360810590001012,23
360810590001014,47
360810590001000,33
360810590001003,88
360810590001006,91
360810590001010,100
360810590001013,74
360810591001000,360
360810591001002,366
360810591001003,254
360810591002000,293
360810591002001,352
360810591002002,345
360810591002003,313
360810591003000,184
360810591003001,352
360810591003002,391
360810591003003,375
360810591004000,256
360810591004001,406
360810591004002,381
360810591004003,296
360810591001001,302
360810592001000,0
360810592001001,0
360810592001002,0
360810592001004,0
360810592001006,105
360810592001007,156
360810592001009,43
360810592001010,28
360810592001012,49
360810592001013,139
360810592001015,80
360810592001016,52
360810592001017,38
360810592001019,152
360810592001005,0
360810592001008,97
360810592001011,62
360810592001014,96
360810592001018,89
360810592001003,0
360810593001000,185
360810593001002,247
360810593001003,289
360810593001005,146
360810593001006,311
360810593002001,418
360810593002002,384
360810593002003,243
360810593002005,348
360810593002006,240
360810593002008,97
360810593001001,47
360810593001004,166
360810593002000,449
360810593002004,287
360810593002007,235
360810594001006,74
360810594002000,103
360810594002001,110
360810594002002,120
360810594002003,145
360810594002004,91
360810594002005,124
360810594001000,158
360810594001002,135
360810594001003,137
360810594001004,81
360810594001005,89
360810594001001,139
360810595011000,214
360810595011001,182
360810595011002,183
360810595011003,112
360810595011004,239
360810595011005,116
360810595012000,210
360810595012001,155
360810595012002,0
360810595012004,233
360810595012005,277
360810595012003,170
360810595021000,193
360810595021002,0
360810595021003,0
360810595021005,225
360810595021006,38
360810595021008,102
360810595021009,113
360810595022000,0
360810595022002,97
360810595022003,147
360810595022005,266
360810595022006,165
360810595022008,314
360810595022009,68
360810595022010,58
360810595021001,127
360810595021004,126
360810595021007,195
360810595022001,0
360810595022004,259
360810595022007,102
360810595022011,117
360810596001000,74
360810596001001,65
360810596001003,125
360810596001004,158
360810596002000,116
360810596002001,100
360810596002003,131
360810596002004,126
360810596002005,150
360810596001002,118
360810596001005,102
360810596002002,108
360810598001000,107
360810598001001,119
360810598001002,0
360810598001003,164
360810598001004,108
360810598001005,150
360810598002000,155
360810598002001,300
360810598002002,233
360810598002003,138
360810598002004,159
360810598002005,131
360810599001001,139
360810599001003,239
360810599002000,129
360810599002002,144
360810599002003,189
360810599002005,234
360810599001002,213
360810599002001,164
360810599002004,30
360810599001000,113
360810600001000,79
360810600001002,93
360810600001003,127
360810600001004,132
360810600001006,123
360810600001007,102
360810600001009,107
360810600001010,106
360810600001001,79
360810600001005,117
360810600001008,158
360810601001001,169
360810601001002,272
360810601001004,186
360810601002000,164
360810601002001,287
360810601002003,113
360810601002004,119
360810601001000,450
360810601001003,291
360810601002002,329
360810601002005,34
360810603001000,91
360810603001001,203
360810603001003,108
360810603001004,0
360810603001005,35
360810603001006,123
360810603001007,195
360810603001008,242
360810603001009,313
360810603001010,13
360810603001011,66
360810603001012,0
360810603001013,139
360810603001002,326
360810606001000,85
360810606001001,83
360810606001002,65
360810606001003,120
360810606001004,88
360810606001005,97
360810606001006,101
360810606002001,78
360810606002002,107
360810606002003,98
360810606002005,97
360810606002006,110
360810606002000,92
360810606002004,107
360810607011001,0
360810607011002,0
360810607011000,3
360810607011003,0
360810608001000,88
360810608001001,77
360810608001002,129
360810608001004,87
360810608001005,173
360810608001007,167
360810608001008,122
360810608001010,120
360810608001011,134
360810608001003,89
360810608001006,162
360810608001009,127
360810608001012,0
360810610001011,68
360810610001012,117
360810610001013,168
360810610001014,0
360810610001015,70
360810610001000,89
360810610001001,76
360810610001002,69
360810610001004,101
360810610001005,41
360810610001007,43
360810610001008,63
360810610001010,105
360810610001003,72
360810610001006,52
360810610001009,70
360810612001000,87
360810612001001,95
360810612001003,96
360810612001004,87
360810612001006,81
360810612001007,102
360810612002000,117
360810612002002,88
360810612002003,94
360810612002005,101
360810612002006,70
360810612002008,49
360810612001002,106
360810612001005,98
360810612002001,90
360810612002004,93
360810612002007,98
360810613011000,0
360810613011001,214
360810613011003,415
360810613011004,225
360810613012000,0
360810613012001,907
360810613012003,85
360810613012004,108
360810613013001,45
360810613013002,407
360810613013003,275
360810613013005,459
360810613014000,268
360810613014002,626
360810613014003,356
360810613011002,230
360810613011005,186
360810613012002,136
360810613013000,145
360810613013004,125
360810613014001,551
360810613021000,0
360810614001000,34
360810614001001,67
360810614001002,76
360810614001003,86
360810614001004,92
360810614001005,88
360810614001006,86
360810614001007,98
360810614001008,100
360810614001009,111
360810614001010,135
360810614001011,108
360810614001012,30
360810614001013,94
360810614001014,0
360810614001015,0
360810614001016,0
360810616011001,101
360810616011002,98
360810616011003,100
360810616011005,108
360810616011006,28
360810616011008,49
360810616011009,79
360810616012000,17
360810616012001,106
360810616012003,110
360810616012004,85
360810616012005,93
360810616012007,52
360810616012008,37
360810616013000,0
360810616013001,19
360810616013003,24
360810616013004,122
360810616013005,120
360810616013007,79
360810616011000,55
360810616011004,106
360810616011007,58
360810616011010,56
360810616012002,102
360810616012006,80
360810616012009,45
360810616013002,70
360810616013006,96
360810616021000,0
360810616021002,57
360810616021003,289
360810616021005,59
360810616021006,98
360810616021007,133
360810616021008,0
360810616021009,19
360810616022000,11
360810616022001,0
360810616022002,0
360810616022003,0
360810616022004,97
360810616022005,90
360810616022006,33
360810616022007,0
360810616022008,25
360810616022009,120
360810616022010,218
360810616021001,69
360810616021004,55
360810616022011,29
360810618001000,413
360810618001001,183
360810618001003,68
360810618002000,188
360810618002002,150
360810618002003,120
360810618002004,90
360810618002006,47
360810618002007,60
360810618001002,75
360810618002001,157
360810618002005,77
360810618002008,108
360810619001000,336
360810619001001,387
360810619001003,98
360810619001004,139
360810619001006,75
360810619001007,164
360810619001008,139
360810619001010,0
360810619002000,216
360810619002002,95
360810619002003,252
360810619002005,229
360810619002006,270
360810619001002,168
360810619001005,127
360810619001009,112
360810619002001,137
360810619002004,153
360810620001001,99
360810620001002,130
360810620001003,163
360810620001005,137
360810620001006,171
360810620001007,57
360810620001008,21
360810620001009,57
360810620001010,53
360810620001011,131
360810620001012,82
360810620001013,131
360810620001000,87
360810620001004,100
360810621001001,145
360810621001002,161
360810621001004,101
360810621001005,251
360810621002001,162
360810621002002,176
360810621002004,52
360810621002005,155
360810621002006,0
360810621003000,321
360810621003001,265
360810621003002,183
360810621003003,388
360810621001000,124
360810621001003,242
360810621002000,305
360810621002003,120
360810622001000,0
360810622001001,0
360810622001002,0
360810622001003,67
360810622001004,67
360810622001005,107
360810622001006,86
360810622001007,87
360810622001009,121
360810622001011,98
360810622001012,76
360810622001014,180
360810622001015,3
360810622002001,0
360810622002002,39
360810622002004,95
360810622002005,114
360810622002006,87
360810622002008,85
360810622002009,77
360810622002011,88
360810622002012,84
360810622002014,44
360810622001010,93
360810622001013,0
360810622002000,0
360810622002003,39
360810622002007,108
360810622002010,99
360810622002013,10
360810622001008,25
360810623001000,24
360810623001002,53
360810623001003,150
360810623001004,167
360810623001006,200
360810623002000,147
360810623002002,229
360810623002003,214
360810623002005,120
360810623001001,99
360810623001005,224
360810623002001,154
360810623002004,142
360810624001000,0
360810625001000,39
360810625001001,94
360810625001002,64
360810625001003,250
360810625001004,125
360810625001005,109
360810625001006,191
360810625001007,254
360810625002000,314
360810625002001,314
360810625002002,258
360810625002003,386
360810625002004,227
360810625002005,0
360810626001000,62
360810626001002,58
360810626001004,41
360810626001005,112
360810626001007,75
360810626001008,26
360810626002000,79
360810626002001,130
360810626002003,113
360810626002004,176
360810626002005,158
360810626002007,87
360810626002008,59
360810626002010,41
360810626003000,71
360810626003002,113
360810626003003,100
360810626003005,64
360810626003006,81
360810626003007,106
360810626001003,67
360810626001006,146
360810626001009,24
360810626002002,108
360810626002006,204
360810626002009,65
360810626003001,122
360810626003004,82
360810626003008,57
360810626001001,62
360810627001000,137
360810627001001,134
360810627001003,155
360810627001004,210
360810627001006,268
360810627001007,240
360810627002000,429
360810627002001,398
360810627002002,337
360810627002003,316
360810627001002,133
360810627001005,253
360810629001000,137
360810629001001,171
360810629001002,264
360810629001003,180
360810629001004,239
360810629001005,52
360810629002000,68
360810629002001,75
360810629002002,194
360810629002003,179
360810629002004,334
360810629002005,192
360810629003000,303
360810629003001,213
360810629003002,330
360810629002006,111
360810629003003,0
360810630001000,264
360810630001001,221
360810630001003,75
360810630001004,67
360810630001006,121
360810630002000,90
360810630002002,215
360810630002003,222
360810630001002,165
360810630001005,59
360810630002001,103
360810632002001,81
360810632002002,67
360810632002003,82
360810632002004,102
360810632002005,72
360810632002006,128
360810632002007,147
360810632002008,129
360810632002009,115
360810632002011,63
360810632002012,72
360810632002013,123
360810632002015,91
360810632001000,164
360810632001002,186
360810632001003,208
360810632001001,165
360810632002000,98
360810632002010,122
360810632002014,46
360810633011000,235
360810633011002,28
360810633011003,229
360810633011005,280
360810633011006,340
360810633011007,132
360810633011001,64
360810633011004,270
360810633011008,9
360810633021001,188
360810633021003,231
360810633022000,98
360810633022002,193
360810633022003,188
360810633022004,251
360810633021000,54
360810633021002,231
360810633022001,231
360810635001001,66
360810635001002,107
360810635001004,83
360810635001005,273
360810635002000,100
360810635002001,124
360810635002003,417
360810635002004,229
360810635002005,287
360810635002007,238
360810635001000,59
360810635001003,123
360810635001006,307
360810635002002,124
360810635002006,247
360810637001000,0
360810637001001,0
360810637001002,48
360810637002000,122
360810637002001,224
360810637002002,287
360810637002003,240
360810637002004,164
360810637002005,54
360810637002006,45
360810637003000,298
360810637003001,220
360810637003002,93
360810637003004,110
360810637003006,156
360810637003007,327
360810637004000,164
360810637004001,203
360810637004003,126
360810637004004,0
360810637004006,99
360810637004007,146
360810637003005,0
360810637003008,121
360810637004002,137
360810637004005,39
360810637003003,84
360810638001000,24
360810638001002,61
360810638001003,15
360810638001005,0
360810638001006,0
360810638001008,99
360810638001009,23
360810638001011,64
360810638001012,89
360810638002000,0
360810638002002,0
360810638002003,0
360810638002005,86
360810638002006,42
360810638002008,115
360810638002009,72
360810638002010,88
360810638002011,63
360810638002012,95
360810638002013,0
360810638003000,53
360810638003001,74
360810638003002,84
360810638003003,75
360810638003004,81
360810638003005,48
360810638003006,22
360810638003007,68
360810638003008,36
360810638004000,24
360810638004001,62
360810638004003,75
360810638004005,65
360810638004006,159
360810638004008,39
360810638004009,24
360810638004011,187
360810638005000,114
360810638005002,78
360810638005003,93
360810638005004,67
360810638005006,67
360810638005007,8
360810638005009,58
360810638005010,26
360810638001001,101
360810638001004,87
360810638001007,92
360810638001010,86
360810638002001,0
360810638002004,75
360810638002007,126
360810638004004,75
360810638004007,52
360810638004010,50
360810638005001,52
360810638005005,82
360810638005008,30
360810638004002,53
360810639001001,165
360810639001002,165
360810639001004,215
360810639001005,0
360810639001006,288
360810639001008,116
360810639001009,279
360810639001011,0
360810639002000,330
360810639002002,0
360810639002003,92
360810639002004,59
360810639002005,186
360810639002006,82
360810639002007,0
360810639001000,427
360810639001003,103
360810639001007,250
360810639001010,37
360810639002001,0
360810641011000,815
360810641011001,0
360810641011002,1563
360810641021000,0
360810641021001,0
360810641021003,0
360810641021004,0
360810641021005,1
360810641021007,0
360810641021008,3
360810641021010,0
360810641021011,0
360810641021013,0
360810641021014,0
360810641021015,0
360810641021017,0
360810641021018,0
360810641021002,0
360810641021006,0
360810641021009,0
360810641021012,0
360810641021016,0
360810645001001,81
360810645001002,104
360810645001004,106
360810645001005,117
360810645002000,160
360810645002001,185
360810645002002,183
360810645002004,245
360810645002005,18
360810645002007,64
360810645002008,45
360810645001000,100
360810645001003,108
360810645001006,196
360810645002003,167
360810645002006,185
360810645002009,0
360810646001000,175
360810646001001,171
360810646001002,79
360810646001003,68
360810646001004,176
360810646001005,183
360810646001006,119
360810646001007,128
360810646001008,94
360810646001009,139
360810646001010,74
360810646001011,123
360810646001012,99
360810646001013,73
360810646002000,151
360810646002002,67
360810646002004,139
360810646002005,138
360810646002007,25
360810646002008,64
360810646002010,109
360810646002011,96
360810646002003,81
360810646002006,89
360810646002009,110
360810646002012,105
360810646002001,150
360810650001000,55
360810650001001,164
360810650001002,64
360810650001004,146
360810650001005,148
360810650001007,102
360810650001008,96
360810650001010,97
360810650001011,101
360810650002000,142
360810650002001,51
360810650002002,67
360810650002004,116
360810650002005,132
360810650002007,124
360810650002008,83
360810650002010,95
360810650002011,108
360810650002012,175
360810650002013,14
360810650001003,102
360810650001006,103
360810650001009,103
360810650001012,82
360810650002003,141
360810650002006,105
360810650002009,115
360810654011000,77
360810654011001,0
360810654011002,0
360810654011003,0
360810654011004,41
360810654011005,69
360810654011006,143
360810654011007,85
360810654011008,76
360810654011009,158
360810654011010,129
360810654011011,163
360810654011012,164
360810654012000,95
360810654012001,94
360810654012003,111
360810654012004,88
360810654012006,114
360810654012007,97
360810654012008,100
360810654013000,0
360810654013001,0
360810654013003,122
360810654013004,25
360810654013006,99
360810654013007,64
360810654013008,132
360810654013010,73
360810654012002,100
360810654012005,102
360810654012009,111
360810654013002,0
360810654013005,97
360810654013009,107
360810654021000,5
360810654021001,0
360810655011000,3
360810655011001,0
360810656002009,171
360810656002011,99
360810656003000,77
360810656003001,142
360810656003003,83
360810656003004,101
360810656003006,44
360810656003007,94
360810656003009,294
360810656003010,133
360810656003012,161
360810656003013,15
360810656003014,190
360810656003016,216
360810656003017,251
360810656001001,0
360810656001002,74
360810656001003,67
360810656001005,119
360810656001006,99
360810656001008,99
360810656001009,101
360810656001011,111
360810656001012,148
360810656001013,131
360810656002000,122
360810656002001,76
360810656002002,95
360810656002003,104
360810656002004,100
360810656002005,75
360810656002006,43
360810656002007,89
360810656002008,127
360810656002010,151
360810656003002,151
360810656003005,154
360810656003008,308
360810656003011,169
360810656003015,217
360810656001000,65
360810656001004,55
360810656001007,124
360810656001010,178
360810657021001,120
360810657021002,173
360810657021004,340
360810657021005,97
360810657021006,270
360810657021000,355
360810657021003,165
360810657021007,255
360810657031000,147
360810657031001,149
360810657031002,211
360810657031003,67
360810657031004,287
360810657031005,279
360810657032000,190
360810657032001,211
360810657032002,286
360810657032003,193
360810657033000,164
360810657033001,190
360810657033002,158
360810657033003,93
360810657033004,99
360810657033005,105
360810659001000,110
360810659001001,159
360810659001003,109
360810659001004,116
360810659001006,86
360810659001007,140
360810659002000,104
360810659002002,172
360810659002003,104
360810659002005,0
360810659002006,196
360810659002008,55
360810659002009,146
360810659001002,108
360810659001005,97
360810659002001,140
360810659002004,8
360810659002007,0
360810660001001,157
360810660001002,72
360810660001003,88
360810660001005,176
360810660001006,235
360810660001008,105
360810660001009,85
360810660002000,130
360810660002001,120
360810660002003,158
360810660002004,38
360810660002005,204
360810660002007,96
360810660002009,175
360810660002010,123
360810660002011,95
360810660002012,94
360810660002013,168
360810660002014,217
360810660002008,207
360810660001000,135
360810660001004,89
360810660001007,216
360810660001010,135
360810660002002,68
360810660002006,125
360810661001000,197
360810661001001,256
360810661001002,252
360810661001003,178
360810661001004,153
360810661001005,182
360810661001006,146
360810661001007,125
360810661001008,84
360810663011000,173
360810663011001,19
360810663011002,142
360810663011004,77
360810663011005,15
360810663011007,232
360810663011008,209
360810663011010,100
360810663011011,64
360810663012000,241
360810663012001,207
360810663012002,163
360810663012004,0
360810663012005,60
360810663012007,108
360810663012008,138
360810663011003,121
360810663011006,157
360810663011009,144
360810663011012,28
360810663012003,139
360810663012006,0
360810663012009,176
360810663021000,0
360810663021001,4
360810663021002,0
360810664011001,0
360810664011002,213
360810664011004,0
360810664011005,36
360810664011007,33
360810664011008,0
360810664011009,0
360810664011010,23
360810664011011,43
360810664011012,0
360810664011013,0
360810664011014,0
360810664011015,25
360810664012000,475
360810664012001,98
360810664012002,135
360810664012003,189
360810664012004,163
360810664012005,186
360810664012007,96
360810664012008,75
360810664012009,0
360810664011000,14
360810664011003,0
360810664011006,13
360810664012006,106
360810664012010,0
360810664021003,13
360810664021005,131
360810664021006,108
360810664021008,201
360810664021009,48
360810664021010,65
360810664022001,147
360810664022002,207
360810664022004,121
360810664022005,138
360810664022007,126
360810664022008,80
360810664023000,126
360810664023002,252
360810664023003,152
360810664023005,196
360810664023006,252
360810664023007,157
360810664023008,119
360810664021000,102
360810664021001,107
360810664021004,46
360810664021007,56
360810664022000,183
360810664022003,127
360810664022006,152
360810664023001,167
360810664023004,58
360810664021002,305
360810664031000,118
360810664031001,228
360810664031002,297
360810664031003,212
360810664031004,157
360810664031005,25
360810664031006,263
360810664031007,162
360810664032000,198
360810664032001,0
360810664032002,537
360810664032003,0
360810664032006,184
360810664032007,255
360810664033000,298
360810664033001,131
360810664033003,222
360810664033004,175
360810664033006,166
360810664033007,0
360810664032005,75
360810664032004,259
360810664032008,230
360810664033002,148
360810664033005,140
360810664041000,0
360810664041002,0
360810664041001,0
360810665011000,178
360810665011002,126
360810665011003,122
360810665011005,105
360810665011006,54
360810665011007,130
360810665012001,163
360810665012002,123
360810665012004,155
360810665012005,133
360810665013001,315
360810665013002,313
360810665013003,312
360810665014002,173
360810665014003,0
360810665014004,0
360810665014005,0
360810665011001,142
360810665011004,100
360810665012000,265
360810665012003,139
360810665013000,67
360810665014000,222
360810665014001,201
360810667011000,164
360810667011001,174
360810667011002,80
360810667011003,82
360810667011004,142
360810667011005,64
360810667011006,110
360810667011007,126
360810667011008,47
360810667011009,114
360810667011011,94
360810667011012,66
360810667011013,86
360810667011015,71
360810667012000,237
360810667012002,185
360810667012003,196
360810667012005,192
360810667011010,115
360810667011014,17
360810667012001,257
360810667012004,170
360810669001000,156
360810669001001,116
360810669001003,142
360810669001004,344
360810669002000,213
360810669002001,175
360810669002003,104
360810669002004,88
360810669001002,104
360810669001005,129
360810669002002,219
360810671001001,121
360810671001002,134
360810671001003,201
360810671001005,225
360810671001006,222
360810671002001,168
360810671002002,67
360810671002004,21
360810671002005,131
360810671002007,0
360810671002008,0
360810671002009,212
360810671001000,46
360810671001004,208
360810671002000,215
360810671002003,72
360810671002006,205
360810677001000,160
360810677001001,146
360810677001002,122
360810677001003,108
360810677001004,109
360810677001005,102
360810677001006,105
360810677001007,50
360810677002000,72
360810677002001,82
360810677002002,75
360810677002003,81
360810677002005,15
360810677002006,133
360810677002007,155
360810677002004,195
360810677002008,122
360810679003001,76
360810679003003,51
360810679003004,84
360810679003006,139
360810679003007,137
360810679003008,219
360810679003010,109
360810679003011,92
360810679001000,8
360810679001001,53
360810679001003,111
360810679001004,184
360810679002001,745
360810679002002,139
360810679001002,68
360810679002000,1712
360810679003000,35
360810679003002,137
360810679003005,208
360810679003009,90
360810680001001,0
360810680001002,0
360810680001004,0
360810680001005,0
360810680001007,0
360810680001008,107
360810680001009,59
360810680001010,154
360810680001011,209
360810680001012,66
360810680001013,53
360810680001014,214
360810680001015,148
360810680002000,169
360810680002001,137
360810680002002,117
360810680002003,162
360810680002004,156
360810680002006,190
360810680002008,53
360810680002009,0
360810680002011,122
360810680003000,274
360810680003002,56
360810680003003,52
360810680003005,178
360810680003006,112
360810680003007,125
360810680003009,102
360810680003010,24
360810680003012,108
360810680003013,122
360810680004001,0
360810680004002,0
360810680004004,86
360810680004005,119
360810680004006,0
360810680004008,0
360810680004009,119
360810680004011,38
360810680004012,101
360810680004014,0
360810680004015,177
360810680004016,89
360810680001000,0
360810680001003,0
360810680001006,0
360810680002007,151
360810680002010,124
360810680003001,68
360810680003004,161
360810680003008,132
360810680003011,146
360810680004000,0
360810680004003,0
360810680004007,0
360810680004010,121
360810680004013,162
360810680002005,157
360810682001000,130
360810682001001,84
360810682001002,206
360810682001003,34
360810682001004,146
360810682001005,57
360810682001006,28
360810682001007,28
360810682001008,25
360810682001009,0
360810682001010,7
360810682001011,25
360810682002000,47
360810682002001,28
360810682002003,38
360810682002005,0
360810682002006,22
360810682002008,13
360810682002009,32
360810682002004,84
360810682002007,137
360810682002010,38
360810682002002,53
360810683001000,715
360810683001001,665
360810683001003,365
360810683001004,0
360810683002000,470
360810683002002,0
360810683002003,0
360810683002005,0
360810683002006,0
360810683003001,0
360810683003002,453
360810683001002,0
360810683002001,677
360810683002004,0
360810683003000,704
360810683003003,3
360810687001000,0
360810687001002,407
360810687002001,167
360810687002002,209
360810687003000,0
360810687003001,0
360810687003003,0
360810687003004,0
360810687003005,0
360810687003006,0
360810687003007,0
360810687003008,199
360810687003009,60
360810687003010,30
360810687003011,112
360810687003012,236
360810687003013,149
360810687003014,147
360810687003015,452
360810687003016,63
360810687003017,398
360810687003018,207
360810687001001,890
360810687002000,298
360810687002003,555
360810687003002,18
360810690002008,138
360810690002009,168
360810690002011,199
360810690001000,16
360810690001002,239
360810690001004,300
360810690001005,173
360810690001007,235
360810690001008,101
360810690001010,159
360810690001011,222
360810690002001,86
360810690002002,144
360810690002003,172
360810690002005,227
360810690002006,167
360810690002007,178
360810690002010,184
360810690001003,219
360810690001006,190
360810690001009,48
360810690002000,59
360810690002004,141
360810690001001,22
360810693001000,0
360810693001002,532
360810693001003,298
360810693001005,218
360810693002000,133
360810693002001,244
360810693002003,292
360810693001001,0
360810693001004,655
360810693002002,515
360810694001000,56
360810694001002,255
360810694001003,83
360810694001005,39
360810694001006,126
360810694001007,102
360810694001008,158
360810694001009,115
360810694001010,168
360810694001011,219
360810694001012,163
360810694002000,379
360810694002001,184
360810694002002,172
360810694002003,124
360810694002004,141
360810694002005,142
360810694002006,123
360810694002007,70
360810694002008,138
360810694002009,113
360810694002011,173
360810694002012,0
360810694002014,78
360810694001001,118
360810694001004,0
360810694002010,136
360810694002013,29
360810695001000,24
360810695001002,272
360810695001003,383
360810695001005,129
360810695001006,124
360810695001007,0
360810695002000,222
360810695002001,112
360810695002003,185
360810695002004,203
360810695001001,94
360810695001004,367
360810695001008,0
360810695002002,336
360810697011001,654
360810697011002,901
360810697012000,834
360810697013000,879
360810697013001,817
360810697011000,0
360810697012001,350
360810697021001,45
360810697021002,91
360810697021004,36
360810697021005,123
360810697022000,113
360810697022002,50
360810697022003,82
360810697022005,67
360810697022006,114
360810697022007,103
360810697022008,0
360810697023000,166
360810697023001,490
360810697023002,148
360810697023003,123
360810697023004,163
360810697024000,510
360810697024001,62
360810697024002,196
360810697024003,74
360810697024004,78
360810697024005,157
360810697024007,143
360810697021000,290
360810697021003,85
360810697022001,102
360810697022004,93
360810697024006,225
360810703001000,190
360810703001002,183
360810703001003,143
360810703001005,118
360810703001006,134
360810703002000,213
360810703002002,141
360810703002003,111
360810703002005,89
360810703002006,81
360810703002008,59
360810703001001,234
360810703001004,129
360810703002001,120
360810703002004,280
360810703002007,0
360810707001000,135
360810707001002,145
360810707001003,74
360810707001004,138
360810707001006,0
360810707002000,209
360810707002002,124
360810707003000,164
360810707003002,162
360810707003003,109
360810707003005,166
360810707003006,190
360810707001001,92
360810707001005,153
360810707002001,231
360810707003001,186
360810707003004,148
360810709001000,176
360810709001002,21
360810709001003,289
360810709001004,293
360810709001005,47
360810709001006,187
360810709001007,170
360810709002000,184
360810709002001,157
360810709002002,299
360810709002003,169
360810709002004,108
360810709002005,165
360810709002006,176
360810709001001,194
360810711001000,467
360810711001002,58
360810711001003,374
360810711002000,25
360810711002002,467
360810711002003,385
360810711002005,466
360810711002006,383
360810711003001,237
360810711003002,622
360810711004000,8
360810711004001,0
360810711004003,77
360810711004004,0
360810711001001,239
360810711002001,204
360810711002004,311
360810711003000,273
360810711004002,272
360810711004005,819
360810713031000,960
360810713031001,286
360810713031003,856
360810713032000,748
360810713032001,639
360810713033001,669
360810713033002,262
360810713031002,0
360810713033000,636
360810713033003,251
360810713041000,847
360810713041001,565
360810713042000,460
360810713042001,0
360810713042002,1212
360810713043000,477
360810713043001,452
360810713043002,0
360810713044000,639
360810713044001,790
360810713044002,944
360810713051000,419
360810713051001,711
360810713051002,0
360810713052000,444
360810713052001,926
360810713054000,914
360810713054001,0
360810713053000,1712
360810713064003,459
360810713061000,870
360810713062000,226
360810713062001,381
360810713063000,0
360810713063001,266
360810713063003,589
360810713064000,0
360810713064001,0
360810713061001,837
360810713062002,1597
360810713063002,416
360810713064002,540
360810716001000,0
360810716001002,0
360810716001003,0
360810716001005,0
360810716001006,0
360810716001007,0
360810716001009,0
360810716001010,0
360810716001012,0
360810716001013,0
360810716001015,0
360810716001016,0
360810716001018,0
360810716001019,0
360810716001020,0
360810716001021,1
360810716001022,0
360810716001023,0
360810716001024,0
360810716001025,0
360810716001026,0
360810716001027,0
360810716001028,0
360810716001029,0
360810716001030,0
360810716001031,0
360810716001001,1
360810716001004,0
360810716001008,0
360810716001011,0
360810716001014,0
360810716001017,0
360810717011000,1521
360810717012000,254
360810717012001,616
360810717012003,314
360810717012004,0
360810717013000,1382
360810717013002,0
360810717014000,454
360810717014002,732
360810717012002,32
360810717013001,31
360810717014001,221
360810717021000,2609
360810717022001,0
360810717022002,0
360810717022003,0
360810717022005,0
360810717022006,0
360810717022008,0
360810717022009,0
360810717022011,0
360810717022012,8
360810717022013,594
360810717022015,0
360810717022016,0
360810717022000,0
360810717022004,0
360810717022007,0
360810717022010,1
360810717022014,1119
360810717022017,329
360810719001000,0
360810719001001,0
360810719001003,665
360810719001004,477
360810719001005,0
360810719002001,170
360810719002002,204
360810719002003,198
360810719002004,264
360810719002005,363
360810719001002,79
360810719002000,467
360810721001000,166
360810721001001,1068
360810721002000,0
360810721002001,894
360810721003000,558
360810721003001,644
360810721004000,27
360810721004001,662
360810721005000,463
360810721005002,127
360810721005001,431
360810723001000,246
360810723001001,27
360810723001003,78
360810723002000,60
360810723002002,43
360810723002003,90
360810723002005,110
360810723002006,71
360810723002007,91
360810723002009,77
360810723002010,76
360810723003001,43
360810723003002,44
360810723003004,9
360810723003005,91
360810723003007,40
360810723003008,15
360810723003010,93
360810723003011,152
360810723003012,80
360810723003006,91
360810723003009,80
360810723003013,47
360810723001002,29
360810723002001,80
360810723002004,126
360810723002008,103
360810723003000,0
360810723003003,66
360810729001000,62
360810729001001,26
360810729001003,84
360810729001004,175
360810729001006,143
360810729002000,142
360810729002001,147
360810729002002,171
360810729002003,101
360810729002004,94
360810729002005,63
360810729001002,133
360810729001005,149
360810731001000,93
360810731001001,112
360810731001002,105
360810731001003,133
360810731001004,166
360810731001005,152
360810731002000,151
360810731002001,145
360810731002002,155
360810731002003,79
360810731002005,145
360810731002004,114
360810737001001,401
360810737001002,452
360810737002000,272
360810737002001,10
360810737002003,198
360810737002004,81
360810737002006,0
360810737002007,47
360810737002008,166
360810737002010,24
360810737002011,155
360810737002013,33
360810737001000,57
360810737001003,9
360810737002002,159
360810737002005,0
360810737002009,157
360810737002012,56
360810739003000,255
360810739003001,432
360810739003003,150
360810739004000,191
360810739004002,0
360810739004003,404
360810739005001,356
360810739005002,191
360810739001000,192
360810739001002,347
360810739002000,157
360810739002002,492
360810739001001,489
360810739002001,161
360810739003002,564
360810739004001,600
360810739005000,567
360810741001000,117
360810741001001,503
360810741002000,72
360810741002001,61
360810741002002,494
360810741002003,418
360810741003000,70
360810741003001,596
360810741004000,83
360810741004001,56
360810741004002,102
360810741004003,592
360810743001000,236
360810743001001,215
360810743001002,198
360810743002001,432
360810743003000,507
360810743003001,556
360810743004000,245
360810743004001,642
360810743002002,366
360810743003002,510
360810743004002,375
360810743002000,151
360810745001000,0
360810745001001,0
360810745001003,942
360810745001004,451
360810745002000,0
360810745002002,0
360810745002003,0
360810745002005,97
360810745002006,300
360810745002008,0
360810745001002,771
360810745002001,0
360810745002004,767
360810745002007,331
360810747001000,920
360810747001002,276
360810747001003,214
360810747001004,259
360810747001006,202
360810747002000,706
360810747002002,299
360810747002003,84
360810747002005,79
360810747001001,305
360810747001005,143
360810747002001,0
360810747002004,52
360810749001000,24
360810749001001,0
360810749001002,64
360810749001003,68
360810749001004,89
360810749001005,71
360810749001006,23
360810749001007,49
360810749001008,77
360810749001009,60
360810749001010,125
360810749001011,113
360810749002000,97
360810749002001,42
360810749002002,34
360810749002003,32
360810749002004,65
360810749002006,97
360810749002007,37
360810749002009,22
360810749002010,47
360810749002011,58
360810749002013,0
360810749002014,0
360810749002016,30
360810749002017,59
360810749002005,65
360810749002008,19
360810749002012,38
360810749002015,58
360810757011001,519
360810757011002,713
360810757012000,288
360810757012001,542
360810757012003,208
360810757013000,520
360810757013002,287
360810757013003,307
360810757012002,488
360810757013001,299
360810757013004,167
360810757011000,772
360810757011003,0
360810757021000,766
360810757021001,871
360810757022000,57
360810757022002,88
360810757022003,79
360810757022005,46
360810757022006,83
360810757022008,62
360810757022009,59
360810757022011,25
360810757022012,604
360810757022013,0
360810757022015,75
360810757022016,79
360810757023001,971
360810757022001,52
360810757022004,70
360810757022007,44
360810757022010,67
360810757022014,134
360810757023000,839
360810769011000,432
360810769011002,597
360810769011003,832
360810769011005,0
360810769012000,539
360810769012001,663
360810769012002,95
360810769012003,263
360810769012004,609
360810769011001,244
360810769011004,0
360810769021000,652
360810769021001,350
360810769021002,39
360810769021003,35
360810769021004,73
360810769021005,214
360810769021006,0
360810769021007,27
360810769021008,0
360810773001000,0
360810773001002,475
360810773001003,129
360810773001005,40
360810773001006,417
360810773002001,223
360810773002002,269
360810773002003,40
360810773003000,0
360810773003001,0
360810773003003,0
360810773003004,613
360810773003006,0
360810773001001,0
360810773001004,66
360810773002000,0
360810773002004,39
360810773003002,0
360810773003005,0
360810775001000,84
360810775001002,558
360810775002000,52
360810775002001,69
360810775002003,205
360810775002004,86
360810775002006,40
360810775002007,40
360810775002009,0
360810775003000,103
360810775003002,89
360810775003003,313
360810775001001,165
360810775002002,55
360810775002005,128
360810775002008,67
360810775003001,187
360810779021000,176
360810779021002,174
360810779021003,211
360810779021004,127
360810779022000,181
360810779022001,103
360810779022002,145
360810779022003,79
360810779022004,72
360810779022005,200
360810779022006,87
360810779022007,188
360810779022008,491
360810779022009,0
360810779022010,14
360810779023000,183
360810779023002,227
360810779023003,263
360810779023004,223
360810779024000,689
360810779025000,379
360810779025002,345
360810779021001,203
360810779023001,280
360810779023005,209
360810779025001,167
360810779031000,51
360810779031002,248
360810779031003,440
360810779032000,433
360810779032002,96
360810779032003,80
360810779033000,141
360810779033001,324
360810779033003,163
360810779033004,0
360810779033005,55
360810779031001,20
360810779032001,0
360810779032004,431
360810779033002,414
360810779033006,41
360810779044003,198
360810779044004,155
360810779044005,155
360810779041000,322
360810779041001,194
360810779041003,171
360810779041004,247
360810779042001,222
360810779042002,370
360810779042003,303
360810779042006,147
360810779042007,42
360810779042008,0
360810779043000,220
360810779043001,449
360810779043002,150
360810779043003,290
360810779043004,186
360810779043005,271
360810779043006,317
360810779043007,0
360810779043008,0
360810779044000,290
360810779044001,219
360810779041002,233
360810779042000,195
360810779042004,628
360810779044002,184
360810779042005,166
360810779051001,172
360810779051002,269
360810779051004,181
360810779051005,0
360810779051007,0
360810779051008,45
360810779051010,140
360810779051011,0
360810779051012,488
360810779051000,407
360810779051003,32
360810779051006,61
360810779051009,0
360810779052000,791
360810779061000,677
360810779061001,12
360810779061003,7
360810779062000,96
360810779062002,189
360810779062003,119
360810779062004,269
360810779062006,110
360810779062007,52
360810779062009,0
360810779062010,186
360810779062012,43
360810779062013,0
360810779061002,1451
360810779062001,162
360810779062005,256
360810779062008,78
360810779062011,261
360810779071000,280
360810779071001,279
360810779071002,263
360810779071003,172
360810779071004,0
360810779071005,0
360810779071006,0
360810779071008,182
360810779071009,153
360810779071010,213
360810779072000,278
360810779072001,340
360810779072003,206
360810779072004,208
360810779072006,181
360810779071007,196
360810779072002,202
360810779072005,196
360810779081000,1269
360810779081001,21
360810779081003,0
360810779081004,129
360810779082000,369
360810779082001,385
360810779082003,410
360810779082004,307
360810779081002,372
360810779081005,204
360810779082002,372
360810788001000,32
360810788001002,165
360810788001003,188
360810788001005,168
360810788001006,119
360810788002000,174
360810788002001,139
360810788002003,132
360810788002004,130
360810788002005,103
360810788001001,170
360810788001004,182
360810788001007,134
360810788002002,166
360810790001001,221
360810790001002,113
360810790001004,238
360810790001005,187
360810790001007,119
360810790002000,74
360810790002001,160
360810790002002,123
360810790002003,0
360810790002004,0
360810790002005,123
360810790002006,160
360810790002007,165
360810790002008,283
360810790002009,198
360810790002010,186
360810790001000,187
360810790001003,154
360810790001006,184
360810792001000,173
360810792001001,119
360810792001002,114
360810792001003,64
360810792001005,69
360810792001006,92
360810792001008,172
360810792001009,0
360810792002000,164
360810792002001,387
360810792002002,323
360810792002004,0
360810792002005,0
360810792002007,134
360810792002008,150
360810792002010,263
360810792001004,106
360810792001007,93
360810792001010,0
360810792002003,0
360810792002006,254
360810792002009,40
360810793001000,1
360810797012000,3309
360810797013000,14
360810797014000,2372
360810797014002,369
360810797011000,1216
360810797014001,340
360810797021000,1283
360810797021002,357
360810797022000,1297
360810797024000,663
360810797024001,737
360810797024002,220
360810797021001,377
360810797023000,19
360810797024003,49
360810799002007,183
360810799002008,245
360810799001000,111
360810799001001,229
360810799001003,129
360810799001004,18
360810799001005,240
360810799001006,121
360810799001007,18
360810799001008,51
360810799001009,106
360810799001010,153
360810799001011,145
360810799002000,451
360810799002001,232
360810799002002,230
360810799002003,180
360810799002004,309
360810799002005,243
360810799002006,226
360810799001002,251
360810803011000,69
360810803011001,172
360810803011002,224
360810803011004,274
360810803011005,228
360810803011007,213
360810803012000,450
360810803012001,269
360810803012003,455
360810803012004,247
360810803012006,0
360810803013000,95
360810803013002,285
360810803013003,81
360810803013004,208
360810803013006,0
360810803013007,0
360810803013009,104
360810803013010,0
360810803011003,201
360810803011006,334
360810803012002,213
360810803012005,211
360810803013001,203
360810803013005,186
360810803013008,106
360810803021001,0
360810803021002,0
360810803021003,0
360810803021005,23
360810803021006,38
360810803021008,0
360810803021009,92
360810803021011,144
360810803021012,88
360810803021013,111
360810803021014,156
360810803021015,187
360810803022000,210
360810803022001,198
360810803022002,57
360810803022003,40
360810803022004,111
360810803022005,80
360810803022006,153
360810803022007,288
360810803022008,102
360810803022009,103
360810803023000,0
360810803023001,0
360810803023003,175
360810803023004,72
360810803023005,132
360810803023007,117
360810803023008,108
360810803023010,129
360810803023011,134
360810803023013,160
360810803023014,0
360810803023015,0
360810803021000,0
360810803021004,31
360810803021007,88
360810803021010,168
360810803023002,0
360810803023006,117
360810803023009,87
360810803023012,274
360810803023016,0
360810809001000,551
360810809001001,603
360810809002000,163
360810809002001,691
360810809003001,188
360810809003002,228
360810809003003,179
360810809004001,0
360810809004002,8
360810809004004,191
360810809004005,176
360810809004007,228
360810809005000,436
360810809005002,57
360810809005003,98
360810809005004,127
360810809006000,671
360810809006001,575
360810809007000,16
360810809007001,453
360810809007002,0
360810809007003,24
360810809007004,0
360810809007005,28
360810809007006,645
360810809007007,0
360810809007008,0
360810809001002,448
360810809003000,134
360810809004000,241
360810809004003,143
360810809004006,236
360810809005001,53
360810814001000,8
360810814001002,231
360810814001004,134
360810814001005,163
360810814001007,168
360810814001008,155
360810814001010,116
360810814001011,85
360810814002001,223
360810814002002,349
360810814002003,163
360810814002005,173
360810814003000,164
360810814003002,131
360810814003003,171
360810814003005,90
360810814003006,130
360810814001003,108
360810814001006,207
360810814001009,0
360810814002000,248
360810814002004,206
360810814003001,196
360810814003004,172
360810814003007,84
360810814001001,213
360810818001000,304
360810818001001,295
360810818001002,217
360810818001004,169
360810818001005,219
360810818002001,106
360810818002002,167
360810818002004,128
360810818002005,171
360810818002006,191
360810818002007,77
360810818002008,25
360810818003000,67
360810818003001,143
360810818003002,87
360810818003003,148
360810818003004,214
360810818003005,219
360810818003006,180
360810818003007,186
360810818003008,120
360810818001003,168
360810818002000,204
360810818002003,68
360810837001000,185
360810837001001,167
360810837001002,87
360810837001003,167
360810837001005,230
360810837001007,131
360810837001008,113
360810837001010,0
360810837001011,50
360810837001013,116
360810837001014,169
360810837001016,119
360810837002000,235
360810837002001,139
360810837002003,130
360810837002004,193
360810837003000,145
360810837003001,238
360810837003003,162
360810837003004,105
360810837003006,148
360810837003007,120
360810837003008,0
360810837005000,160
360810837005001,245
360810837005003,13
360810837005004,197
360810837005006,248
360810837005007,202
360810837005008,195
360810837001006,194
360810837001009,113
360810837001012,138
360810837001015,0
360810837002002,188
360810837002005,169
360810837003002,241
360810837003005,92
360810837004000,1
360810837005002,180
360810837005005,280
360810837001004,224
360810838001000,194
360810838001001,139
360810838001002,183
360810838001003,172
360810838001004,220
360810838001005,217
360810838001006,204
360810838001007,211
360810838002000,160
360810838002001,165
360810838002002,137
360810838002004,156
360810838002005,108
360810838002007,191
360810838003000,193
360810838003002,147
360810838003003,184
360810838003004,189
360810838003006,184
360810838003007,123
360810838004001,188
360810838004002,237
360810838004004,187
360810838004005,159
360810838002006,179
360810838003001,141
360810838003005,179
360810838004000,145
360810838004003,132
360810838002003,170
360810840001001,238
360810840001002,260
360810840001004,156
360810840001005,197
360810840001006,187
360810840002000,249
360810840002001,203
360810840002003,238
360810840002004,225
360810840003000,245
360810840003001,182
360810840003003,237
360810840003004,276
360810840004001,221
360810840004002,165
360810840004003,247
360810840004004,222
360810840005000,174
360810840005001,179
360810840005002,206
360810840005003,202
360810840005004,174
360810840005005,182
360810840005006,181
360810840005007,40
360810840001000,180
360810840001003,264
360810840001007,219
360810840002002,224
360810840002005,213
360810840003002,260
360810840004000,198
360810845001000,2104
360810845002000,1886
360810845003000,260
360810845003001,199
360810845003002,242
360810845003004,238
360810845003005,129
360810845003007,76
360810845003003,280
360810845003006,102
360810846011000,36
360810846011001,38
360810846011003,192
360810846011004,193
360810846011006,120
360810846011007,167
360810846011009,52
360810846011010,82
360810846011011,71
360810846011013,61
360810846011014,0
360810846012001,123
360810846012002,182
360810846012004,150
360810846012005,141
360810846012007,150
360810846012008,121
360810846012009,108
360810846012011,67
360810846012012,0
360810846011002,108
360810846011005,157
360810846011008,141
360810846011012,71
360810846012000,138
360810846012003,177
360810846012006,150
360810846012010,49
360810846021012,21
360810846021013,47
360810846021014,179
360810846021015,390
360810846021016,0
360810846021017,80
360810846021018,0
360810846021019,0
360810846021020,0
360810846021021,34
360810846021022,57
360810846021023,96
360810846021024,83
360810846021025,51
360810846021026,0
360810846021027,0
360810846021029,32
360810846021030,0
360810846021032,58
360810846021033,91
360810846021034,55
360810846021001,0
360810846021002,0
360810846021004,0
360810846021005,16
360810846021006,0
360810846021007,0
360810846021008,0
360810846021009,52
360810846021010,94
360810846021011,60
360810846021028,0
360810846021031,0
360810846021035,0
360810846021000,0
360810846021003,0
360810849011000,1930
360810849011001,683
360810849012001,19
360810849012002,12
360810849012004,123
360810849012005,151
360810849012006,0
360810849012000,47
360810849012003,48
360810849021001,1456
360810849022000,1008
360810849021000,785
360810849022001,1217
360810853001000,31
360810853001001,342
360810853001003,707
360810853002000,240
360810853002001,907
360810853004000,1289
360810853001002,676
360810853003000,1223
360810855001000,789
360810855002000,865
360810855002001,1489
360810855004000,495
360810855004001,1047
360810855004002,0
360810855001001,570
360810855003000,1634
360810857001000,1923
360810857002000,477
360810857002001,1101
360810857003000,247
360810857003001,1488
360810857003002,534
360810859001000,103
360810859001001,96
360810859001002,73
360810859001003,1697
360810859002000,112
360810859002001,265
360810859002003,210
360810859003001,1104
360810859003000,1193
360810859002002,1309
360810861001000,1441
360810861002001,144
360810861002002,85
360810861002004,60
360810861002005,0
360810861002007,408
360810861002000,134
360810861002003,14
360810861002006,164
360810863001000,1621
360810863002000,566
360810863003000,1554
360810863004000,1806
360810863002001,804
360810863004001,767
360810864001000,367
360810864001001,288
360810864001003,219
360810864001004,430
360810864002000,142
360810864002001,29
360810864002002,396
360810864002004,67
360810864002005,148
360810864001002,342
360810864001005,167
360810864002003,138
360810864002006,134
360810865001000,464
360810865001001,1046
360810865002000,493
360810865002001,1227
360810865003000,0
360810865003001,1032
360810865001002,962
360810869001000,316
360810869001001,401
360810869001002,45
360810869001003,54
360810869001004,180
360810869001005,21
360810869001006,0
360810869001007,0
360810869001008,0
360810869001009,0
360810869001010,0
360810869001011,604
360810869001012,149
360810869001014,0
360810869001016,0
360810869001017,17
360810869001019,170
360810869002000,0
360810869002002,0
360810869002003,0
360810869002005,0
360810869002006,0
360810869002007,0
360810869002009,0
360810869002010,143
360810869002012,66
360810869002013,28
360810869002015,133
360810869002016,0
360810869001015,0
360810869001018,0
360810869002001,0
360810869002004,0
360810869002008,0
360810869002011,0
360810869002014,16
360810869002017,0
360810869001013,0
360810871002009,0
360810871002011,22
360810871002012,114
360810871002013,923
360810871002014,675
360810871002015,735
360810871002016,37
360810871001000,0
360810871001001,2536
360810871001002,0
360810871002001,14
360810871002002,176
360810871002004,23
360810871002005,1
360810871002007,20
360810871002008,0
360810871002010,54
360810871002000,536
360810871002003,26
360810871002006,481
360810884000001,0
360810884000002,0
360810884000003,0
360810884001000,0
360810884001001,0
360810884001002,0
360810884001003,0
360810884001004,0
360810884001006,14
360810884001008,178
360810884001009,0
360810884001011,0
360810884001012,0
360810884001014,146
360810884001015,172
360810884001017,84
360810884001018,105
360810884001019,89
360810884001021,0
360810884002000,37
360810884002002,87
360810884002003,44
360810884002005,0
360810884002006,39
360810884002008,106
360810884002009,128
360810884002010,0
360810884003000,79
360810884003001,83
360810884003003,62
360810884003004,0
360810884003006,82
360810884003007,103
360810884003008,113
360810884003009,83
360810884003010,117
360810884003011,93
360810884003012,31
360810884004000,0
360810884004001,51
360810884004002,76
360810884004003,93
360810884004004,81
360810884004005,76
360810884004006,95
360810884004007,0
360810884004008,78
360810884004009,99
360810884004011,84
360810884005000,77
360810884005001,75
360810884005003,105
360810884005004,89
360810884005006,93
360810884005007,120
360810884005009,114
360810884005010,121
360810884005011,56
360810884006000,265
360810884006001,99
360810884006003,97
360810884006004,157
360810884006006,79
360810884006007,62
360810884006009,69
360810884006010,220
360810884006011,0
360810884007001,72
360810884007002,105
360810884007004,96
360810884007005,42
360810884007007,21
360810884007008,0
360810884008000,67
360810884008001,90
360810884008002,100
360810884008003,92
360810884008004,108
360810884008005,113
360810884008006,24
360810884008007,81
360810884008008,4
360810884008009,119
360810884008010,40
360810884001007,0
360810884001010,0
360810884001013,166
360810884001016,192
360810884001020,52
360810884002001,78
360810884002004,0
360810884002007,63
360810884002011,20
360810884003002,115
360810884003005,45
360810884004012,59
360810884005002,110
360810884005005,56
360810884005008,137
360810884005012,0
360810884006002,0
360810884006005,106
360810884006008,177
360810884007000,98
360810884007003,92
360810884007006,20
360810884001005,0
360810884004010,112
360810889021000,0
360810889021001,595
360810889021002,658
360810889021003,365
360810889022000,0
360810889022001,615
360810889022003,254
360810889022004,484
360810889023001,453
360810889023002,1076
360810889023003,311
360810889024001,516
360810889024002,595
360810889022002,569
360810889023000,14
360810889024000,510
360810889033001,417
360810889033002,0
360810889033003,0
360810889031001,0
360810889031002,0
360810889031004,0
360810889031005,72
360810889031006,200
360810889031008,93
360810889031009,79
360810889031011,103
360810889031012,41
360810889031014,120
360810889032000,1063
360810889032001,0
360810889032003,0
360810889032004,0
360810889033000,903
360810889031000,319
360810889031003,0
360810889031007,164
360810889031010,37
360810889031013,300
360810889032002,0
360810889032005,576
360810892011000,55
360810892011001,52
360810892011002,0
360810892011003,0
360810892011004,64
360810892011005,66
360810892011006,66
360810892011008,64
360810892011009,74
360810892011011,66
360810892011012,74
360810892012000,93
360810892012001,53
360810892012002,0
360810892012004,73
360810892012005,73
360810892012007,45
360810892012008,48
360810892012010,78
360810892012011,85
360810892012012,57
360810892012014,80
360810892012015,69
360810892012017,0
360810892012018,5
360810892012020,59
360810892013000,79
360810892013001,67
360810892013003,74
360810892013004,78
360810892013006,68
360810892013007,85
360810892013008,79
360810892013009,62
360810892013010,69
360810892013011,76
360810892013012,72
360810892013013,77
360810892014000,22
360810892014001,104
360810892014002,72
360810892014003,80
360810892014004,6
360810892014005,94
360810892014006,97
360810892014007,98
360810892014009,93
360810892014010,71
360810892014011,0
360810892014013,15
360810892014014,74
360810892014016,86
360810892014017,61
360810892015000,78
360810892015001,70
360810892015002,60
360810892015004,75
360810892015005,81
360810892015007,99
360810892016000,0
360810892016002,63
360810892016003,73
360810892016004,65
360810892016006,71
360810892016007,117
360810892016009,94
360810892016010,77
360810892016012,9
360810892016013,8
360810892017000,0
360810892017003,77
360810892017004,87
360810892017005,99
360810892017006,85
360810892017007,58
360810892017008,68
360810892017009,71
360810892017010,61
360810892018000,0
360810892018001,58
360810892018002,61
360810892018003,19
360810892018004,60
360810892018005,61
360810892018006,68
360810892018007,85
360810892018009,81
360810892018010,50
360810892018011,0
360810892018013,62
360810892018014,59
360810892018016,100
360810892011007,53
360810892011010,62
360810892011013,57
360810892012003,30
360810892012006,67
360810892012009,69
360810892012013,66
360810892012016,52
360810892012019,79
360810892013002,66
360810892013005,104
360810892014008,79
360810892014012,0
360810892014015,70
360810892014018,86
360810892015003,54
360810892015006,100
360810892016001,0
360810892016005,66
360810892016008,107
360810892016011,76
360810892017001,56
360810892018008,88
360810892018012,100
360810892018015,80
360810892017002,69
360810892021000,0
360810892021002,0
360810892021003,0
360810892021005,0
360810892021006,0
360810892021007,0
360810892021009,0
360810892021001,0
360810892021004,0
360810892021008,0
360810907000001,0
360810907001000,0
360810907001001,0
360810907001003,92
360810907001004,250
360810907001005,187
360810907001007,109
360810907001008,101
360810907001010,82
360810907001011,64
360810907001013,0
360810907001014,0
360810907001015,29
360810907001016,107
360810907001017,121
360810907001018,12
360810907001019,0
360810907001020,30
360810907001021,0
360810907001022,0
360810907001024,0
360810907001025,0
360810907001027,0
360810907001028,20
360810907001029,0
360810907001023,0
360810907001026,0
360810907001030,100
360810907000002,0
360810907001002,0
360810907001006,161
360810907001009,87
360810907001012,32
360810916020001,0
360810916020002,0
360810916021000,0
360810916021001,0
360810916021003,0
360810916021004,0
360810916021005,0
360810916021006,12
360810916021007,0
360810916021008,0
360810916021009,0
360810916020003,0
360810916021002,0
360810916030001,0
360810916030002,0
360810916031000,0
360810916031001,0
360810916032000,223
360810916032001,6
360810916032002,0
360810916032003,7
360810916032005,7
360810916032006,43
360810916032007,68
360810916032009,30
360810916032010,26
360810916032012,80
360810916032013,27
360810916033000,0
360810916034000,0
360810916034001,20
360810916034003,39
360810916034004,268
360810916034006,42
360810916034007,54
360810916034009,41
360810916034010,38
360810916034011,137
360810916034013,76
360810916034014,29
360810916034016,23
360810916034017,13
360810916034019,32
360810916034020,44
360810916034021,104
360810916034024,45
360810916034025,32
360810916034026,42
360810916034027,15
360810916034028,8
360810916034029,182
360810916034030,0
360810916034031,15
360810916034032,29
360810916035000,9
360810916035001,6
360810916035002,3
360810916035003,39
360810916035004,25
360810916035005,23
360810916035007,40
360810916035008,50
360810916035009,57
360810916035011,40
360810916035012,15
360810916035014,4
360810916035015,16
360810916035017,28
360810916035018,35
360810916035019,29
360810916035021,63
360810916035022,51
360810916035024,63
360810916035025,10
360810916035027,20
360810916036000,127
360810916036001,0
360810916036003,9
360810916036004,16
360810916036006,21
360810916036007,22
360810916036009,38
360810916036010,50
360810916036011,17
360810916036014,0
360810916036015,86
360810916036016,33
360810916036017,42
360810916036018,44
360810916036019,45
360810916036020,51
360810916036021,38
360810916036022,48
360810916036023,41
360810916036024,37
360810916036025,29
360810916036026,29
360810916036027,25
360810916036029,0
360810916036030,36
360810916036032,30
360810916036033,0
360810916032004,47
360810916032008,22
360810916032011,67
360810916032014,8
360810916034002,0
360810916034005,143
360810916034008,182
360810916034012,69
360810916034015,39
360810916034018,42
360810916034022,53
360810916035006,33
360810916035010,32
360810916035013,14
360810916035016,17
360810916035020,56
360810916035023,32
360810916035026,24
360810916036002,10
360810916036005,18
360810916036008,19
360810916036012,0
360810916036028,17
360810916036031,35
360810916034023,82
360810916036013,10
360810916040001,0
360810916040003,0
360810916040004,0
360810916040006,0
360810916041000,0
360810916041002,0
360810916041003,0
360810916040002,0
360810916040005,0
360810916041001,0
360810918001001,0
360810918001002,0
360810918001003,0
360810918001004,0
360810918001005,0
360810918001006,0
360810918001007,0
360810918001008,0
360810918001010,0
360810918001011,0
360810918001012,0
360810918001014,0
360810918001015,12
360810918001017,0
360810918000001,0
360810918000003,0
360810918000004,0
360810918001000,0
360810918001009,0
360810918001013,0
360810918001016,0
360810918000002,0
360810918000005,0
360810919000001,0
360810919001001,151
360810919001002,150
360810919001004,166
360810919001005,71
360810919001006,44
360810919002001,20
360810919002002,222
360810919002004,262
360810919002005,281
360810919002007,226
360810919002008,135
360810919002009,207
360810919002011,16
360810919002012,146
360810919003001,282
360810919003002,334
360810919003004,192
360810919003005,170
360810919003007,85
360810919003008,76
360810919003009,109
360810919003010,125
360810919003011,153
360810919003012,111
360810919003013,158
360810919001000,142
360810919001003,1165
360810919002000,13
360810919002003,208
360810919002006,244
360810919002010,259
360810919003000,311
360810919003003,183
360810919003006,0
360810922000001,0
360810922000002,0
360810922001000,0
360810922001001,54
360810922001002,53
360810922001003,69
360810922001004,60
360810922001006,47
360810922001008,83
360810922001009,92
360810922001011,92
360810922001012,87
360810922002000,69
360810922002001,72
360810922002003,50
360810922002004,52
360810922002005,43
360810922002007,76
360810922002008,60
360810922002010,60
360810922002011,68
360810922003000,24
360810922003001,20
360810922003003,40
360810922003004,27
360810922003005,29
360810922003007,47
360810922003008,27
360810922001007,62
360810922001010,92
360810922001013,101
360810922002002,77
360810922002006,79
360810922002009,18
360810922002012,79
360810922003002,37
360810922003006,240
360810922003009,22
360810922001005,0
360810925001000,21
360810925001001,54
360810925001003,5
360810925001004,215
360810925001005,169
360810925001006,234
360810925001007,70
360810925001008,65
360810925001009,91
360810925001010,71
360810925001011,136
360810925002000,27
360810925002001,301
360810925002002,244
360810925002003,203
360810925002004,180
360810925002005,196
360810925002006,244
360810925002007,213
360810925003001,211
360810925003003,0
360810925003004,157
360810925003006,187
360810925003007,147
360810925003009,125
360810925001002,61
360810925003002,178
360810925003005,202
360810925003008,130
360810925003000,219
360810928003002,84
360810928003003,92
360810928003004,112
360810928003005,112
360810928003006,110
360810928003007,99
360810928003008,102
360810928003009,105
360810928003010,100
360810928003011,89
360810928000001,0
360810928001000,103
360810928001001,63
360810928001002,110
360810928001004,83
360810928001005,86
360810928001007,79
360810928001008,100
360810928001010,62
360810928001011,65
360810928001013,0
360810928001014,0
360810928002000,0
360810928002002,70
360810928002003,100
360810928002005,95
360810928002006,94
360810928002008,73
360810928002009,118
360810928002010,52
360810928002011,72
360810928002012,75
360810928002013,68
360810928003000,82
360810928003001,104
360810928000002,0
360810928001003,99
360810928001006,66
360810928001009,74
360810928001012,0
360810928002001,0
360810928002004,122
360810928002007,84
360810929000001,0
360810929001000,1017
360810929001002,0
360810929002000,84
360810929002002,0
360810929002003,112
360810929002005,52
360810929002006,156
360810929002008,0
360810929002009,108
360810929002010,102
360810929002012,58
360810929002013,217
360810929003000,81
360810929003001,157
360810929003003,128
360810929003004,127
360810929003006,204
360810929003007,143
360810929004000,465
360810929004002,383
360810929005000,201
360810929005002,314
360810929005003,226
360810929005005,145
360810929005006,120
360810929005007,105
360810929005008,405
360810929005009,66
360810929005010,122
360810929005011,101
360810929005012,470
360810929005013,191
360810929005014,114
360810929001001,217
360810929002001,110
360810929002004,0
360810929002007,120
360810929002011,66
360810929002014,169
360810929003002,157
360810929003005,142
360810929004001,201
360810929005001,203
360810929005004,79
360810929000002,0
360810934010001,0
360810934011000,0
360810934011001,57
360810934011002,0
360810934011003,139
360810934011004,119
360810934011005,102
360810934011006,65
360810934011007,36
360810934011009,166
360810934011010,216
360810934011012,112
360810934011013,160
360810934012000,155
360810934012001,130
360810934012002,187
360810934012004,288
360810934013000,95
360810934013002,123
360810934013003,71
360810934013005,189
360810934011008,103
360810934011011,98
360810934011014,122
360810934012003,435
360810934013001,91
360810934013004,473
360810934020001,0
360810934021000,429
360810934022000,0
360810934022001,554
360810934023000,0
360810934023001,116
360810934023003,103
360810934023004,57
360810934023005,34
360810934023007,85
360810934023008,149
360810934023010,181
360810934023011,155
360810934023012,114
360810934023013,172
360810934023014,129
360810934023015,17
360810934021001,875
360810934022002,303
360810934023002,86
360810934023006,0
360810934023009,145
360810938000001,0
360810938000002,0
360810938001000,0
360810938001001,0
360810938001002,1314
360810938002000,140
360810938002001,1190
360810938002002,0
360810938003000,0
360810938003001,0
360810938003003,57
360810938003004,255
360810938003005,1277
360810938003007,44
360810938003008,0
360810938003002,0
360810938003006,101
360810938003009,82
360810939000001,0
360810939001000,920
360810939001002,273
360810939001003,407
360810939001005,270
360810939001006,168
360810939001007,85
360810939001009,81
360810939001010,120
360810939001012,0
360810939001013,301
360810939001015,78
360810939001016,62
360810939002001,117
360810939002002,198
360810939002003,75
360810939002005,177
360810939002006,197
360810939002008,89
360810939002009,210
360810939003001,84
360810939003002,71
360810939003003,85
360810939003004,225
360810939003005,155
360810939003006,150
360810939003007,135
360810939003009,104
360810939003010,158
360810939003008,155
360810939001001,186
360810939001004,127
360810939001008,104
360810939001011,109
360810939001014,79
360810939002000,102
360810939002004,197
360810939002007,144
360810939003000,70
360810942011017,6
360810942012000,0
360810942012001,33
360810942012003,117
360810942012004,27
360810942012006,23
360810942012007,24
360810942012009,0
360810942012010,0
360810942010001,0
360810942011001,157
360810942011002,66
360810942011004,256
360810942011005,70
360810942011007,241
360810942011008,126
360810942011009,135
360810942011011,308
360810942011012,0
360810942011014,154
360810942011015,166
360810942011000,326
360810942011003,37
360810942011006,163
360810942011010,277
360810942011013,28
360810942011016,38
360810942012002,27
360810942012005,882
360810942012008,42
360810942020001,0
360810942020003,0
360810942020004,0
360810942021000,105
360810942021001,75
360810942021002,39
360810942021003,46
360810942021004,137
360810942021005,100
360810942021006,83
360810942021007,158
360810942021008,46
360810942021009,17
360810942021010,48
360810942021011,19
360810942021012,167
360810942021014,91
360810942021015,82
360810942021016,0
360810942021018,109
360810942021019,69
360810942021021,58
360810942022000,0
360810942022002,0
360810942022003,0
360810942022004,1795
360810942023000,0
360810942023001,0
360810942023003,18
360810942023004,0
360810942023006,75
360810942023007,60
360810942023008,101
360810942023010,184
360810942023011,35
360810942023013,41
360810942023014,105
360810942023016,70
360810942023017,31
360810942023018,40
360810942020002,0
360810942021013,144
360810942021017,75
360810942021020,0
360810942022001,0
360810942022005,336
360810942023002,47
360810942023005,0
360810942023009,46
360810942023012,58
360810942023015,75
360810942031001,0
360810942031002,20
360810942031003,0
360810942031004,0
360810942031005,136
360810942031006,170
360810942031007,130
360810942031008,337
360810942031009,0
360810942031010,158
360810942031011,97
360810942031012,193
360810942031013,0
360810942032000,0
360810942032001,1386
360810942034000,951
360810942035000,971
360810942030001,0
360810942033000,1127
360810942031000,0
360810945000002,0
360810945000003,0
360810945001000,185
360810945001001,45
360810945001002,45
360810945001004,0
360810945001005,40
360810945001007,30
360810945001008,61
360810945001010,150
360810945001011,194
360810945001013,127
360810945001014,114
360810945001015,62
360810945001017,106
360810945001018,82
360810945001020,0
360810945001021,107
360810945001023,68
360810945001024,13
360810945001026,163
360810945001027,0
360810945001028,134
360810945001030,70
360810945002000,0
360810945002001,0
360810945002002,0
360810945002003,0
360810945002004,13
360810945002005,0
360810945002006,33
360810945002007,68
360810945002008,93
360810945002009,60
360810945002010,62
360810945002011,58
360810945002013,51
360810945002014,36
360810945002015,87
360810945002017,120
360810945002018,82
360810945002020,172
360810945002021,56
360810945002023,142
360810945002024,149
360810945002026,0
360810945002027,0
360810945002028,30
360810945002030,52
360810945002012,88
360810945002016,71
360810945002019,70
360810945002022,240
360810945002025,0
360810945002029,61
360810945000001,0
360810945000004,0
360810945001003,34
360810945001006,52
360810945001009,72
360810945001012,60
360810945001016,42
360810945001019,94
360810945001022,55
360810945001025,197
360810945001029,31
360810947001000,291
360810947001002,421
360810947001003,85
360810947001005,22
360810947001006,0
360810947001007,114
360810947002000,334
360810947002001,163
360810947002002,201
360810947002003,123
360810947002004,170
360810947002005,0
360810947002006,181
360810947002007,172
360810947002008,80
360810947002009,29
360810947002010,183
360810947001001,322
360810947001004,13
360810947001008,131
360810954000001,0
360810954000002,0
360810954000003,0
360810954001001,47
360810954001003,210
360810954001004,234
360810954001006,79
360810954001007,129
360810954001009,159
360810954001010,163
360810954001012,238
360810954001013,288
360810954001014,28
360810954001016,79
360810954002000,340
360810954002002,173
360810954002003,220
360810954002005,167
360810954002006,188
360810954002008,0
360810954003000,165
360810954003001,31
360810954003003,24
360810954003004,0
360810954003006,212
360810954003007,0
360810954003009,92
360810954003010,45
360810954003011,0
360810954003012,311
360810954003013,169
360810954003014,17
360810954003015,62
360810954003016,92
360810954003017,64
360810954003018,63
360810954003019,73
360810954003020,74
360810954003021,39
360810954003022,78
360810954003023,21
360810954003024,0
360810954003025,0
360810954003027,0
360810954001002,178
360810954001005,19
360810954001008,38
360810954001011,182
360810954001015,157
360810954002001,266
360810954002004,218
360810954002007,0
360810954003002,73
360810954003005,490
360810954003008,66
360810954001000,47
360810954003026,0
360810964001000,0
360810964001001,57
360810964001003,70
360810964001004,270
360810964001006,199
360810964001007,135
360810964001009,141
360810964001010,173
360810964001011,236
360810964001013,48
360810964001014,222
360810964001016,92
360810964001017,0
360810964001019,22
360810964001020,0
360810964001022,50
360810964001023,174
360810964002000,0
360810964002002,157
360810964002003,174
360810964002005,589
360810964002006,294
360810964002008,173
360810964002009,60
360810964002010,63
360810964002011,29
360810964002012,94
360810964002013,272
360810964002014,185
360810964002015,0
360810964002016,250
360810964002017,258
360810964002018,139
360810964002019,0
360810964002020,25
360810964002021,91
360810964002022,150
360810964002023,186
360810964000001,0
360810964001002,158
360810964001005,244
360810964001008,141
360810964001012,217
360810964001015,270
360810964001018,0
360810964001021,0
360810964002001,104
360810964002004,0
360810964002007,141
360810972021006,0
360810972021007,0
360810972021008,3319
360810972020001,0
360810972021000,132
360810972021001,9
360810972021003,0
360810972021004,0
360810972021009,0
360810972021002,0
360810972021005,0
360810972041000,186
360810972041001,149
360810972041003,93
360810972041004,191
360810972041006,178
360810972041007,0
360810972041008,0
360810972041010,0
360810972041011,393
360810972041013,191
360810972041014,22
360810972043000,0
360810972043001,719
360810972043002,83
360810972041002,97
360810972041005,210
360810972041009,558
360810972041012,94
360810972042000,914
360810972051001,0
360810972052000,1311
360810972052001,482
360810972051000,2475
360810972061000,1826
360810972062000,287
360810972062001,119
360810972062002,69
360810972062003,170
360810972062004,31
360810972062005,146
360810972062006,208
360810972062007,36
360810972062008,18
360810972070001,0
360810972070002,0
360810972071001,0
360810972071002,0
360810972071000,12
360810973000002,0
360810973001000,65
360810973001002,51
360810973001003,0
360810973001004,0
360810973001006,0
360810973001007,90
360810973001009,51
360810973001010,67
360810973001012,114
360810973001013,120
360810973001015,0
360810973002000,62
360810973002001,58
360810973002003,37
360810973002004,60
360810973002006,107
360810973002007,74
360810973003001,86
360810973003002,108
360810973003004,58
360810973003005,68
360810973003006,52
360810973003008,93
360810973000001,0
360810973001001,60
360810973001005,0
360810973001008,78
360810973001011,54
360810973001014,0
360810973002002,101
360810973002005,55
360810973003000,108
360810973003003,87
360810973003007,43
360810981000001,0
360810981001000,241
360810981001001,100
360810981001002,93
360810981001003,155
360810981001004,70
360810981001005,78
360810981001006,59
360810981001007,121
360810981001008,61
360810981001009,105
360810981001010,70
360810981001011,65
360810981002000,104
360810981002002,41
360810981002003,91
360810981002005,76
360810981002006,70
360810981002008,91
360810981002009,69
360810981002011,129
360810981002012,38
360810981002013,67
360810981002015,0
360810981002001,28
360810981002004,97
360810981002007,99
360810981002010,135
360810981002014,0
360810981001012,0
360810987000001,0
360810987001001,122
360810987001002,0
360810987001004,202
360810987001005,161
360810987001007,59
360810987001008,70
360810987001009,75
360810987001011,120
360810987001012,123
360810987002001,35
360810987002002,180
360810987002004,114
360810987002005,135
360810987002006,58
360810987002007,18
360810987002008,109
360810987002009,29
360810987002010,154
360810987002011,0
360810987002012,0
360810987002013,0
360810987002014,0
360810987001000,248
360810987001003,90
360810987001006,91
360810987001010,55
360810987002000,132
360810987002003,163
360810991003010,45
360810991003011,0
360810991003013,0
360810991003014,0
360810991003016,64
360810991003017,44
360810991003018,32
360810991004000,75
360810991004001,33
360810991004003,38
360810991004004,79
360810991004006,94
360810991004007,113
360810991004008,78
360810991004009,34
360810991004010,43
360810991004011,77
360810991004012,41
360810991004013,50
360810991004014,34
360810991004015,77
360810991004016,54
360810991004017,31
360810991004018,16
360810991004019,18
360810991004020,33
360810991004021,0
360810991004022,0
360810991004024,0
360810991005000,86
360810991005001,154
360810991005003,41
360810991005004,34
360810991005006,114
360810991005007,37
360810991005009,83
360810991005010,110
360810991005011,116
360810991005013,45
360810991005014,48
360810991005016,127
360810991000001,0
360810991001000,938
360810991001001,602
360810991001002,162
360810991001003,101
360810991001004,60
360810991002000,405
360810991002001,426
360810991003000,0
360810991003001,28
360810991003002,45
360810991003004,35
360810991003005,80
360810991003007,47
360810991003008,35
360810991005012,94
360810991005015,70
360810991002002,700
360810991003003,45
360810991003006,84
360810991003009,41
360810991003012,0
360810991003015,54
360810991003019,26
360810991004002,41
360810991004005,63
360810991004025,0
360810991005002,117
360810991005005,84
360810991005008,61
360810991004023,0
360810992000001,0
360810992001001,183
360810992001002,1086
360810992001004,101
360810992001005,297
360810992001006,562
360810992001008,141
360810992002000,154
360810992002002,158
360810992002003,17
360810992002005,0
360810992002006,0
360810992002007,0
360810992002008,0
360810992002009,0
360810992002010,0
360810992002011,0
360810992002012,39
360810992002013,0
360810992002014,0
360810992002015,0
360810992002016,0
360810992002017,175
360810992002018,66
360810992002019,120
360810992002020,140
360810992002021,0
360810992002022,0
360810992002023,0
360810992002025,16
360810992002026,0
360810992001000,473
360810992001003,15
360810992001007,335
360810992002001,157
360810992002004,70
360810992002024,43
360810997011000,0
360810997011002,0
360810997011003,34
360810997011005,146
360810997011006,59
360810997011008,68
360810997011009,82
360810997011010,105
360810997011012,153
360810997011013,74
360810997012000,125
360810997012001,95
360810997012003,108
360810997012004,52
360810997012005,33
360810997012007,68
360810997012008,117
360810997012010,49
360810997012011,66
360810997012013,49
360810997013000,100
360810997013001,164
360810997013003,95
360810997013004,285
360810997013005,82
360810997011001,59
360810997011004,59
360810997011007,90
360810997011011,64
360810997011014,114
360810997012002,83
360810997012006,88
360810997012009,28
360810997012012,51
360810997013002,230
360810997031000,0
360810997031001,0
360810997031002,152
360810997031003,261
360810997031004,244
360810997031005,203
360810997031006,163
360810997031007,274
360810997031008,130
360810997032000,0
360810997032001,0
360810997032002,1150
360810997032003,60
360810997033001,0
360810997033002,155
360810997033004,135
360810997033005,58
360810997033006,60
360810997033008,30
360810997033009,64
360810997033000,0
360810997033003,752
360810997033007,47
360810997043001,550
360810997043002,0
360810997043003,0
360810997044000,394
360810997045000,960
360810997041001,654
360810997041002,0
360810997042001,624
360810997041000,852
360810997042000,1021
360810997043000,1112
360810997043004,0
360810997045001,1113
360810997050001,0
360810997050002,0
360810997051001,0
360810997051002,0
360810997051003,0
360810997051005,0
360810997051006,0
360810997051008,191
360810997051009,56
360810997051011,498
360810997051012,95
360810997051013,0
360810997051015,102
360810997051016,47
360810997051017,238
360810997051018,0
360810997051000,0
360810997051004,0
360810997051007,1043
360810997051010,121
360810997051014,296
360810998011000,199
360810998011001,212
360810998011002,0
360810998011003,79
360810998011004,68
360810998011005,145
360810998011006,79
360810998011007,67
360810998011008,152
360810998011009,207
360810998011010,71
360810998011012,66
360810998012000,959
360810998012001,1014
360810998013001,0
360810998013002,228
360810998013004,151
360810998014000,1156
360810998014002,0
360810998015000,142
360810998015001,52
360810998015003,167
360810998015004,101
360810998015006,112
360810998015007,59
360810998015009,136
360810998015010,32
360810998011011,72
360810998013000,1102
360810998013003,163
360810998014001,510
360810998015002,104
360810998015005,108
360810998015008,140
360810998020001,0
360810998021000,0
360810998021001,88
360810998021003,53
360810998021004,336
360810998021006,429
360810998021007,173
360810998021008,548
360810998021011,0
360810998021012,266
360810998022000,822
360810998022001,1038
360810998023000,1366
360810998020002,0
360810998021002,61
360810998021005,142
360810998021009,402
360810998021010,98
360810999001000,0
360810999001001,0
360810999001002,0
360810999001003,0
360810999001004,0
360810999001005,0
360810999001006,0
360810999001007,0
360810999001008,0
360810999001009,0
360810999001010,0
360810999001012,0
360810999001013,0
360810999001014,0
360810999001016,0
360810999001017,0
360810999001019,0
360810999001020,0
360810999001022,0
360810999001023,0
360810999001025,0
360810999001011,0
360810999001015,0
360810999001018,0
360810999001021,0
360810999001024,0
360811008010001,0
360811008010002,0
360811008011001,203
360811008011002,202
360811008011004,0
360811008011005,110
360811008011007,95
360811008012000,0
360811008012001,140
360811008012003,90
360811008012004,373
360811008012006,243
360811008012007,70
360811008012009,157
360811008011000,213
360811008011003,70
360811008011006,83
360811008012002,170
360811008012005,85
360811008012008,192
360811008031000,274
360811008031001,0
360811008031002,218
360811008031003,210
360811008031004,90
360811008031005,50
360811008031006,379
360811008031007,80
360811008031008,242
360811008031009,578
360811008031010,86
360811008031011,406
360811008032000,811
360811008032001,194
360811008032002,304
360811008032003,45
360811008032005,0
360811008032006,113
360811008032008,102
360811008032009,0
360811008032011,182
360811008032004,0
360811008032007,453
360811008032010,0
360811008040001,0
360811008041000,136
360811008041002,161
360811008041004,0
360811008041005,168
360811008041006,197
360811008041008,282
360811008041009,212
360811008041011,168
360811008041012,349
360811008042001,183
360811008042002,208
360811008042003,166
360811008042005,138
360811008042006,119
360811008042007,235
360811008042008,92
360811008042009,79
360811008042010,94
360811008042011,328
360811008041001,136
360811008041003,151
360811008041007,297
360811008041010,174
360811008042000,95
360811008042004,147
360811010020001,0
360811010021000,524
360811010021001,113
360811010021002,153
360811010021003,77
360811010021004,35
360811010021005,62
360811010021007,234
360811010021008,93
360811010021009,31
360811010021011,9
360811010021012,208
360811010021014,85
360811010021015,160
360811010021017,64
360811010021018,29
360811010021019,418
360811010022001,0
360811010021006,256
360811010021010,1
360811010021013,128
360811010021016,44
360811010022000,97
360811010022003,71
360811010022002,1704
360811010031000,383
360811010031001,288
360811010031003,119
360811010031004,734
360811010031005,32
360811010032000,866
360811010033000,105
360811010033002,485
360811010033003,521
360811010031002,158
360811010031006,84
360811010033001,168
360811010041000,202
360811010041001,306
360811010041002,166
360811010042000,420
360811010042001,306
360811010042002,393
360811010042003,165
360811010042004,113
360811010042005,516
360811010042006,176
360811010043000,155
360811010043001,223
360811010043002,94
360811010043003,310
360811010043004,321
360811010043005,459
360811010043006,104
360811010043007,0
360811010043008,16
360811010043009,0
360811010044000,21
360811010040001,0
360811010041003,901
360811010045000,1245
360811017001000,0
360811017001001,83
360811017001002,84
360811017001004,117
360811017001005,90
360811017001007,74
360811017001008,112
360811017001010,79
360811017002000,69
360811017002002,110
360811017002003,85
360811017002004,83
360811017002006,18
360811017002007,70
360811017002009,32
360811017003000,116
360811017003002,46
360811017003003,0
360811017003004,0
360811017003006,24
360811017003007,116
360811017003009,36
360811017003010,72
360811017004000,183
360811017004001,559
360811017004002,479
360811017005000,177
360811017005001,0
360811017005002,69
360811017005003,0
360811017005004,130
360811017005005,121
360811017005006,0
360811017005007,25
360811017005008,82
360811017005009,108
360811017005010,66
360811017005011,24
360811017005012,35
360811017006001,53
360811017006002,59
360811017006004,95
360811017006005,11
360811017006007,116
360811017006008,125
360811017007000,273
360811017007001,342
360811017007002,456
360811017007004,0
360811017001003,92
360811017001006,93
360811017001009,131
360811017002001,112
360811017002005,152
360811017002008,110
360811017003001,48
360811017003005,46
360811017003008,109
360811017003011,0
360811017006000,28
360811017006003,115
360811017006006,0
360811017006009,112
360811017007003,55
360811029001006,173
360811029001007,0
360811029001008,109
360811029001010,30
360811029001011,190
360811029001013,60
360811029001014,298
360811029001016,59
360811029001017,60
360811029001018,81
360811029002000,19
360811029002001,872
360811029002003,70
360811029002004,109
360811029002006,120
360811029002007,37
360811029001000,0
360811029001002,0
360811029001003,84
360811029001005,471
360811029001009,147
360811029001012,390
360811029001015,44
360811029001019,142
360811029002002,17
360811029002005,0
360811029001001,132
360811029001004,72
360811032011000,0
360811032011001,190
360811032011002,131
360811032011003,126
360811032011004,708
360811032011005,731
360811032011006,616
360811032012000,96
360811032012001,107
360811032012002,172
360811032012003,197
360811032012004,127
360811032012005,1264
360811032012007,167
360811032013000,74
360811032013002,1676
360811032013003,82
360811032013005,85
360811032013006,94
360811032012006,96
360811032013001,120
360811032013004,127
360811032021000,45
360811032021002,16
360811032021003,111
360811032021005,127
360811032021006,184
360811032021008,172
360811032021010,106
360811032021012,71
360811032022000,172
360811032022002,60
360811032022003,64
360811032022005,146
360811032022006,6
360811032022007,333
360811032022009,140
360811032022010,53
360811032022012,45
360811032022013,58
360811032022014,49
360811032022015,83
360811032022016,58
360811032022017,71
360811032023000,196
360811032023001,665
360811032023002,241
360811032023003,308
360811032023004,223
360811032023005,715
360811032024000,540
360811032024001,130
360811032024002,491
360811032024003,28
360811032024004,0
360811032024005,620
360811032021001,99
360811032021004,33
360811032021007,65
360811032021011,0
360811032022001,32
360811032022004,29
360811032022008,85
360811032022011,45
360811032021009,145
360811033001001,187
360811033001002,160
360811033001003,118
360811033001005,191
360811033001006,136
360811033001008,169
360811033001009,139
360811033002001,68
360811033002002,178
360811033002004,151
360811033002005,163
360811033002006,149
360811033003000,78
360811033003001,51
360811033003003,8
360811033003004,87
360811033003006,81
360811033003007,143
360811033003008,99
360811033004000,133
360811033004001,174
360811033004003,0
360811033004004,123
360811033004006,15
360811033004007,93
360811033004008,124
360811033001000,172
360811033001004,208
360811033001007,117
360811033002000,65
360811033002003,181
360811033002007,183
360811033003002,178
360811033003005,98
360811033003009,105
360811033004002,116
360811033004005,18
360811039001000,139
360811039001001,28
360811039001002,91
360811039001003,62
360811039001004,112
360811039001005,113
360811039001006,202
360811039001007,149
360811039001008,266
360811039001009,130
360811039001010,137
360811039001011,192
360811039001012,127
360811039002000,169
360811039002002,86
360811039002003,212
360811039002005,142
360811039002006,120
360811039002007,177
360811039002009,196
360811039002010,106
360811039002012,265
360811039002013,147
360811039003001,0
360811039003002,0
360811039003003,0
360811039003004,30
360811039003006,73
360811039003007,34
360811039003008,234
360811039003010,0
360811039003011,119
360811039003013,214
360811039003014,136
360811039004001,107
360811039004002,51
360811039004003,40
360811039004005,0
360811039004006,99
360811039004008,65
360811039004009,51
360811039004011,24
360811039004012,0
360811039004014,97
360811039004015,560
360811039003005,45
360811039003009,163
360811039003012,224
360811039004000,60
360811039004004,74
360811039004007,66
360811039004010,54
360811039004013,30
360811039002001,123
360811039002004,145
360811039002008,185
360811039002011,147
360811039003000,0
360811047001002,258
360811047001003,171
360811047001005,143
360811047001006,8
360811047001008,41
360811047002000,252
360811047002001,84
360811047002002,107
360811047002003,0
360811047002004,0
360811047002005,135
360811047002006,126
360811047002007,106
360811047002008,32
360811047002009,24
360811047002010,90
360811047002011,158
360811047002012,151
360811047003000,149
360811047003001,404
360811047003003,159
360811047003004,126
360811047003006,130
360811047003007,59
360811047003009,92
360811047003010,97
360811047004000,207
360811047004002,848
360811047005000,90
360811047005002,85
360811047005003,132
360811047005005,239
360811047005006,116
360811047005008,77
360811047005009,76
360811047005010,155
360811047005012,410
360811047001000,285
360811047001001,126
360811047001004,111
360811047001007,111
360811047003002,358
360811047003005,152
360811047003008,73
360811047004001,610
360811047005001,90
360811047005004,147
360811047005007,114
360811047005011,193
360811059001000,106
360811059001002,131
360811059001003,136
360811059001005,63
360811059001006,99
360811059001007,35
360811059001009,70
360811059001010,46
360811059002000,131
360811059002001,28
360811059002002,136
360811059002003,74
360811059002004,22
360811059002005,64
360811059002006,115
360811059002007,41
360811059002008,91
360811059002009,132
360811059002010,43
360811059003000,124
360811059003001,71
360811059003002,66
360811059003004,43
360811059003005,58
360811059003007,30
360811059003008,42
360811059003009,39
360811059003011,111
360811059004000,81
360811059004002,58
360811059004003,66
360811059004005,61
360811059004006,42
360811059004008,19
360811059004009,78
360811059004010,124
360811059004012,16
360811059004013,138
360811059004015,62
360811059001001,92
360811059001004,140
360811059001008,41
360811059001011,59
360811059003003,79
360811059003006,89
360811059003010,36
360811059004001,95
360811059004004,76
360811059004007,96
360811059004011,90
360811059004014,27
360811072011000,0
360811072011002,418
360811072011003,76
360811072011004,57
360811072011006,35
360811072011007,29
360811072011009,17
360811072011010,28
360811072011012,5
360811072011013,47
360811072011014,37
360811072011015,51
360811072011016,25
360811072011017,37
360811072011018,0
360811072011019,119
360811072011020,120
360811072011021,22
360811072011022,46
360811072011023,57
360811072011024,50
360811072011025,63
360811072011027,24
360811072011028,50
360811072011030,38
360811072011031,115
360811072011033,103
360811072011034,111
360811072011035,57
360811072011037,91
360811072011038,62
360811072011026,51
360811072011029,60
360811072011032,113
360811072011036,38
360811072011039,0
360811072011001,0
360811072011005,22
360811072011008,43
360811072011011,53
360811072021003,0
360811072021004,0
360811072021005,0
360811072021006,0
360811072021007,0
360811072021008,0
360811072021009,0
360811072021010,0
360811072021011,0
360811072020001,0
360811072020002,0
360811072020004,0
360811072020005,0
360811072020006,0
360811072020008,0
360811072020009,0
360811072020011,0
360811072020012,0
360811072020014,0
360811072020015,0
360811072020016,0
360811072020018,0
360811072021000,0
360811072021002,0
360811072020003,0
360811072020007,0
360811072020010,0
360811072020013,0
360811072020017,0
360811072021001,0
360811085001000,110
360811085001001,62
360811085001002,75
360811085001003,55
360811085001004,37
360811085001006,115
360811085001007,101
360811085001009,23
360811085001010,45
360811085001011,85
360811085001013,31
360811085002000,54
360811085002002,72
360811085002003,87
360811085002005,0
360811085002006,56
360811085002007,280
360811085003001,112
360811085003002,175
360811085003004,0
360811085003005,95
360811085003007,247
360811085003008,100
360811085001005,35
360811085001008,38
360811085001012,78
360811085002001,142
360811085002004,139
360811085003000,0
360811085003003,133
360811085003006,196
360811093001000,89
360811093001001,65
360811093001002,76
360811093001004,89
360811093001005,116
360811093001007,122
360811093001008,37
360811093001010,44
360811093001011,87
360811093001012,45
360811093001013,32
360811093001014,0
360811093001015,0
360811093002000,279
360811093002001,43
360811093002002,58
360811093002003,72
360811093002004,41
360811093002005,65
360811093002006,55
360811093002007,71
360811093002008,60
360811093002009,65
360811093002011,79
360811093002012,51
360811093002014,96
360811093002015,0
360811093002017,0
360811093003000,156
360811093003001,48
360811093003003,88
360811093003004,43
360811093003006,71
360811093003007,46
360811093003009,50
360811093003010,70
360811093003012,77
360811093003013,62
360811093000001,0
360811093001003,67
360811093001006,86
360811093001009,28
360811093002010,64
360811093002013,64
360811093002016,0
360811093003002,116
360811093003005,53
360811093003008,41
360811093003011,72
360811097001000,41
360811097001002,39
360811097001003,48
360811097001005,41
360811097001006,59
360811097001008,9
360811097001009,0
360811097001010,19
360811097001012,58
360811097001013,47
360811097002001,81
360811097002002,109
360811097002003,45
360811097002004,46
360811097002005,33
360811097002006,42
360811097002007,0
360811097003000,82
360811097003001,0
360811097003002,0
360811097003003,106
360811097003004,125
360811097003005,31
360811097003006,97
360811097003007,72
360811097003008,63
360811097003009,55
360811097003010,45
360811097001001,53
360811097001004,37
360811097001007,80
360811097001011,50
360811097002000,184
360811099001000,0
360811099001002,129
360811099001003,173
360811099001005,188
360811099001006,136
360811099001008,150
360811099001009,108
360811099001010,141
360811099002000,0
360811099002001,57
360811099002003,126
360811099002004,30
360811099002006,166
360811099002007,110
360811099002008,81
360811099003000,199
360811099003001,96
360811099003003,202
360811099003004,83
360811099003006,116
360811099003007,52
360811099001001,36
360811099001004,203
360811099001007,128
360811099001011,0
360811099002002,95
360811099002005,115
360811099002009,143
360811099003002,182
360811099003005,130
360811099003008,163
360811113002004,149
360811113002005,65
360811113002006,37
360811113002008,112
360811113003000,89
360811113003002,63
360811113003003,44
360811113003005,138
360811113003006,61
360811113003007,49
360811113003009,56
360811113003010,36
360811113000001,0
360811113001000,0
360811113001001,0
360811113001003,129
360811113001004,61
360811113001006,57
360811113001007,60
360811113001008,49
360811113001009,34
360811113001010,75
360811113001011,65
360811113001012,57
360811113001013,99
360811113002000,35
360811113002001,109
360811113002002,119
360811113002003,89
360811113001002,263
360811113001005,90
360811113002007,36
360811113003001,49
360811113003004,92
360811113003008,69
360811113003011,75
360811123001000,108
360811123001001,111
360811123001003,137
360811123001004,109
360811123001006,58
360811123001007,81
360811123001008,73
360811123002000,50
360811123002001,153
360811123002003,125
360811123002004,157
360811123002006,63
360811123002007,108
360811123002008,17
360811123002010,100
360811123002011,81
360811123001002,77
360811123001005,185
360811123001009,105
360811123002002,43
360811123002005,101
360811123002009,71
360811123002012,13
360811129001000,58
360811129001001,55
360811129001002,72
360811129001003,42
360811129001004,102
360811129001005,50
360811129001006,66
360811129001007,101
360811129001008,60
360811129001009,44
360811129001010,58
360811129002000,47
360811129002001,55
360811129002002,63
360811129002003,0
360811129002005,0
360811129002006,0
360811129002008,79
360811129002009,73
360811129002011,60
360811129002012,59
360811129002013,0
360811129003001,187
360811129003002,78
360811129003004,78
360811129003005,42
360811129003007,0
360811129003008,203
360811129002004,0
360811129002007,90
360811129002010,37
360811129003000,130
360811129003003,60
360811129003006,0
360811129003009,199
360811133001000,130
360811133001001,149
360811133001002,91
360811133001004,82
360811133001005,72
360811133002000,0
360811133002001,80
360811133002003,53
360811133002004,109
360811133002005,104
360811133002007,104
360811133002008,41
360811133002010,58
360811133002011,0
360811133002012,0
360811133002013,110
360811133001003,112
360811133001006,0
360811133002002,81
360811133002006,123
360811133002009,55
360811139001000,56
360811139001001,0
360811139001002,127
360811139001003,93
360811139001004,123
360811139001005,121
360811139001006,146
360811139001007,57
360811139001008,0
360811139001009,223
360811139001010,0
360811139002000,0
360811139002002,84
360811139002003,154
360811139002004,154
360811139002006,105
360811139002007,169
360811139002009,202
360811139002010,162
360811139003001,98
360811139003002,179
360811139003003,50
360811139003005,188
360811139003006,125
360811139003008,165
360811139003009,0
360811139002001,76
360811139002005,286
360811139002008,150
360811139003000,89
360811139003004,77
360811139003007,143
360811141001001,8
360811141001002,108
360811141001004,31
360811141001005,99
360811141001006,64
360811141001008,43
360811141001009,63
360811141001011,167
360811141001012,0
360811141001014,103
360811141001015,94
360811141001016,96
360811141001018,94
360811141002000,92
360811141002001,86
360811141002002,81
360811141002003,78
360811141002004,58
360811141002005,68
360811141002006,135
360811141002007,94
360811141002008,98
360811141002009,129
360811141002010,133
360811141002011,66
360811141001000,86
360811141001003,64
360811141001007,86
360811141001010,129
360811141001013,127
360811141001017,0
360811147002009,164
360811147002010,183
360811147001000,123
360811147001001,151
360811147001003,96
360811147001004,17
360811147001006,82
360811147002000,65
360811147002002,68
360811147002003,40
360811147002004,36
360811147002006,73
360811147002007,83
360811147001002,254
360811147001005,81
360811147002001,54
360811147002005,42
360811147002008,108
360811147002011,113
360811151001000,100
360811151001001,0
360811151001003,75
360811151001004,76
360811151001005,43
360811151001007,51
360811151001008,39
360811151001010,64
360811151001011,42
360811151001013,55
360811151001014,181
360811151001015,165
360811151001002,61
360811151001006,28
360811151001009,69
360811151001012,38
360811155001001,103
360811155001002,69
360811155001004,101
360811155001005,73
360811155001006,212
360811155001007,105
360811155001008,241
360811155001009,209
360811155002000,95
360811155002001,493
360811155002002,113
360811155002003,156
360811155001000,87
360811155001003,75
360811157001000,68
360811157001001,83
360811157001002,75
360811157001003,108
360811157001004,91
360811157001006,120
360811157001007,51
360811157001009,64
360811157001010,79
360811157001012,77
360811157002000,0
360811157002001,218
360811157002003,378
360811157002004,124
360811157002006,517
360811157002007,203
360811157003000,52
360811157003001,45
360811157003003,133
360811157003004,425
360811157003005,149
360811157001005,78
360811157001008,52
360811157001011,77
360811157002002,97
360811157002005,149
360811157002008,10
360811157003002,6
360811159001001,132
360811159001002,305
360811159001004,165
360811159002000,43
360811159002002,86
360811159002003,82
360811159002004,295
360811159002006,106
360811159002007,83
360811159003000,129
360811159003001,251
360811159003002,1653
360811159001000,64
360811159001003,187
360811159002001,39
360811159002005,179
360811159002008,123
360811161001000,69
360811161001001,35
360811161001002,77
360811161001003,1613
360811161002000,1803
360811161002001,988
360811163011000,1731
360811163012000,354
360811163012001,1008
360811163013000,769
360811163013001,1316
360811163021000,164
360811163021001,900
360811163021002,821
360811163022000,814
360811163022001,477
360811163022002,285
360811167001001,74
360811167001002,170
360811167001004,177
360811167001005,91
360811167001006,96
360811167001008,0
360811167001009,56
360811167001011,245
360811167001012,79
360811167001014,130
360811167001000,130
360811167001003,52
360811167001007,318
360811167001010,288
360811167001013,188
360811171001000,79
360811171001001,79
360811171001003,46
360811171001004,62
360811171001006,76
360811171001007,0
360811171001009,121
360811171001010,26
360811171001012,18
360811171001013,20
360811171002000,329
360811171002002,243
360811171002003,98
360811171002005,121
360811171002006,0
360811171003001,17
360811171003002,0
360811171003003,62
360811171003004,149
360811171003005,308
360811171003006,170
360811171003007,194
360811171003008,95
360811171003009,88
360811171003010,0
360811171001002,16
360811171001005,69
360811171001008,108
360811171001011,23
360811171002001,145
360811171002004,0
360811171003000,75
360811175001000,125
360811175001001,100
360811175001002,99
360811175001003,102
360811175001004,299
360811175001005,143
360811175001007,84
360811175001008,170
360811175002001,343
360811175002002,674
360811175002004,248
360811175002005,226
360811175003000,189
360811175003002,235
360811175003003,0
360811175003005,95
360811175003006,67
360811175003008,0
360811175004000,119
360811175004002,66
360811175004003,53
360811175004004,23
360811175004006,70
360811175004007,54
360811175004009,110
360811175005000,219
360811175005002,122
360811175005003,108
360811175005004,118
360811175001006,88
360811175002000,201
360811175002003,211
360811175003001,107
360811175003004,0
360811175003007,107
360811175004001,82
360811175004005,40
360811175004008,74
360811175005001,137
360811175005005,102
360811181001000,99
360811181001001,101
360811181001003,160
360811181001004,154
360811181001005,176
360811181001006,108
360811181001007,78
360811181002000,205
360811181002001,230
360811181002002,235
360811181002003,121
360811181002004,116
360811181002005,84
360811181001002,148
360811185001000,0
360811185001001,0
360811185001002,70
360811185001003,46
360811185001005,122
360811185001006,269
360811185001008,199
360811185001009,174
360811185002000,375
360811185002001,320
360811185002003,78
360811185001004,22
360811185001007,247
360811185001010,246
360811185002002,189
360811187001000,456
360811187001001,317
360811187001003,218
360811187002000,161
360811187002002,145
360811187002003,281
360811187002005,233
360811187002006,173
360811187001002,187
360811187002001,311
360811187002004,166
360811189001000,98
360811189001002,235
360811189001003,263
360811189001005,57
360811189001006,21
360811189001008,217
360811189002000,220
360811189002002,175
360811189002003,137
360811189002004,228
360811189001001,228
360811189001004,288
360811189001007,260
360811189002001,198
360811191001000,358
360811191001001,345
360811191001002,377
360811191001003,418
360811191001004,183
360811191001005,203
360811191001006,437
360811191002000,302
360811191002001,363
360811191002002,489
360811191002003,219
360811193001000,148
360811193001001,123
360811193001002,135
360811193001003,142
360811193001004,149
360811193001006,410
360811193002000,372
360811193002002,404
360811193001005,186
360811193002001,338
360811195001000,82
360811195001002,99
360811195001003,119
360811195001004,157
360811195001006,151
360811195001007,216
360811195001009,349
360811195001001,125
360811195001005,36
360811195001008,111
360811199001000,237
360811199001002,79
360811199001003,364
360811199001005,71
360811199001006,72
360811199001007,157
360811199001009,95
360811199001010,104
360811199001012,47
360811199001001,106
360811199001004,148
360811199001008,122
360811199001011,97
360811201001000,186
360811201001002,195
360811201001003,177
360811201001004,139
360811201001006,252
360811201001007,65
360811201001009,122
360811201001010,129
360811201001011,94
360811201001001,150
360811201001005,218
360811201001008,113
360811203001000,80
360811203001001,46
360811203001002,141
360811203001003,40
360811203001004,159
360811203001005,150
360811203001006,162
360811203002000,65
360811203002001,197
360811203002002,181
360811203002003,49
360811203002004,54
360811203002005,184
360811203002007,48
360811203002006,262
360811205001000,273
360811205001002,195
360811205001003,149
360811205001004,280
360811205001006,180
360811205001007,91
360811205002001,327
360811205002002,187
360811205001001,278
360811205001005,160
360811205002000,190
360811205002003,834
360811207012010,127
360811207012011,94
360811207012012,46
360811207012013,48
360811207011000,170
360811207011001,313
360811207011003,179
360811207011004,128
360811207011005,87
360811207011007,99
360811207011008,86
360811207011010,31
360811207011011,79
360811207011013,119
360811207012000,107
360811207012001,72
360811207012003,83
360811207012004,82
360811207012006,101
360811207012007,151
360811207012008,13
360811207012009,87
360811207011002,319
360811207011006,67
360811207011009,155
360811207011012,31
360811207012002,101
360811207012005,83
360811207021000,3
360811211001000,0
360811211001001,2
360811215001000,135
360811215001001,65
360811215001002,231
360811215001003,212
360811215001005,171
360811215001006,194
360811215001008,0
360811215001009,0
360811215001010,0
360811215002001,46
360811215002002,136
360811215002004,115
360811215002005,271
360811215002007,105
360811215002008,164
360811215003000,301
360811215003001,276
360811215003002,206
360811215003004,165
360811215003005,287
360811215003007,139
360811215003008,0
360811215003010,73
360811215001004,181
360811215001007,238
360811215002000,167
360811215002003,86
360811215002006,195
360811215002009,126
360811215003003,138
360811215003006,242
360811215003009,72
360811223001000,0
360811223001001,0
360811223001003,184
360811223001004,255
360811223001006,263
360811223001007,187
360811223001008,135
360811223001009,198
360811223002000,79
360811223002001,108
360811223002002,91
360811223002004,121
360811223002005,117
360811223002007,80
360811223002008,99
360811223003000,101
360811223003002,64
360811223003003,83
360811223003005,84
360811223003006,95
360811223003008,110
360811223003009,104
360811223003011,67
360811223003012,57
360811223003013,65
360811223003015,40
360811223003016,84
360811223002003,83
360811223002006,97
360811223003001,89
360811223003004,102
360811223003007,86
360811223003010,60
360811223003014,54
360811223001002,188
360811223001005,192
360811227021001,794
360811227021002,0
360811227021004,0
360811227022000,447
360811227022001,1142
360811227023001,959
360811227024000,45
360811227024002,330
360811227025000,0
360811227025002,147
360811227025003,141
360811227025004,0
360811227025005,170
360811227025006,232
360811227025007,100
360811227025008,71
360811227021000,542
360811227021003,0
360811227023000,1190
360811227024001,649
360811227025001,0
360811227031000,0
360811227031001,0
360811227031002,186
360811227031003,156
360811227031004,225
360811227031005,220
360811227031006,168
360811227031007,263
360811227032000,1955
360811227034000,1618
360811227035000,184
360811227035001,204
360811227035003,96
360811227035004,108
360811227033000,1238
360811227035002,116
360811227035005,64
360811227041000,547
360811227041001,487
360811227042000,897
360811227043000,114
360811227043001,135
360811227043003,188
360811227043004,282
360811227041002,990
360811227043002,207
360811227043005,597
360811241001000,25
360811241001001,56
360811241001003,50
360811241001004,111
360811241001005,136
360811241001007,97
360811241001008,82
360811241001010,47
360811241001011,45
360811241001013,19
360811241001014,33
360811241001017,72
360811241001018,59
360811241001019,106
360811241001020,71
360811241001021,91
360811241001022,129
360811241002000,130
360811241002001,125
360811241002002,106
360811241002003,161
360811241002004,130
360811241002005,128
360811241002006,98
360811241002007,98
360811241002008,151
360811241003000,97
360811241003002,129
360811241003003,122
360811241003005,122
360811241003006,304
360811241003008,84
360811241001002,56
360811241001006,71
360811241001009,78
360811241001012,37
360811241001016,68
360811241003001,138
360811241003004,129
360811241003007,86
360811241001015,127
360811247003009,106
360811247003010,73
360811247001000,128
360811247001001,159
360811247001003,92
360811247001004,79
360811247001006,53
360811247001007,61
360811247001009,50
360811247001010,18
360811247001012,42
360811247001013,85
360811247002000,141
360811247002002,158
360811247002003,126
360811247002005,38
360811247002006,113
360811247002008,186
360811247002009,155
360811247002010,40
360811247003000,92
360811247003001,98
360811247003003,113
360811247003004,92
360811247003005,153
360811247003006,104
360811247003007,159
360811247003008,140
360811247001002,155
360811247001005,37
360811247001008,49
360811247001011,83
360811247002001,176
360811247002004,82
360811247002007,141
360811247002011,68
360811247003002,89
360811257001000,95
360811257001001,21
360811257001002,177
360811257001003,79
360811257001004,113
360811257001005,115
360811257001006,9
360811257001007,201
360811257001009,149
360811257001010,125
360811257002000,65
360811257002001,104
360811257002003,152
360811257002004,156
360811257002005,74
360811257002007,118
360811257002008,165
360811257003001,148
360811257003002,102
360811257003004,95
360811257003005,283
360811257003007,265
360811257001008,186
360811257001011,288
360811257002002,0
360811257002006,80
360811257003000,155
360811257003003,122
360811257003006,0
360811265001000,115
360811265001001,82
360811265001003,135
360811265001004,38
360811265001006,71
360811265001007,82
360811265001009,67
360811265002000,181
360811265002001,177
360811265002003,104
360811265002004,197
360811265001002,76
360811265001005,78
360811265001008,78
360811265002002,114
360811267001001,72
360811267001002,117
360811267001003,97
360811267001004,11
360811267001005,93
360811267001006,63
360811267001007,63
360811267001008,37
360811267001009,0
360811267002000,164
360811267002001,7
360811267002002,140
360811267002003,64
360811267002004,120
360811267002005,127
360811267003001,129
360811267003002,109
360811267003004,132
360811267003005,108
360811267003007,84
360811267001000,2376
360811267003000,124
360811267003003,118
360811267003006,135
360811277001000,64
360811277001001,142
360811277001003,57
360811277001004,130
360811277001006,131
360811277001007,106
360811277001009,42
360811277001010,50
360811277001012,0
360811277001013,64
360811277001014,38
360811277001016,0
360811277002000,52
360811277002002,113
360811277002003,42
360811277002005,105
360811277002006,50
360811277002007,73
360811277002009,75
360811277002010,72
360811277003001,36
360811277003002,43
360811277003003,65
360811277003004,65
360811277003005,42
360811277003006,89
360811277003007,83
360811277003008,63
360811277003009,74
360811277003010,93
360811277003011,49
360811277003012,0
360811277003013,43
360811277004000,78
360811277004002,91
360811277004003,48
360811277004004,67
360811277004006,91
360811277004007,87
360811277004009,45
360811277004010,58
360811277004012,28
360811277001002,79
360811277001005,101
360811277001008,79
360811277001011,64
360811277001015,10
360811277002001,66
360811277002004,67
360811277002008,83
360811277003000,32
360811277004001,92
360811277004005,86
360811277004008,31
360811277004011,66
360811283001000,0
360811283001001,0
360811283001003,0
360811283001004,0
360811283001006,0
360811283001007,0
360811283001009,0
360811283001010,0
360811283001012,0
360811283001013,0
360811283001014,0
360811283001016,0
360811283001017,0
360811283001019,0
360811283001002,0
360811283001005,0
360811283001008,0
360811283001011,5
360811283001015,0
360811283001018,0
360811291021009,136
360811291021010,142
360811291021011,31
360811291022000,81
360811291022001,83
360811291022002,56
360811291022003,0
360811291022004,64
360811291022005,55
360811291022006,81
360811291022007,86
360811291022008,64
360811291022009,108
360811291022011,53
360811291022012,25
360811291022014,30
360811291022015,50
360811291023001,68
360811291023002,63
360811291023003,69
360811291023005,77
360811291023006,65
360811291023008,62
360811291023009,20
360811291023011,57
360811291024000,0
360811291024003,53
360811291024004,79
360811291024006,124
360811291024007,0
360811291021000,75
360811291021002,92
360811291021003,60
360811291021004,101
360811291021006,89
360811291021007,73
360811291021008,74
360811291021001,52
360811291021005,104
360811291022010,104
360811291022013,0
360811291023000,72
360811291023004,57
360811291023007,83
360811291023010,0
360811291024002,73
360811291024005,46
360811291024008,0
360811291024001,524
360811291031000,274
360811291031001,0
360811291031002,142
360811291032000,0
360811291032001,1448
360811291033001,35
360811291033002,67
360811291033003,68
360811291033004,72
360811291033005,86
360811291033006,91
360811291033007,70
360811291033008,83
360811291033009,86
360811291031003,1130
360811291033000,159
360811291041000,91
360811291041001,80
360811291041002,113
360811291041003,91
360811291041004,108
360811291042000,0
360811291042001,0
360811291042002,112
360811291042004,91
360811291042005,320
360811291042006,212
360811291043000,724
360811291043001,148
360811291044000,72
360811291044001,90
360811291044003,80
360811291044004,45
360811291044005,89
360811291044007,36
360811291044008,72
360811291045000,593
360811291045001,399
360811291042003,33
360811291042007,184
360811291043002,55
360811291044002,100
360811291044006,85
360811291044009,37
360811291045002,258
360811301001000,89
360811301001001,136
360811301001002,108
360811301001004,89
360811301001005,71
360811301001007,102
360811301001008,0
360811301001011,0
360811301002001,0
360811301002002,409
360811301002003,0
360811301003000,0
360811301003001,64
360811301003002,125
360811301003003,89
360811301003004,169
360811301003005,0
360811301003006,0
360811301003007,102
360811301003008,225
360811301003009,121
360811301003010,0
360811301004000,29
360811301004001,688
360811301004002,140
360811301004004,43
360811301004005,115
360811301001003,123
360811301001006,108
360811301001009,65
360811301002000,680
360811301004003,313
360811301001010,0
360811333001001,211
360811333001002,226
360811333001004,108
360811333001005,112
360811333001006,108
360811333002000,86
360811333002001,101
360811333002003,75
360811333002004,78
360811333002006,82
360811333002007,81
360811333003001,102
360811333003002,85
360811333003003,89
360811333003005,123
360811333003006,120
360811333003008,95
360811333003009,134
360811333004001,208
360811333004002,173
360811333004003,71
360811333004005,106
360811333004006,88
360811333004008,81
360811333001000,0
360811333001003,200
360811333001007,105
360811333002002,108
360811333002005,94
360811333003000,88
360811333003004,125
360811333003007,75
360811333004000,189
360811333004004,103
360811333004007,85
360811339001001,68
360811339001002,78
360811339001003,69
360811339001004,112
360811339001006,197
360811339001007,148
360811339001009,119
360811339001010,106
360811339001000,72
360811339001005,148
360811339001008,128
360811339001011,115
360811341001000,0
360811341001001,0
360811341001002,191
360811341001004,115
360811341001005,140
360811341001007,131
360811341001008,123
360811341001010,88
360811341001011,78
360811341001012,124
360811341002000,99
360811341002001,118
360811341002003,78
360811341002004,233
360811341002006,30
360811341002007,92
360811341002009,148
360811341002010,131
360811341002011,149
360811341003000,59
360811341003001,0
360811341003003,0
360811341003004,42
360811341003005,24
360811341003006,83
360811341003007,0
360811341003008,84
360811341003009,49
360811341003010,274
360811341003011,49
360811341003012,67
360811341003013,73
360811341001003,190
360811341001006,56
360811341001009,97
360811341001013,132
360811341002002,50
360811341002005,143
360811341002008,119
360811341002012,0
360811341003002,0
360811347011000,94
360811347011001,889
360811347011002,477
360811347011003,113
360811347011005,198
360811347011006,150
360811347011007,0
360811347012001,0
360811347012002,0
360811347013000,572
360811347013001,182
360811347011004,496
360811347012000,250
360811347012003,2140
360811347021001,219
360811347021002,218
360811347021003,179
360811347021005,389
360811347021006,575
360811347022000,489
360811347022001,368
360811347022003,0
360811347022004,435
360811347022005,212
360811347022007,456
360811347022008,195
360811347023001,0
360811347023002,17
360811347021000,159
360811347021004,450
360811347021007,276
360811347022002,195
360811347022006,285
360811347023000,0
360811367001001,153
360811367001002,149
360811367001003,118
360811367001005,136
360811367002000,76
360811367002001,198
360811367002002,341
360811367003000,0
360811367003001,0
360811367003002,0
360811367003003,0
360811367003004,0
360811367003005,0
360811367003006,121
360811367003007,51
360811367003008,89
360811367003009,48
360811367003010,56
360811367003011,39
360811367003013,72
360811367003014,56
360811367003016,83
360811367003017,89
360811367004000,1083
360811367004001,289
360811367004002,404
360811367005001,17
360811367005002,130
360811367006000,30
360811367006001,191
360811367006003,256
360811367006004,225
360811367001000,117
360811367001004,115
360811367003012,0
360811367003015,80
360811367003018,86
360811367005000,822
360811367005003,164
360811367006002,366
360811377001001,23
360811377001002,430
360811377001003,275
360811377001005,375
360811377002000,0
360811377002002,624
360811377002003,589
360811377002005,442
360811377003000,0
360811377003001,114
360811377003003,151
360811377003004,106
360811377003006,151
360811377003007,204
360811377003008,199
360811377003009,229
360811377003010,180
360811377003011,168
360811377004000,176
360811377004001,168
360811377004002,168
360811377004003,112
360811377004004,134
360811377004005,122
360811377004007,78
360811377004008,142
360811377004006,85
360811377001000,0
360811377001004,568
360811377002001,444
360811377002004,416
360811377003002,272
360811377003005,164
360811385011009,42
360811385011010,40
360811385011012,59
360811385011013,47
360811385012000,397
360811385012001,247
360811385012003,163
360811385012004,240
360811385012005,228
360811385013001,210
360811385013002,12
360811385013004,293
360811385013005,0
360811385014000,80
360811385014001,61
360811385014002,50
360811385014003,32
360811385014004,63
360811385014005,74
360811385014006,112
360811385014007,133
360811385014008,299
360811385014009,242
360811385014010,159
360811385014011,72
360811385014012,95
360811385014013,0
360811385011000,58
360811385011002,55
360811385011003,70
360811385011005,131
360811385011006,46
360811385011008,57
360811385011001,72
360811385011004,72
360811385011007,57
360811385011011,57
360811385011014,65
360811385012002,227
360811385013000,332
360811385013003,245
360811385014014,0
360811385021000,0
360811385021001,0
360811385021003,0
360811385021004,0
360811385021006,0
360811385021007,0
360811385021008,0
360811385021010,0
360811385021011,0
360811385021013,0
360811385021014,0
360811385021015,0
360811385021017,0
360811385021018,0
360811385021020,0
360811385021023,0
360811385021024,0
360811385021025,0
360811385021027,0
360811385021002,0
360811385021005,0
360811385021009,0
360811385021012,0
360811385021016,3
360811385021019,0
360811385021022,0
360811385021026,0
360811385021021,82
360811399001000,36
360811399001002,88
360811399001003,75
360811399001005,75
360811399001006,94
360811399001007,74
360811399001008,93
360811399001009,0
360811399001010,0
360811399002000,65
360811399002001,93
360811399002002,92
360811399002003,145
360811399002004,35
360811399002005,48
360811399002006,68
360811399002007,76
360811399002008,80
360811399002009,84
360811399002011,87
360811399002012,75
360811399001001,74
360811399001004,86
360811399002010,11
360811399002013,115
360811403001000,55
360811403001001,96
360811403001002,86
360811403001004,113
360811403001005,115
360811403001007,72
360811403001008,100
360811403001010,91
360811403001011,103
360811403002000,94
360811403002002,118
360811403002003,0
360811403002005,149
360811403002006,150
360811403002008,173
360811403002009,175
360811403002011,0
360811403002012,0
360811403001003,97
360811403001006,83
360811403001009,68
360811403002001,137
360811403002004,203
360811403002007,128
360811403002010,0
360811409011000,0
360811409011002,72
360811409011003,74
360811409011005,100
360811409011006,104
360811409011008,92
360811409011009,101
360811409011010,79
360811409011011,109
360811409011012,111
360811409011013,76
360811409011014,0
360811409011015,0
360811409011001,0
360811409011004,0
360811409011007,102
360811409021000,150
360811409021001,170
360811409021002,131
360811409021003,89
360811409021004,112
360811409021005,62
360811409021006,22
360811409021007,4
360811409021009,39
360811409021010,8
360811409021011,103
360811409021014,121
360811409021015,51
360811409021017,93
360811409021018,89
360811409022000,48
360811409022002,131
360811409022003,94
360811409022005,220
360811409022006,106
360811409022007,114
360811409022009,58
360811409022010,38
360811409022012,57
360811409022013,73
360811409022015,98
360811409022016,107
360811409022017,46
360811409021013,0
360811409021016,12
360811409022001,50
360811409022004,69
360811409022008,86
360811409022011,29
360811409022014,116
360811409021008,110
360811409021012,0
360811417001001,27
360811417001002,23
360811417001003,64
360811417001004,101
360811417001005,51
360811417001006,116
360811417001007,99
360811417001008,59
360811417001009,92
360811417002000,129
360811417002001,166
360811417002002,149
360811417002003,120
360811417002004,36
360811417002005,141
360811417002007,126
360811417002008,137
360811417002010,122
360811417002011,81
360811417002013,0
360811417002014,35
360811417003000,127
360811417003002,66
360811417003003,87
360811417003005,72
360811417003006,82
360811417003008,145
360811417003009,115
360811417004001,41
360811417004002,107
360811417004003,112
360811417004005,19
360811417004006,83
360811417004008,65
360811417004009,71
360811417004011,109
360811417004012,90
360811417004013,138
360811417004015,37
360811417004016,0
360811417004018,67
360811417004019,85
360811417005000,0
360811417005001,21
360811417005002,120
360811417005003,120
360811417005004,5
360811417005005,0
360811417005006,0
360811417005007,157
360811417005008,64
360811417005009,0
360811417001000,109
360811417002006,136
360811417002009,99
360811417002012,34
360811417003001,75
360811417003004,44
360811417003007,88
360811417004000,0
360811417004004,58
360811417004007,0
360811417004010,68
360811417004014,144
360811417004017,41
360811429001000,133
360811429001001,111
360811429001002,154
360811429001004,134
360811429001005,144
360811429002001,126
360811429002002,153
360811429002004,210
360811429002005,130
360811429002006,13
360811429002008,69
360811429002009,16
360811429002011,26
360811429003000,127
360811429003002,110
360811429003003,54
360811429003005,99
360811429003006,89
360811429003007,102
360811429003009,108
360811429003010,64
360811429004000,89
360811429004001,42
360811429004003,8
360811429004004,55
360811429004007,123
360811429004008,94
360811429004005,98
360811429001003,158
360811429002000,363
360811429002003,151
360811429002007,0
360811429002010,34
360811429003001,159
360811429003004,46
360811429003008,97
360811429003011,0
360811429004002,96
360811429004006,25
360811429004009,87
360811435001000,128
360811435001001,101
360811435001002,83
360811435001003,67
360811435001004,107
360811435001005,116
360811435001006,148
360811435001007,138
360811435001008,188
360811435001009,199
360811435002000,84
360811435002001,34
360811435002002,87
360811435002003,81
360811435002005,97
360811435002006,65
360811435002007,211
360811435002009,165
360811435002010,0
360811435002004,71
360811435002008,194
360811435002011,0
360811441001003,141
360811441001004,188
360811441001006,114
360811441002000,235
360811441002002,184
360811441002003,57
360811441003000,151
360811441003001,263
360811441003002,29
360811441003004,66
360811441003005,64
360811441004000,149
360811441004001,60
360811441004003,49
360811441004004,45
360811441004005,46
360811441004006,89
360811441004007,103
360811441004008,122
360811441001000,61
360811441001001,96
360811441001005,104
360811441002001,206
360811441002004,71
360811441003003,48
360811441003006,71
360811441004002,46
360811441001002,99
360811447001000,40
360811447001001,62
360811447001002,187
360811447001003,132
360811447001004,145
360811447001005,145
360811447001006,197
360811447001007,253
360811447001008,0
360811447001009,54
360811447001010,0
360811447002001,175
360811447002002,101
360811447002003,97
360811447002005,223
360811447002006,176
360811447002008,30
360811447002009,170
360811447002011,82
360811447002012,137
360811447002013,141
360811447002015,131
360811447002016,23
360811447002018,0
360811447002019,47
360811447002000,91
360811447002004,0
360811447002007,44
360811447002010,102
360811447002014,86
360811447002017,60
360811451011001,139
360811451011002,181
360811451011004,114
360811451011005,143
360811451011006,167
360811451011008,79
360811451011009,66
360811451011011,83
360811451011012,201
360811451011000,32
360811451011003,59
360811451011007,103
360811451011010,61
360811451011013,73
360811451021000,0
360811451021001,21
360811451021002,133
360811451021003,130
360811451021004,0
360811451021005,49
360811451021006,129
360811451021007,103
360811451021008,133
360811451021009,79
360811451021010,126
360811451021011,126
360811451021012,139
360811451021013,117
360811451022000,0
360811451022001,25
360811451022002,61
360811451022004,92
360811451022005,78
360811451022007,77
360811451022008,56
360811451022010,101
360811451022011,68
360811451022012,140
360811451022014,208
360811451022015,0
360811451022003,125
360811451022006,99
360811451022009,134
360811451022013,48
360811451022016,0
360811459001000,116
360811459001001,126
360811459001003,125
360811459001004,111
360811459001005,173
360811459002001,143
360811459002002,157
360811459002004,120
360811459002005,111
360811459002007,21
360811459002008,67
360811459003001,137
360811459003002,208
360811459003003,132
360811459003005,138
360811459003006,39
360811459003007,143
360811459001002,109
360811459002000,144
360811459002003,180
360811459002006,132
360811459003000,97
360811459003004,141
360811463001000,0
360811463001001,154
360811463001002,140
360811463001003,195
360811463001004,217
360811463001005,217
360811463001006,120
360811463001007,126
360811463001008,132
360811463001009,51
360811463001010,93
360811463001011,123
360811463001012,113
360811463002001,149
360811463002002,167
360811463002004,70
360811463002005,0
360811463002006,0
360811463002008,20
360811463002009,0
360811463002011,86
360811463002012,122
360811463002000,283
360811463002003,244
360811463002007,51
360811463002010,56
360811467001004,88
360811467001005,108
360811467001007,63
360811467001008,0
360811467001010,206
360811467001011,88
360811467002000,450
360811467002002,57
360811467003000,233
360811467003002,170
360811467003003,72
360811467003005,56
360811467003006,156
360811467003007,0
360811467003009,0
360811467001001,295
360811467001002,0
360811467001003,168
360811467001000,14
360811467001006,132
360811467001009,163
360811467002001,102
360811467003001,98
360811467003004,88
360811467003008,0
360811471001000,0
360811471001002,354
360811471001003,73
360811471001004,97
360811471001005,72
360811471001006,126
360811471001007,146
360811471001008,133
360811471001009,43
360811471001010,82
360811471001011,77
360811471001012,54
360811471001013,61
360811471001014,107
360811471001015,105
360811471001016,83
360811471001017,119
360811471002001,109
360811471002002,119
360811471002004,120
360811471002005,102
360811471002007,166
360811471002008,44
360811471002009,60
360811471001001,71
360811471002000,452
360811471002003,78
360811471002006,109
360811471002010,77
360811479001000,0
360811479001001,0
360811479001003,17
360811479001004,54
360811479001006,41
360811479001007,76
360811479001009,279
360811479001010,38
360811479001011,50
360811479001013,67
360811479001014,49
360811479001016,148
360811479001017,25
360811479002000,444
360811479002001,221
360811479002002,0
360811479002004,30
360811479002005,68
360811479002007,417
360811479002008,146
360811479003000,119
360811479003001,65
360811479003002,51
360811479003003,27
360811479003004,365
360811479003005,77
360811479003006,75
360811479003007,180
360811479003008,126
360811479003009,176
360811479003010,111
360811479003011,179
360811479001002,64
360811479001005,109
360811479001008,18
360811479001012,99
360811479001015,75
360811479001018,39
360811479002003,0
360811479002006,154
360811483000001,0
360811483001001,6
360811483001002,34
360811483001004,36
360811483001005,33
360811483001007,137
360811483001008,14
360811483001009,42
360811483001011,113
360811483001014,37
360811483001015,123
360811483001017,11
360811483002000,62
360811483002002,37
360811483002003,0
360811483002004,55
360811483002006,38
360811483002007,44
360811483002009,42
360811483002010,36
360811483002012,63
360811483003000,55
360811483003001,14
360811483003003,0
360811483003004,22
360811483003006,28
360811483003007,0
360811483003008,41
360811483003009,44
360811483003010,4
360811483003011,26
360811483003012,10
360811483003013,0
360811483003014,26
360811483003015,32
360811483003016,20
360811483003017,17
360811483003018,32
360811483003019,50
360811483003020,63
360811483003022,38
360811483003023,34
360811483003025,59
360811483004000,43
360811483001012,9
360811483004002,37
360811483004003,6
360811483004004,12
360811483004006,54
360811483004007,22
360811483004009,10
360811483004010,19
360811483004012,39
360811483004013,28
360811483004015,46
360811483004016,29
360811483004018,24
360811483004019,36
360811483001000,233
360811483001003,31
360811483001006,35
360811483001010,22
360811483001013,39
360811483001016,0
360811483002001,43
360811483002005,33
360811483002008,48
360811483002011,48
360811483003002,25
360811483003005,26
360811483003021,66
360811483003024,58
360811483004001,35
360811483004005,15
360811483004008,50
360811483004011,65
360811483004014,22
360811483004017,82
360811507011000,77
360811507011002,184
360811507011003,74
360811507011004,83
360811507011005,42
360811507011006,91
360811507011007,81
360811507011008,59
360811507011009,46
360811507011010,78
360811507011011,54
360811507011012,57
360811507011013,35
360811507011014,54
360811507011015,42
360811507011017,0
360811507011018,14
360811507012000,17
360811507012002,33
360811507012003,19
360811507012005,27
360811507012006,44
360811507012008,90
360811507012009,198
360811507012010,49
360811507012012,84
360811507012015,31
360811507012016,38
360811507012018,57
360811507012019,0
360811507012020,0
360811507013000,144
360811507013001,81
360811507013003,73
360811507013004,23
360811507013006,44
360811507013007,41
360811507013008,51
360811507013010,51
360811507011001,68
360811507011016,0
360811507012001,34
360811507012004,49
360811507012007,31
360811507012011,87
360811507012014,63
360811507012017,56
360811507012021,44
360811507013002,124
360811507013005,27
360811507013009,0
360811507012013,70
360811507021000,62
360811507021001,102
360811507021002,31
360811507021003,38
360811507021004,224
360811507021005,55
360811507021006,98
360811507021007,69
360811507021008,87
360811507021009,84
360811507021010,92
360811507022000,40
360811507022001,64
360811507022002,86
360811507022003,39
360811507022005,31
360811507022006,28
360811507022007,0
360811507022009,63
360811507022010,57
360811507022012,61
360811507022013,51
360811507022015,47
360811507022016,48
360811507023000,32
360811507023002,148
360811507023005,59
360811507023006,98
360811507023008,0
360811507023009,10
360811507023010,37
360811507023012,0
360811507023013,0
360811507024000,57
360811507024001,48
360811507024003,39
360811507024004,228
360811507024005,21
360811507024007,15
360811507024008,25
360811507024009,20
360811507022011,46
360811507022014,64
360811507023001,6
360811507023004,68
360811507023007,390
360811507023011,0
360811507023014,0
360811507024002,8
360811507024006,21
360811507022004,0
360811507022008,40
360811507023003,12
360811529013006,268
360811529013008,348
360811529011000,777
360811529011001,75
360811529011002,271
360811529011003,0
360811529011004,84
360811529011005,44
360811529011006,32
360811529011007,36
360811529011008,0
360811529011009,27
360811529011010,0
360811529011011,0
360811529011012,0
360811529011013,0
360811529011015,0
360811529011016,0
360811529011017,0
360811529011019,87
360811529012000,438
360811529012002,497
360811529012003,200
360811529012005,294
360811529012006,311
360811529012007,408
360811529013000,0
360811529013001,578
360811529013003,80
360811529013004,291
360811529011014,0
360811529011018,0
360811529012001,53
360811529012004,174
360811529012008,331
360811529013002,242
360811529013005,99
360811529013007,337
360811529021000,201
360811529021002,281
360811529021003,23
360811529021005,46
360811529021006,38
360811529021007,0
360811529021009,0
360811529022000,0
360811529022002,313
360811529022003,38
360811529022005,76
360811529022006,89
360811529022007,118
360811529022008,0
360811529022009,76
360811529022010,0
360811529022011,8
360811529022012,95
360811529022013,136
360811529022014,33
360811529023000,0
360811529023001,0
360811529023002,79
360811529023003,172
360811529023004,173
360811529023006,54
360811529023007,113
360811529023008,418
360811529023010,163
360811529023011,139
360811529023013,35
360811529024000,256
360811529024002,369
360811529024003,0
360811529024004,413
360811529021001,27
360811529021004,44
360811529021008,0
360811529022001,157
360811529022004,48
360811529023005,89
360811529023009,149
360811529023012,423
360811529024001,599
360811529024005,174
360811551011000,0
360811551011001,1945
360811551031001,861
360811551031002,275
360811551032001,27
360811551032002,85
360811551032003,338
360811551032005,63
360811551032006,0
360811551033000,437
360811551033001,385
360811551033003,299
360811551034000,324
360811551034001,373
360811551031000,0
360811551032000,239
360811551032004,66
360811551032007,243
360811551033002,0
360811551034002,358
360811551041000,319
360811551041001,428
360811551041002,101
360811551041003,326
360811551041004,298
360811551041005,235
360811551041006,0
360811551042000,629
360811551042001,106
360811551042002,85
360811551042003,83
360811551042004,53
360811551042005,73
360811551042006,88
360811551042007,88
360811551042008,134
360811551042009,0
360811551042011,39
360811551042012,54
360811551042013,62
360811551042015,101
360811551042016,0
360811551042018,70
360811551042019,64
360811551042010,29
360811551042014,69
360811551042017,82
360811551042020,0
360811567001000,24
360811567001001,0
360811567001002,0
360811567001004,0
360811567001005,365
360811567001007,0
360811567001008,0
360811567001010,122
360811567001011,79
360811567001013,0
360811567001014,0
360811567001003,0
360811567001006,0
360811567001009,807
360811567001012,73
360811571015011,101
360811571016000,72
360811571016001,180
360811571016002,100
360811571016004,116
360811571016005,129
360811571016007,80
360811571016008,69
360811571016010,36
360811571016011,103
360811571016012,106
360811571016014,97
360811571017002,81
360811571017003,90
360811571017005,99
360811571017006,76
360811571017007,104
360811571017009,22
360811571017010,39
360811571018000,161
360811571018001,93
360811571018003,67
360811571018004,60
360811571018005,0
360811571018007,77
360811571018008,9
360811571018009,38
360811571018010,44
360811571018011,19
360811571018012,50
360811571018013,123
360811571011000,420
360811571011002,66
360811571011003,82
360811571012001,70
360811571012003,112
360811571012004,75
360811571012005,277
360811571012006,0
360811571012007,0
360811571013000,316
360811571013001,305
360811571014000,51
360811571014001,76
360811571014002,110
360811571014003,108
360811571014004,164
360811571014005,120
360811571014006,89
360811571014007,76
360811571014008,35
360811571014010,47
360811571014011,0
360811571014012,0
360811571014014,30
360811571014015,28
360811571015000,37
360811571015001,79
360811571015003,89
360811571015004,110
360811571015005,76
360811571015007,73
360811571015010,103
360811571015012,102
360811571016003,122
360811571016006,112
360811571016009,85
360811571016013,84
360811571017001,131
360811571017004,105
360811571017008,51
360811571017011,91
360811571018002,68
360811571018006,78
360811571011001,71
360811571011004,32
360811571012002,140
360811571014009,0
360811571014013,28
360811571014016,21
360811571015002,94
360811571015006,99
360811571015009,74
360811571012000,100
360811571015008,86
360811571017000,122
360811571021000,0
360811571021001,0
360811571021002,70
360811571021003,190
360811571021004,122
360811571021005,112
360811571021006,128
360811571021007,114
360811571021008,129
360811571022000,0
360811571022001,0
360811571022002,129
360811571022004,160
360811571022005,166
360811571022007,103
360811571022008,120
360811571021009,170
360811571022003,140
360811571022006,127
360811571022009,129
360811579011000,55
360811579011001,72
360811579011002,88
360811579011004,43
360811579011007,78
360811579011008,106
360811579011010,91
360811579012000,97
360811579012001,117
360811579012003,46
360811579012004,108
360811579012006,116
360811579012007,80
360811579012009,86
360811579013000,74
360811579013001,151
360811579013003,112
360811579013004,82
360811579013005,93
360811579013006,91
360811579013007,87
360811579013008,98
360811579014000,91
360811579014001,77
360811579014002,86
360811579014003,128
360811579014004,95
360811579014005,108
360811579014006,129
360811579014007,86
360811579014008,110
360811579015000,65
360811579015001,65
360811579015003,106
360811579015004,118
360811579015006,118
360811579015007,99
360811579016000,48
360811579016002,55
360811579016003,42
360811579016005,0
360811579016006,95
360811579016008,23
360811579016010,107
360811579016012,71
360811579016013,0
360811579016015,50
360811579016016,44
360811579011003,51
360811579011006,80
360811579011009,94
360811579012002,55
360811579012005,88
360811579012008,91
360811579013002,53
360811579015002,101
360811579015005,117
360811579016001,29
360811579016004,26
360811579016007,75
360811579016011,113
360811579016014,64
360811579016017,27
360811579011005,75
360811579016009,58
360811579023005,0
360811579023007,88
360811579023008,67
360811579024001,95
360811579024002,128
360811579024003,107
360811579024005,133
360811579024006,116
360811579024008,61
360811579024009,57
360811579025001,62
360811579025002,91
360811579025004,86
360811579025005,86
360811579025006,85
360811579025008,44
360811579021000,26
360811579021001,52
360811579021002,66
360811579021004,84
360811579021005,0
360811579021007,77
360811579021008,71
360811579021010,15
360811579021011,10
360811579022000,0
360811579022001,123
360811579022002,58
360811579022003,93
360811579022004,105
360811579022005,114
360811579022006,99
360811579022007,122
360811579022008,87
360811579023000,107
360811579023001,78
360811579023002,126
360811579023003,120
360811579023004,92
360811579023006,111
360811579024000,80
360811579024004,85
360811579024007,58
360811579025000,121
360811579025003,97
360811579025007,44
360811579021003,80
360811579021006,10
360811579021009,40
360811579031000,36
360811579031002,58
360811579031003,36
360811579031005,92
360811579031006,79
360811579031007,137
360811579031009,54
360811579031010,49
360811579031012,48
360811579031013,22
360811579031014,48
360811579032000,78
360811579032001,31
360811579032002,163
360811579032003,94
360811579032004,99
360811579032005,49
360811579032006,48
360811579032007,60
360811579032008,53
360811579032009,169
360811579032010,136
360811579032011,71
360811579032012,43
360811579033000,112
360811579033001,109
360811579033003,30
360811579033004,78
360811579033005,92
360811579033007,136
360811579033008,163
360811579033010,148
360811579033011,142
360811579033013,69
360811579034000,48
360811579034001,87
360811579034003,104
360811579034004,92
360811579034006,40
360811579034007,113
360811579034009,54
360811579031001,0
360811579031004,52
360811579031008,168
360811579031011,77
360811579032013,77
360811579033002,114
360811579033006,72
360811579033009,108
360811579033012,144
360811579034002,98
360811579034005,102
360811579034008,85
360811579034010,22
360811617001000,48
360811617001002,14
360811617001003,51
360811617001005,138
360811617001006,107
360811617001008,0
360811617001009,145
360811617001010,130
360811617001011,39
360811617001012,119
360811617001013,53
360811617001014,87
360811617001015,0
360811617001016,0
360811617001017,0
360811617002000,184
360811617002001,86
360811617002002,83
360811617002003,65
360811617002004,53
360811617002005,81
360811617002006,68
360811617002008,52
360811617002009,31
360811617003001,86
360811617003002,125
360811617003004,99
360811617003005,82
360811617003006,61
360811617003008,96
360811617003009,53
360811617003011,47
360811617003012,38
360811617004001,170
360811617004002,112
360811617004004,130
360811617004005,188
360811617004006,183
360811617004008,82
360811617004009,0
360811617004011,151
360811617004012,0
360811617001001,49
360811617001004,62
360811617001007,154
360811617002007,69
360811617003000,62
360811617003003,81
360811617003007,47
360811617003010,88
360811617004000,251
360811617004003,92
360811617004007,93
360811617004010,122
360811617004013,34
360811621003000,180
360811621003001,155
360811621003002,129
360811621003003,114
360811621003004,145
360811621003005,168
360811621003007,186
360811621004000,30
360811621004002,181
360811621004003,165
360811621004005,71
360811621004006,75
360811621004008,100
360811621004009,56
360811621005000,0
360811621005002,154
360811621005003,137
360811621005005,19
360811621005006,0
360811621005008,92
360811621005009,96
360811621005010,70
360811621005012,185
360811621005013,126
360811621005015,0
360811621001000,0
360811621001001,350
360811621001002,13
360811621001004,204
360811621001005,275
360811621001007,0
360811621001008,0
360811621001009,0
360811621002000,39
360811621002001,76
360811621002002,106
360811621002003,413
360811621002004,361
360811621002005,257
360811621002006,184
360811621002007,50
360811621002008,80
360811621002009,198
360811621002010,73
360811621002011,62
360811621003006,126
360811621004001,172
360811621004004,129
360811621004007,53
360811621005001,88
360811621005004,291
360811621005007,0
360811621005011,61
360811621005014,47
360811621001003,231
360811621001006,109
360819901000001,0
360819901000003,0
360819901000004,0
360819901000006,0
360819901000002,0
360819901000005,0
360850003000001,0
360850003001000,0
360850003001001,0
360850003001002,287
360850003001003,0
360850003001004,614
360850003002000,648
360850003002001,113
360850003002002,12
360850003002003,278
360850003002004,151
360850003002006,50
360850003002005,195
360850006000001,0
360850006001000,61
360850006001002,10
360850006001003,0
360850006001005,13
360850006001006,102
360850006001008,245
360850006001009,230
360850006001011,208
360850006002000,857
360850006002001,186
360850006002003,72
360850006002004,73
360850006002006,279
360850006002007,40
360850006001001,0
360850006001004,18
360850006001007,226
360850006001010,34
360850006002002,170
360850006002005,35
360850006000002,0
360850007001000,0
360850007001001,0
360850007001003,177
360850007002000,661
360850007002001,214
360850007003000,204
360850007003001,442
360850007004000,0
360850007004001,84
360850007004003,27
360850007004004,1068
360850007004005,0
360850007004006,179
360850007004007,282
360850007000001,0
360850007001002,1359
360850007002002,181
360850007003002,265
360850007004002,0
360850008001000,0
360850008001001,0
360850008001002,0
360850008001003,37
360850008001004,150
360850008001005,140
360850008001006,169
360850008001007,115
360850008001008,58
360850008001009,112
360850008001010,60
360850008001011,138
360850008001013,65
360850008001015,185
360850008001016,70
360850008001018,163
360850008001019,0
360850008001021,86
360850008001022,149
360850008002001,76
360850008002002,117
360850008002003,173
360850008002005,113
360850008002006,175
360850008002008,34
360850008002009,290
360850008002011,135
360850008002012,151
360850008003001,231
360850008003002,128
360850008003003,107
360850008003005,431
360850008003006,137
360850008003008,177
360850008003009,148
360850008003011,91
360850008003012,66
360850008001014,66
360850008001017,123
360850008001020,100
360850008002000,117
360850008002004,516
360850008002007,204
360850008002010,57
360850008003000,155
360850008003004,161
360850008003007,110
360850008003010,104
360850008001012,78
360850009001000,94
360850009001001,38
360850009001002,316
360850009001003,51
360850009001004,391
360850009001005,0
360850009001006,131
360850009001007,53
360850009002000,195
360850009002001,196
360850009002002,229
360850009002003,192
360850009002004,163
360850009002005,191
360850011003004,194
360850011003005,314
360850011001000,326
360850011001001,370
360850011001003,182
360850011001004,47
360850011002000,234
360850011002001,436
360850011002003,122
360850011002004,0
360850011002006,48
360850011002007,36
360850011003000,238
360850011003002,294
360850011003003,209
360850011001002,146
360850011001005,169
360850011002002,399
360850011002005,99
360850011003001,371
360850017001001,115
360850017001002,64
360850017001004,63
360850017002000,96
360850017002002,63
360850017002003,32
360850017002004,104
360850017002006,71
360850017002007,92
360850017001000,722
360850017001003,58
360850017002001,226
360850017002005,159
360850018000002,0
360850018000003,0
360850018000005,0
360850018000006,0
360850018000007,0
360850018000009,0
360850018001000,0
360850018001002,17
360850018001003,8
360850018001004,0
360850018001005,62
360850018001006,8
360850018001007,0
360850018001008,11
360850018001009,0
360850018001010,0
360850018001011,0
360850018001012,0
360850018001013,0
360850018001014,0
360850018001015,13
360850018001017,0
360850018001018,20
360850018001019,5
360850018001021,69
360850018001022,146
360850018001024,0
360850018001025,0
360850018001027,49
360850018000001,0
360850018000004,0
360850018000008,0
360850018001001,24
360850018001016,0
360850018001020,63
360850018001023,0
360850018001026,0
360850020011000,75
360850020011002,486
360850020011003,46
360850020011004,42
360850020011006,34
360850020011007,54
360850020011009,79
360850020011010,27
360850020011012,90
360850020011013,0
360850020011015,0
360850020012000,277
360850020012001,278
360850020012003,45
360850020012004,83
360850020012006,19
360850020012007,52
360850020012009,0
360850020012010,11
360850020012011,43
360850020012012,78
360850020012013,74
360850020012014,54
360850020012015,0
360850020012016,0
360850020012017,0
360850020012018,0
360850020011001,43
360850020011005,145
360850020011008,84
360850020011011,42
360850020011014,0
360850020012002,83
360850020012005,153
360850020012008,27
360850020021000,0
360850020021001,0
360850020021002,0
360850020021003,316
360850020021004,80
360850020021005,73
360850020021007,112
360850020021008,114
360850020021010,16
360850020021011,75
360850020021012,118
360850020021014,87
360850020021015,61
360850020021017,64
360850020021018,131
360850020021020,45
360850020021021,109
360850020021022,130
360850020022001,189
360850020022002,0
360850020022004,0
360850020022005,0
360850020022008,63
360850020022009,113
360850020021006,109
360850020021009,33
360850020021013,175
360850020021016,114
360850020021019,123
360850020022000,319
360850020022003,0
360850020022006,498
360850020022010,0
360850020022007,35
360850021000001,0
360850021001000,111
360850021001002,230
360850021001003,42
360850021001005,89
360850021001006,101
360850021001007,89
360850021001008,85
360850021001009,212
360850021002000,798
360850021002001,0
360850021002002,0
360850021002003,0
360850021002004,0
360850021002005,193
360850021002006,26
360850021002007,0
360850021002008,0
360850021002009,37
360850021002010,0
360850021002011,0
360850021002013,22
360850021002014,91
360850021002015,153
360850021002017,22
360850021002018,26
360850021002020,97
360850021002021,11
360850021002022,43
360850021002023,207
360850021002024,80
360850021002026,202
360850021003000,243
360850021003002,133
360850021003003,75
360850021003006,149
360850021003008,110
360850021003009,113
360850021003010,113
360850021003011,444
360850021003012,158
360850021003013,188
360850021001004,108
360850021002012,0
360850021002016,78
360850021002019,82
360850021002025,28
360850021003001,212
360850021003004,122
360850021003007,0
360850021001001,71
360850021003005,73
360850027001000,941
360850027001001,294
360850027002000,258
360850027002001,147
360850027002002,128
360850027002003,211
360850027002004,70
360850029001000,335
360850029001001,274
360850029001002,124
360850029001003,100
360850029001005,65
360850029001006,226
360850029001008,111
360850029002000,2728
360850029003001,44
360850029003002,255
360850029003003,119
360850029003005,0
360850029003006,80
360850029003008,0
360850029003009,94
360850029003011,104
360850029004000,39
360850029004002,27
360850029004003,74
360850029004004,153
360850029004006,0
360850029004007,106
360850029004009,149
360850029004010,73
360850029001004,108
360850029001007,305
360850029003000,344
360850029003004,190
360850029003007,128
360850029003010,58
360850029004001,70
360850029004005,139
360850029004008,249
360850033001001,132
360850033001002,75
360850033001003,68
360850033001005,174
360850033001006,80
360850033002001,94
360850033002002,31
360850033002003,605
360850033002004,41
360850033002005,132
360850033002006,368
360850033002007,72
360850033002008,73
360850033002009,53
360850033002010,214
360850033002011,72
360850033002012,24
360850033001000,803
360850033001004,101
360850033002000,526
360850036001000,163
360850036001001,135
360850036001002,50
360850036001004,105
360850036001005,116
360850036001007,65
360850036001008,100
360850036001010,75
360850036001011,149
360850036001012,0
360850036001014,0
360850036002000,317
360850036002002,55
360850036002003,106
360850036002005,94
360850036002006,205
360850036002008,94
360850036002009,66
360850036002010,60
360850036001003,74
360850036001006,74
360850036001009,335
360850036001013,0
360850036002001,101
360850036002004,181
360850036002007,48
360850036002011,24
360850039001000,484
360850039001001,218
360850039002000,40
360850039002001,40
360850039002003,703
360850039002004,43
360850039002005,44
360850039002007,80
360850039002008,4
360850039001002,0
360850039002002,459
360850039002006,34
360850039002009,30
360850040011000,216
360850040011001,113
360850040011002,177
360850040011003,121
360850040011004,203
360850040011005,71
360850040011006,236
360850040011007,117
360850040011008,28
360850040012000,116
360850040012001,272
360850040012002,131
360850040012003,96
360850040012004,175
360850040012005,703
360850040021000,229
360850040021001,194
360850040021003,154
360850040021004,199
360850040022000,481
360850040022002,90
360850040022003,85
360850040022006,94
360850040022007,0
360850040022009,165
360850040022010,152
360850040022012,213
360850040021002,643
360850040022001,106
360850040022004,201
360850040022008,114
360850040022011,161
360850040022005,128
360850040032000,1326
360850040033001,810
360850040033002,0
360850040033003,175
360850040033005,131
360850040031000,1093
360850040031001,659
360850040033000,527
360850040033004,130
360850040041000,514
360850040041002,78
360850040041003,121
360850040041005,88
360850040041006,93
360850040041007,0
360850040041009,37
360850040041010,0
360850040041011,0
360850040041012,0
360850040041013,0
360850040041014,109
360850040041015,39
360850040041016,0
360850040042000,83
360850040042001,89
360850040042002,83
360850040042003,255
360850040042004,84
360850040042005,39
360850040042006,63
360850040042007,116
360850040042008,95
360850040042009,75
360850040042011,0
360850040042012,80
360850040042014,151
360850040042015,78
360850040042017,0
360850040042018,0
360850040042019,0
360850040041001,135
360850040041004,80
360850040041008,29
360850040042010,96
360850040042013,97
360850040042016,0
360850047001001,268
360850047001002,151
360850047001004,12
360850047001005,361
360850047001007,5
360850047001008,50
360850047001009,33
360850047001011,52
360850047001012,132
360850047001014,0
360850047001015,0
360850047001017,47
360850047001018,58
360850047001019,85
360850047001021,29
360850047001022,80
360850047001024,22
360850047001025,31
360850047002000,78
360850047002001,83
360850047002002,114
360850047002003,62
360850047002004,98
360850047002005,92
360850047002006,147
360850047002007,0
360850047002008,195
360850047001000,0
360850047001003,379
360850047001006,48
360850047001010,110
360850047001013,161
360850047001016,54
360850047001020,0
360850047001023,89
360850050001000,89
360850050001001,40
360850050001002,86
360850050001003,132
360850050001004,286
360850050001006,312
360850050001007,212
360850050001009,69
360850050001010,239
360850050001012,92
360850050001013,85
360850050001014,13
360850050002000,0
360850050002001,49
360850050002003,0
360850050002004,165
360850050002006,80
360850050002007,0
360850050002009,111
360850050002010,596
360850050002011,65
360850050002013,0
360850050002014,90
360850050003000,0
360850050003001,228
360850050003003,48
360850050003004,0
360850050003005,25
360850050003007,72
360850050003008,150
360850050003010,85
360850050003011,104
360850050003012,58
360850050003013,40
360850050001005,120
360850050001008,85
360850050001011,107
360850050001015,71
360850050002002,19
360850050002005,17
360850050002008,104
360850050002012,59
360850050002015,36
360850050003002,51
360850050003006,30
360850050003009,37
360850059011000,207
360850059011001,176
360850059011002,185
360850059011003,354
360850059011004,54
360850059011005,38
360850059011006,32
360850059011007,37
360850059011008,25
360850059011009,19
360850059012001,0
360850059012002,23
360850059012003,26
360850059012005,55
360850059012006,82
360850059012008,268
360850059012009,141
360850059012010,120
360850059012012,23
360850059012013,39
360850059012000,750
360850059012004,130
360850059012007,30
360850059012011,22
360850059012014,18
360850059021000,5
360850064001004,40
360850064001005,61
360850064001007,39
360850064001008,50
360850064001009,207
360850064002000,40
360850064002001,95
360850064002003,101
360850064002004,132
360850064002006,148
360850064002007,84
360850064003000,85
360850064003002,149
360850064003003,41
360850064003005,70
360850064003006,224
360850064003008,24
360850064003009,26
360850064003011,91
360850064003012,98
360850064001000,82
360850064001002,49
360850064001003,21
360850064001006,55
360850064001010,76
360850064002002,128
360850064002005,95
360850064003001,104
360850064003004,157
360850064003007,936
360850064003010,125
360850064001001,65
360850067001000,176
360850067001002,27
360850067001003,27
360850067001005,123
360850067001006,58
360850067001008,61
360850067001009,78
360850067001010,345
360850067002000,154
360850067002001,132
360850067002002,96
360850067002003,61
360850067002004,75
360850067002005,90
360850067002006,39
360850067002007,31
360850067002008,48
360850067002009,39
360850067002010,53
360850067002011,82
360850067002012,61
360850067002013,32
360850067003001,138
360850067003002,41
360850067003004,64
360850067003005,55
360850067003006,72
360850067003008,61
360850067003009,86
360850067003011,20
360850067001001,96
360850067001004,36
360850067001007,62
360850067003000,143
360850067003003,49
360850067003007,77
360850067003010,39
360850070011000,79
360850070011002,55
360850070011003,0
360850070011005,81
360850070011006,72
360850070011007,107
360850070011009,53
360850070011010,64
360850070011012,43
360850070011013,17
360850070011015,99
360850070011016,104
360850070011017,116
360850070012001,86
360850070012002,85
360850070012004,116
360850070012005,115
360850070012006,143
360850070012007,58
360850070012008,83
360850070012009,77
360850070012010,26
360850070012011,37
360850070012012,59
360850070012013,115
360850070012014,102
360850070011001,68
360850070011004,162
360850070011008,83
360850070011011,69
360850070011014,96
360850070012000,98
360850070012003,66
360850070020001,0
360850070020002,0
360850070021000,106
360850070021001,94
360850070021003,75
360850070021004,116
360850070021005,174
360850070021007,100
360850070021008,222
360850070021010,59
360850070021011,154
360850070021013,63
360850070021014,214
360850070022000,104
360850070022002,98
360850070022005,86
360850070022006,110
360850070022008,247
360850070022009,127
360850070022010,128
360850070022012,249
360850070022013,282
360850070022015,55
360850070022016,219
360850070022018,0
360850070022019,127
360850070022020,100
360850070022022,0
360850070023000,468
360850070023001,203
360850070023002,182
360850070023003,363
360850070024000,0
360850070024001,0
360850070024002,0
360850070021002,233
360850070021006,140
360850070021009,83
360850070021012,28
360850070022001,122
360850070022004,156
360850070022007,270
360850070022011,136
360850070022014,281
360850070022017,0
360850070022021,124
360850070022003,117
360850074001007,317
360850074001008,227
360850074001010,156
360850074001011,172
360850074001013,191
360850074002000,331
360850074002001,99
360850074002003,0
360850074002004,59
360850074002006,115
360850074002007,378
360850074002009,402
360850074002010,20
360850074002012,55
360850074002013,28
360850074002014,56
360850074003000,5
360850074003001,0
360850074000001,0
360850074000002,0
360850074001000,145
360850074001001,53
360850074001002,133
360850074001003,153
360850074001004,55
360850074001005,129
360850074001006,201
360850074001009,284
360850074001012,148
360850074002002,623
360850074002005,211
360850074002008,59
360850074002011,61
360850074002015,96
360850075001001,235
360850075001002,42
360850075001004,266
360850075002000,494
360850075002001,360
360850075002003,163
360850075002004,61
360850075003000,252
360850075003001,134
360850075003002,183
360850075003003,115
360850075003004,419
360850075003005,0
360850075003006,197
360850075003007,209
360850075003008,265
360850075003009,115
360850075001000,169
360850075001003,285
360850075002002,119
360850075002005,117
360850077001000,219
360850077001001,515
360850077001002,80
360850077001003,128
360850077001004,108
360850077001006,155
360850077001007,150
360850077001009,103
360850077001005,93
360850077001008,211
360850081000001,0
360850081001001,110
360850081001002,120
360850081001003,345
360850081001005,122
360850081001006,95
360850081001008,83
360850081001009,48
360850081002001,196
360850081002002,156
360850081002004,48
360850081002005,577
360850081002006,62
360850081002008,46
360850081003000,279
360850081003002,96
360850081003003,201
360850081003005,72
360850081003006,157
360850081003007,86
360850081003009,77
360850081003010,103
360850081003012,50
360850081001000,0
360850081001004,606
360850081001007,140
360850081002000,262
360850081002003,60
360850081002007,89
360850081003001,110
360850081003004,243
360850081003008,84
360850081003011,99
360850096011000,252
360850096011001,25
360850096011002,29
360850096011003,129
360850096011004,143
360850096011005,102
360850096011006,90
360850096011007,288
360850096011008,96
360850096011009,60
360850096011010,85
360850096011011,194
360850096011012,20
360850096011014,123
360850096011015,36
360850096011016,16
360850096012001,169
360850096012002,404
360850096012004,111
360850096012005,51
360850096012006,241
360850096012008,78
360850096012009,34
360850096012011,80
360850096012012,50
360850096012015,92
360850096012016,69
360850096012018,38
360850096012019,0
360850096011013,73
360850096012000,56
360850096012003,70
360850096012007,334
360850096012010,64
360850096012013,85
360850096012017,31
360850096012020,100
360850096012014,157
360850096022012,79
360850096022013,65
360850096023000,187
360850096023001,186
360850096023002,154
360850096023004,116
360850096023005,86
360850096023006,295
360850096023008,10
360850096023009,27
360850096021000,81
360850096021001,95
360850096021003,59
360850096021004,71
360850096021005,58
360850096021007,83
360850096021008,72
360850096021010,136
360850096021011,109
360850096021012,85
360850096021013,89
360850096022000,20
360850096022001,0
360850096022002,108
360850096022003,87
360850096022004,43
360850096022005,112
360850096022006,184
360850096022007,0
360850096022008,199
360850096022009,134
360850096022010,149
360850096022011,81
360850096023003,93
360850096023007,120
360850096021002,103
360850096021006,68
360850096021009,123
360850097011000,7
360850097011001,550
360850097011003,604
360850097011004,125
360850097011005,92
360850097011007,95
360850097012002,128
360850097012003,117
360850097013000,0
360850097013001,90
360850097013002,44
360850097013004,43
360850097013005,388
360850097013007,65
360850097013008,67
360850097013010,106
360850097013011,92
360850097010001,0
360850097011002,477
360850097011006,92
360850097012001,24
360850097012004,548
360850097013003,100
360850097013006,143
360850097013009,45
360850097012000,412
360850097020001,0
360850097021001,8
360850097021002,0
360850097021000,0
360850105001000,78
360850105001001,367
360850105001002,202
360850105001003,18
360850105001004,58
360850105001005,88
360850105002000,115
360850105002001,104
360850105002002,125
360850105002003,126
360850105002004,59
360850105002005,75
360850105002006,70
360850105002007,54
360850105002008,71
360850105003000,229
360850105003002,360
360850105003003,45
360850105003005,47
360850105004000,75
360850105004002,292
360850105004003,208
360850105004005,240
360850105004006,81
360850105005000,157
360850105005002,316
360850105005003,263
360850105005005,120
360850105005006,80
360850105005008,105
360850105003001,188
360850105003004,62
360850105004001,131
360850105004004,505
360850105005001,241
360850105005004,176
360850105005007,66
360850112010001,0
360850112010002,0
360850112011001,93
360850112011002,71
360850112011004,12
360850112011005,11
360850112011007,120
360850112011008,199
360850112011009,12
360850112011011,15
360850112011012,26
360850112011013,36
360850112011014,28
360850112011015,17
360850112011016,0
360850112011017,104
360850112011018,17
360850112011019,43
360850112011020,29
360850112011021,79
360850112011022,246
360850112011023,27
360850112011024,23
360850112012000,119
360850112012001,158
360850112012002,145
360850112012005,124
360850112012007,29
360850112012008,59
360850112012009,128
360850112012011,90
360850112012012,110
360850112012014,39
360850112012015,34
360850112012016,138
360850112012018,170
360850112012019,147
360850112012021,38
360850112012022,54
360850112013001,144
360850112013002,126
360850112013003,111
360850112013005,125
360850112013006,139
360850112013008,0
360850112013009,86
360850112013011,106
360850112013012,227
360850112013013,15
360850112013014,31
360850112013015,57
360850112013016,0
360850112013017,0
360850112013018,167
360850112013019,164
360850112014000,0
360850112014001,0
360850112011000,165
360850112011003,17
360850112011006,83
360850112011010,21
360850112012003,119
360850112012006,68
360850112012010,81
360850112012013,28
360850112012017,192
360850112012020,0
360850112013000,68
360850112013004,194
360850112013007,149
360850112013010,181
360850112012004,114
360850112031003,183
360850112031004,30
360850112031005,71
360850112031006,43
360850112031007,29
360850112031008,47
360850112031009,69
360850112031010,58
360850112031011,107
360850112031012,58
360850112031014,77
360850112031015,90
360850112031018,0
360850112031019,28
360850112031021,78
360850112031022,69
360850112031024,142
360850112031025,98
360850112031026,136
360850112032000,66
360850112032001,145
360850112032003,82
360850112032004,47
360850112032006,119
360850112032007,74
360850112032008,122
360850112032010,73
360850112032011,92
360850112032013,76
360850112032014,80
360850112032016,99
360850112032017,83
360850112032018,78
360850112032019,87
360850112032020,54
360850112032021,89
360850112032022,93
360850112032023,106
360850112033000,77
360850112033001,78
360850112033002,105
360850112033003,102
360850112033004,88
360850112033005,61
360850112033006,125
360850112033007,94
360850112033008,68
360850112033009,84
360850112033010,54
360850112033013,41
360850112033015,26
360850112033016,149
360850112033017,146
360850112033019,47
360850112033020,82
360850112033022,46
360850112033023,119
360850112033024,161
360850112033026,103
360850112033027,90
360850112031000,38
360850112031001,203
360850112031002,185
360850112031013,47
360850112031017,64
360850112031020,30
360850112031023,82
360850112031027,89
360850112032002,102
360850112032005,113
360850112032009,82
360850112032012,69
360850112032015,139
360850112033011,79
360850112033014,73
360850112033018,63
360850112033021,67
360850112033025,85
360850112033028,93
360850112031016,0
360850112033012,64
360850112040001,0
360850112040002,0
360850112041001,25
360850112042000,0
360850112041000,21
360850114011000,56
360850114011002,100
360850114011003,136
360850114011005,88
360850114011006,60
360850114011008,42
360850114011009,54
360850114011010,0
360850114011011,0
360850114011012,180
360850114012000,74
360850114012001,56
360850114012002,82
360850114012003,72
360850114012004,51
360850114012005,980
360850114012006,0
360850114012007,136
360850114012008,148
360850114012009,0
360850114012010,0
360850114012011,41
360850114012012,128
360850114012013,174
360850114011001,33
360850114011004,101
360850114011007,67
360850114012014,200
360850114012015,190
360850114021000,122
360850114021002,61
360850114021003,65
360850114021004,44
360850114021006,121
360850114021007,98
360850114021009,119
360850114021010,124
360850114021011,81
360850114022001,80
360850114022002,88
360850114022004,530
360850114022005,115
360850114022007,75
360850114022008,120
360850114023000,192
360850114023002,163
360850114023003,118
360850114023005,74
360850114023006,92
360850114023008,0
360850114023009,0
360850114023010,102
360850114023011,73
360850114023012,64
360850114023013,101
360850114023014,47
360850114023015,0
360850114023007,53
360850114021001,93
360850114021005,90
360850114021008,113
360850114022000,64
360850114022003,45
360850114022006,157
360850114023001,146
360850114023004,108
360850121001005,73
360850121001006,90
360850121001007,171
360850121001008,67
360850121001009,98
360850121001010,22
360850121001011,55
360850121001012,43
360850121002000,34
360850121002001,49
360850121002002,112
360850121002003,89
360850121002004,92
360850121002005,63
360850121002006,271
360850121002008,110
360850121002009,26
360850121002010,58
360850121003001,63
360850121003002,58
360850121003004,59
360850121003005,95
360850121003007,53
360850121003008,0
360850121003010,61
360850121003011,77
360850121003012,85
360850121003014,67
360850121003015,80
360850121003017,62
360850121001000,69
360850121001001,96
360850121001002,111
360850121001003,64
360850121001004,66
360850121002007,72
360850121003000,89
360850121003003,66
360850121003006,64
360850121003009,85
360850121003013,84
360850121003016,63
360850122001000,69
360850122001002,87
360850122001003,86
360850122001004,42
360850122001006,96
360850122001007,85
360850122001009,73
360850122001010,76
360850122001012,82
360850122001013,75
360850122002000,119
360850122002001,92
360850122002002,116
360850122002003,92
360850122002004,66
360850122002005,25
360850122002006,77
360850122002007,69
360850122002008,83
360850122002009,84
360850122002010,0
360850122002011,70
360850122002012,92
360850122002013,77
360850122002014,45
360850122003001,67
360850122003002,61
360850122003003,70
360850122003005,142
360850122003006,45
360850122003008,0
360850122003009,44
360850122003011,19
360850122003012,56
360850122003014,92
360850122003015,45
360850122004000,156
360850122004002,0
360850122004003,86
360850122004005,94
360850122004006,85
360850122004008,51
360850122004009,75
360850122004010,82
360850122001001,61
360850122001005,82
360850122001008,88
360850122001011,83
360850122003000,59
360850122003004,45
360850122003007,0
360850122003010,12
360850122003013,61
360850122004001,68
360850122004004,113
360850122004007,73
360850122004011,45
360850125001000,635
360850125001001,266
360850125001003,271
360850125001004,182
360850125002001,207
360850125002002,177
360850125002003,69
360850125002004,28
360850125002005,104
360850125003000,188
360850125003001,33
360850125003002,102
360850125003003,104
360850125003004,102
360850125003005,82
360850125003006,66
360850125001002,198
360850125002000,273
360850128040001,0
360850128040002,0
360850128041000,81
360850128041002,349
360850128041003,210
360850128041005,158
360850128041006,420
360850128041007,186
360850128041009,125
360850128041010,111
360850128041012,78
360850128042000,65
360850128042003,209
360850128042004,80
360850128042006,43
360850128042007,20
360850128042009,112
360850128042010,67
360850128042011,107
360850128042013,179
360850128042014,79
360850128042016,94
360850128042017,76
360850128043000,36
360850128041001,232
360850128041004,194
360850128041008,203
360850128041011,83
360850128042002,95
360850128042005,64
360850128042008,103
360850128042012,176
360850128042015,79
360850128042018,445
360850128042001,85
360850128051006,118
360850128051007,74
360850128051008,116
360850128051009,90
360850128051010,83
360850128051011,61
360850128051012,127
360850128051013,89
360850128051014,61
360850128051015,14
360850128051016,87
360850128052000,85
360850128052001,61
360850128052002,6
360850128052003,74
360850128053000,0
360850128054000,2
360850128054001,8
360850128054004,0
360850128054006,8
360850128054007,0
360850128050001,0
360850128050002,0
360850128051001,46
360850128051002,390
360850128051003,124
360850128051004,169
360850128051005,96
360850128054002,9
360850128054005,0
360850128051000,392
360850128054003,0
360850128060001,0
360850128061000,139
360850128061001,54
360850128061003,66
360850128061004,47
360850128061005,88
360850128061007,25
360850128061008,41
360850128061010,32
360850128061011,42
360850128061013,323
360850128061014,13
360850128061015,50
360850128061017,53
360850128061018,63
360850128062001,195
360850128062002,151
360850128062004,69
360850128062005,172
360850128062006,139
360850128063000,1981
360850128064000,0
360850128064001,0
360850128064002,0
360850128065000,130
360850128065001,156
360850128065002,145
360850128065003,99
360850128065004,223
360850128065005,138
360850128065006,222
360850128065007,57
360850128065008,179
360850128065009,115
360850128065010,277
360850128065011,127
360850128065014,154
360850128060002,0
360850128061002,26
360850128061006,39
360850128061009,65
360850128061012,51
360850128061016,83
360850128062000,225
360850128062003,152
360850128065012,114
360850128065015,94
360850128065013,45
360850132011000,182
360850132011001,0
360850132011002,79
360850132011004,53
360850132011005,58
360850132011007,120
360850132011008,6
360850132011009,80
360850132012001,227
360850132012002,35
360850132012004,42
360850132012005,96
360850132012007,42
360850132012008,38
360850132012009,41
360850132012011,22
360850132012012,30
360850132012014,22
360850132012015,62
360850132012017,34
360850132011003,71
360850132011006,119
360850132012000,48
360850132012003,28
360850132012006,27
360850132012010,39
360850132012013,37
360850132012016,21
360850132031000,259
360850132031001,191
360850132031002,124
360850132031003,65
360850132031004,39
360850132031005,80
360850132031006,106
360850132031007,109
360850132031008,109
360850132031009,111
360850132031010,89
360850132031011,70
360850132031012,102
360850132031013,63
360850132032000,214
360850132032001,0
360850132032002,88
360850132032003,90
360850132032006,75
360850132032008,178
360850132032009,70
360850132032010,101
360850132032012,66
360850132032013,75
360850132032015,122
360850132032016,77
360850132032017,83
360850132032019,233
360850132032020,37
360850132033000,114
360850132033001,102
360850132033003,105
360850132033004,142
360850132033005,287
360850132033007,49
360850132033008,133
360850132033010,51
360850132033011,25
360850132033013,119
360850132033014,39
360850132033015,51
360850132033016,49
360850132033017,63
360850132033018,111
360850132033019,77
360850132033020,50
360850132033021,64
360850132032004,123
360850132032007,140
360850132032011,135
360850132032014,74
360850132032018,108
360850132032021,86
360850132033002,129
360850132033006,92
360850132033009,145
360850132033012,48
360850132032005,53
360850132041000,125
360850132041001,116
360850132041003,44
360850132041004,45
360850132041005,36
360850132041008,52
360850132041010,12
360850132041011,28
360850132041013,110
360850132041014,56
360850132041015,49
360850132041017,0
360850132041018,22
360850132041020,86
360850132041021,75
360850132042000,24
360850132042001,49
360850132042002,30
360850132042004,0
360850132042005,0
360850132042007,35
360850132042008,57
360850132042010,76
360850132042011,26
360850132042012,15
360850132042013,71
360850132042014,6
360850132042015,109
360850132042016,67
360850132042017,47
360850132042018,40
360850132042019,63
360850132042020,0
360850132042021,0
360850132042022,73
360850132042023,82
360850132042024,58
360850132042025,100
360850132042026,149
360850132042027,76
360850132042028,0
360850132042031,136
360850132042033,282
360850132042034,57
360850132042035,100
360850132043001,71
360850132043002,0
360850132043004,16
360850132043005,0
360850132043006,155
360850132043008,68
360850132043009,90
360850132043011,149
360850132043012,39
360850132043014,0
360850132043015,50
360850132043016,38
360850132043018,50
360850132043019,0
360850132043021,107
360850132043022,95
360850132041002,40
360850132041006,40
360850132041009,47
360850132041012,78
360850132041016,61
360850132041019,70
360850132041022,85
360850132042003,0
360850132042006,58
360850132042009,53
360850132042029,103
360850132042032,121
360850132043000,127
360850132043003,37
360850132043007,94
360850132043010,68
360850132043013,0
360850132043017,11
360850132043020,0
360850132043023,189
360850132041007,46
360850132042030,115
360850133011000,1631
360850133021006,96
360850133021007,113
360850133022000,0
360850133022001,30
360850133022002,128
360850133022003,160
360850133022004,84
360850133022005,320
360850133022006,0
360850133022007,372
360850133023000,53
360850133023001,222
360850133023002,174
360850133023003,179
360850133023004,195
360850133023005,166
360850133023007,63
360850133023008,167
360850133023010,121
360850133023011,76
360850133023012,63
360850133021000,222
360850133021001,175
360850133021002,47
360850133021003,38
360850133021004,69
360850133021005,128
360850133023006,207
360850133023009,0
360850133023013,65
360850134003010,249
360850134003011,70
360850134003012,104
360850134003014,55
360850134003015,54
360850134003017,63
360850134003018,71
360850134003020,64
360850134003021,112
360850134002011,41
360850134002012,88
360850134002013,28
360850134002014,45
360850134002015,63
360850134002016,63
360850134002017,77
360850134002018,38
360850134003000,17
360850134003001,32
360850134003002,120
360850134003004,85
360850134003005,64
360850134003007,73
360850134003008,83
360850134001000,25
360850134001001,27
360850134001003,23
360850134001004,33
360850134001006,147
360850134001007,53
360850134001008,55
360850134001010,82
360850134001011,59
360850134001013,48
360850134001014,0
360850134001016,31
360850134001018,57
360850134001020,80
360850134001021,80
360850134001023,50
360850134002000,78
360850134002002,68
360850134002003,63
360850134002004,112
360850134002005,0
360850134002006,35
360850134002007,102
360850134002008,89
360850134002009,48
360850134002010,76
360850134003003,0
360850134003006,83
360850134003009,91
360850134003013,144
360850134003016,66
360850134003019,102
360850134001002,33
360850134001005,0
360850134001009,63
360850134001012,83
360850134001015,37
360850134001019,25
360850134001022,68
360850134002001,72
360850134001017,57
360850138001000,29
360850138001002,32
360850138001003,36
360850138001005,23
360850138001006,36
360850138001008,23
360850138001009,35
360850138001010,45
360850138001012,14
360850138001013,33
360850138001015,66
360850138001016,23
360850138001017,45
360850138001018,35
360850138001019,38
360850138001020,70
360850138001021,112
360850138001022,70
360850138001023,8
360850138001024,82
360850138002000,81
360850138002001,140
360850138002002,43
360850138002003,56
360850138002004,78
360850138002005,0
360850138002006,53
360850138002008,58
360850138002009,37
360850138002010,90
360850138002012,74
360850138002013,113
360850138002015,70
360850138002016,39
360850138002018,50
360850138002019,47
360850138002021,85
360850138003000,264
360850138003001,76
360850138003003,146
360850138003004,116
360850138003006,99
360850138003007,85
360850138003009,175
360850138003010,205
360850138003011,141
360850138003013,45
360850138004000,109
360850138004002,107
360850138004003,180
360850138004005,86
360850138004006,126
360850138004007,197
360850138004008,53
360850138004009,73
360850138004010,68
360850138004011,171
360850138005000,159
360850138005001,72
360850138005002,45
360850138005003,106
360850138005004,136
360850138005005,65
360850138005006,61
360850138005007,33
360850138005008,174
360850138005010,137
360850138005011,44
360850138001001,0
360850138001004,78
360850138001007,23
360850138001011,52
360850138001014,18
360850138002007,96
360850138002011,58
360850138002014,53
360850138002017,91
360850138002020,32
360850138003002,115
360850138003005,71
360850138003008,65
360850138003012,123
360850138004001,99
360850138004004,43
360850138005009,85
360850141001000,271
360850141001002,201
360850141001003,103
360850141001005,443
360850141001006,93
360850141001008,3
360850141002000,257
360850141002001,408
360850141002003,241
360850141002004,95
360850141002006,97
360850141002007,105
360850141001001,76
360850141001004,64
360850141001007,151
360850141002002,116
360850141002005,144
360850146041001,123
360850146041002,126
360850146041003,138
360850146041005,161
360850146041006,126
360850146041008,87
360850146041009,37
360850146041011,53
360850146041012,26
360850146041013,28
360850146042000,42
360850146042001,149
360850146042002,65
360850146042003,104
360850146042004,68
360850146042005,319
360850146042006,102
360850146042007,80
360850146042009,50
360850146042010,29
360850146042011,55
360850146042013,350
360850146042014,0
360850146042016,31
360850146042017,0
360850146043001,46
360850146043002,492
360850146043003,139
360850146043005,155
360850146043006,134
360850146043008,124
360850146043009,137
360850146043011,61
360850146043012,80
360850146043013,188
360850146044000,148
360850146044001,89
360850146044002,70
360850146044003,198
360850146044004,285
360850146044005,132
360850146044006,16
360850146044007,141
360850146044008,89
360850146044009,0
360850146044010,0
360850146042008,98
360850146042012,130
360850146042015,0
360850146043000,269
360850146043004,139
360850146043007,134
360850146043010,106
360850146043014,65
360850146041000,160
360850146041004,157
360850146041007,117
360850146041010,132
360850146041014,71
360850146051001,64
360850146051002,60
360850146051003,114
360850146051004,0
360850146051005,42
360850146051008,47
360850146051010,47
360850146051011,60
360850146051012,56
360850146051014,58
360850146051015,101
360850146051017,102
360850146051018,142
360850146051019,158
360850146051021,0
360850146051022,89
360850146051024,63
360850146052000,91
360850146052002,83
360850146052003,41
360850146052004,193
360850146052006,38
360850146052007,46
360850146052009,79
360850146052010,67
360850146052012,83
360850146052013,87
360850146052014,58
360850146052015,51
360850146052016,7
360850146052017,48
360850146052018,59
360850146052019,41
360850146052020,61
360850146052021,65
360850146052022,53
360850146052023,87
360850146052024,66
360850146052025,77
360850146052026,121
360850146051000,53
360850146051006,47
360850146051009,48
360850146051013,58
360850146051016,116
360850146051020,149
360850146051023,114
360850146052001,111
360850146052005,44
360850146052008,138
360850146052011,38
360850146051007,64
360850146061000,541
360850146061001,217
360850146061002,419
360850146061003,142
360850146062000,292
360850146062002,423
360850146062003,92
360850146062004,189
360850146062006,64
360850146062007,57
360850146062009,91
360850146062010,126
360850146062011,164
360850146063000,0
360850146063001,1198
360850146063003,33
360850146063004,26
360850146064001,207
360850146064002,92
360850146064003,343
360850146064005,235
360850146064006,39
360850146061004,278
360850146062001,66
360850146062005,294
360850146062008,83
360850146062012,154
360850146063002,34
360850146064000,23
360850146064004,222
360850146061005,144
360850146071001,59
360850146071002,0
360850146071004,170
360850146071005,120
360850146071006,287
360850146071007,119
360850146071008,173
360850146071009,100
360850146071010,358
360850146071011,110
360850146071012,114
360850146071013,149
360850146071014,330
360850146072000,10
360850146072001,27
360850146072002,166
360850146072003,0
360850146072004,123
360850146072005,133
360850146072006,122
360850146072008,143
360850146072009,94
360850146072010,48
360850146072012,289
360850146072013,113
360850146072015,165
360850146072016,149
360850146072018,140
360850146071000,277
360850146071003,218
360850146072007,133
360850146072011,19
360850146072014,59
360850146072017,133
360850146081000,356
360850146081001,132
360850146081002,73
360850146081003,137
360850146081005,206
360850146081006,206
360850146081008,145
360850146081009,45
360850146081011,139
360850146081012,35
360850146081013,98
360850146082001,0
360850146082002,111
360850146082003,161
360850146082004,177
360850146082005,212
360850146082006,126
360850146082007,110
360850146082008,677
360850146081004,110
360850146081007,127
360850146081010,61
360850146082000,196
360850147001000,67
360850147001001,45
360850147001002,86
360850147001003,66
360850147001004,106
360850147001005,33
360850147001006,29
360850147001007,58
360850147001008,58
360850147001009,65
360850147002001,60
360850147002002,20
360850147002004,77
360850147002005,77
360850147002006,80
360850147002008,110
360850147002009,37
360850147002011,53
360850147002012,46
360850147002014,54
360850147002015,84
360850147002017,51
360850147002018,48
360850147003000,98
360850147003002,74
360850147003003,107
360850147003005,51
360850147003006,49
360850147003008,133
360850147003009,127
360850147003010,89
360850147002000,622
360850147002003,76
360850147002007,0
360850147002010,89
360850147002013,44
360850147002016,91
360850147003001,218
360850147003004,149
360850147003007,24
360850151003002,123
360850151003004,133
360850151003005,56
360850151003007,115
360850151004000,86
360850151004002,131
360850151004003,104
360850151004004,93
360850151004006,122
360850151004007,69
360850151004009,114
360850151005000,95
360850151005003,149
360850151005005,37
360850151005006,115
360850151005007,154
360850151005008,78
360850151005009,63
360850151001001,256
360850151001002,155
360850151001004,177
360850151001005,18
360850151001006,40
360850151001007,24
360850151001008,97
360850151001009,126
360850151001010,190
360850151001011,56
360850151001012,32
360850151001013,48
360850151001014,72
360850151001015,201
360850151001016,51
360850151001017,29
360850151001018,95
360850151001019,81
360850151002000,81
360850151002002,122
360850151002003,17
360850151002005,54
360850151002006,89
360850151002008,78
360850151002009,111
360850151003000,71
360850151001000,122
360850151001003,96
360850151002001,68
360850151002004,53
360850151002007,46
360850151003001,110
360850151003003,88
360850151003006,37
360850151004001,79
360850151004005,80
360850151004008,131
360850151005001,95
360850151005004,110
360850151005002,126
360850154000001,0
360850154000002,0
360850154000003,0
360850154000004,0
360850154000005,0
360850154001000,0
360850154001001,5
360850154001002,0
360850154001003,0
360850154001004,0
360850154001005,0
360850154001006,0
360850154001007,0
360850156011001,36
360850156011002,310
360850156011003,71
360850156011005,99
360850156011006,107
360850156011008,139
360850156011009,49
360850156011010,0
360850156011012,65
360850156012000,78
360850156012003,30
360850156012005,100
360850156012006,78
360850156012007,92
360850156012010,87
360850156012011,86
360850156012012,28
360850156013001,47
360850156013002,40
360850156013004,124
360850156013005,85
360850156013006,65
360850156013008,110
360850156013009,68
360850156013011,65
360850156013012,161
360850156014000,39
360850156014001,29
360850156014002,124
360850156014003,92
360850156014004,97
360850156014005,98
360850156014006,80
360850156014007,88
360850156014008,12
360850156014009,112
360850156014010,44
360850156014011,43
360850156014012,81
360850156014013,67
360850156015000,33
360850156015001,48
360850156015004,58
360850156015006,45
360850156015007,69
360850156015008,116
360850156015010,257
360850156015011,133
360850156015013,102
360850156015014,49
360850156016000,68
360850156016002,0
360850156016003,72
360850156016005,88
360850156016006,150
360850156016008,99
360850156016009,82
360850156016010,68
360850156016012,86
360850156016013,71
360850156016015,32
360850156011000,204
360850156011004,54
360850156011007,61
360850156011011,92
360850156012001,63
360850156012004,83
360850156012009,161
360850156013000,60
360850156013003,88
360850156013007,58
360850156013010,82
360850156015002,23
360850156015005,70
360850156015009,129
360850156015012,16
360850156016001,27
360850156016004,89
360850156016007,0
360850156016011,100
360850156016014,57
360850156012002,40
360850156012008,120
360850156015003,34
360850156021000,32
360850156021002,38
360850156021003,70
360850156021004,67
360850156021005,60
360850156021006,71
360850156021007,89
360850156021008,68
360850156021009,51
360850156021010,65
360850156021011,87
360850156021012,74
360850156022000,69
360850156022001,68
360850156022002,97
360850156022003,77
360850156022004,37
360850156022005,102
360850156022006,67
360850156022007,62
360850156022010,50
360850156022012,91
360850156023000,116
360850156023001,43
360850156023003,41
360850156023004,58
360850156023006,72
360850156023007,92
360850156023008,0
360850156023010,61
360850156023011,61
360850156024000,102
360850156024001,81
360850156024003,120
360850156024004,82
360850156024005,76
360850156024007,67
360850156024008,47
360850156024010,74
360850156024011,57
360850156021001,45
360850156022008,80
360850156022011,61
360850156023002,42
360850156023005,70
360850156023009,60
360850156023012,41
360850156024002,90
360850156024006,53
360850156024009,53
360850156022009,59
360850156033013,294
360850156033014,71
360850156033015,73
360850156030002,0
360850156030003,0
360850156031000,123
360850156031001,107
360850156031002,47
360850156031003,130
360850156031004,61
360850156031005,202
360850156031006,105
360850156031007,185
360850156031008,198
360850156032000,256
360850156032001,275
360850156032002,182
360850156032003,142
360850156032004,77
360850156032005,88
360850156032006,126
360850156032007,84
360850156032009,32
360850156032010,85
360850156032012,25
360850156032013,124
360850156032015,139
360850156033000,142
360850156033001,66
360850156033003,174
360850156033004,107
360850156033006,88
360850156033007,86
360850156033009,80
360850156033010,39
360850156033011,90
360850156033012,60
360850156030001,0
360850156032008,34
360850156032011,32
360850156032014,145
360850156033002,270
360850156033005,36
360850156033008,96
360850169011001,77
360850169011002,56
360850169011004,173
360850169011005,47
360850169011007,58
360850169011008,42
360850169011009,26
360850169011011,40
360850169011014,65
360850169011015,60
360850169011017,33
360850169011018,95
360850169011019,0
360850169011021,0
360850169011022,60
360850169011024,39
360850169011025,0
360850169012001,37
360850169012002,70
360850169012003,124
360850169012005,46
360850169012006,112
360850169012007,62
360850169012008,67
360850169012009,137
360850169012010,172
360850169012011,89
360850169012012,70
360850169012013,48
360850169012014,95
360850169012015,30
360850169012016,119
360850169012017,126
360850169012018,77
360850169012019,41
360850169012020,57
360850169012021,0
360850169012022,0
360850169012025,0
360850169011000,114
360850169011003,35
360850169011006,45
360850169011010,42
360850169011013,113
360850169011016,53
360850169011020,0
360850169011023,49
360850169012000,28
360850169012004,240
360850169012023,0
360850169011012,15
360850169012024,29
360850170051001,80
360850170051002,76
360850170051003,87
360850170051005,0
360850170051006,98
360850170051008,86
360850170051009,80
360850170051010,0
360850170051012,0
360850170051013,0
360850170051015,75
360850170051016,119
360850170051018,96
360850170051019,65
360850170051020,77
360850170051022,90
360850170051023,95
360850170051025,16
360850170051026,122
360850170051028,107
360850170051029,76
360850170051030,33
360850170051031,156
360850170051032,69
360850170051033,70
360850170051034,44
360850170051035,100
360850170051036,64
360850170051037,36
360850170051038,77
360850170051039,40
360850170051040,48
360850170051041,49
360850170051042,39
360850170052000,121
360850170052001,99
360850170052002,157
360850170052003,81
360850170052006,49
360850170052008,97
360850170052009,181
360850170052010,135
360850170052012,71
360850170052013,80
360850170052015,8
360850170052016,63
360850170052017,85
360850170052019,67
360850170052020,32
360850170052022,34
360850170052023,124
360850170051000,0
360850170051004,151
360850170051007,129
360850170051011,0
360850170051014,0
360850170051017,37
360850170051021,73
360850170051024,13
360850170051027,88
360850170052004,68
360850170052007,21
360850170052011,172
360850170052014,64
360850170052018,129
360850170052021,27
360850170052024,21
360850170052005,98
360850170071000,1259
360850170071001,105
360850170071002,52
360850170071004,110
360850170071005,74
360850170071007,104
360850170071008,130
360850170072000,157
360850170072001,168
360850170072002,890
360850170072003,201
360850170072004,147
360850170072005,115
360850170072006,109
360850170073000,732
360850170073001,418
360850170073002,426
360850170071003,145
360850170071006,88
360850170071009,96
360850170091010,44
360850170091011,38
360850170091013,121
360850170091014,106
360850170092000,78
360850170092002,97
360850170092005,98
360850170092006,80
360850170092008,76
360850170092009,96
360850170092010,101
360850170092012,116
360850170092013,111
360850170092015,0
360850170092016,0
360850170092018,0
360850170092019,71
360850170092020,106
360850170092022,8
360850170093000,81
360850170093002,99
360850170093003,97
360850170093004,80
360850170093006,99
360850170093007,82
360850170093008,0
360850170093009,0
360850170093010,0
360850170093011,0
360850170093012,27
360850170093013,515
360850170093014,179
360850170093015,48
360850170093016,38
360850170093017,61
360850170093018,0
360850170091000,64
360850170091001,44
360850170091002,38
360850170091003,96
360850170091004,72
360850170091005,91
360850170091006,108
360850170091007,112
360850170091009,87
360850170091012,75
360850170092001,100
360850170092004,87
360850170092007,110
360850170092011,91
360850170092014,57
360850170092017,0
360850170092021,110
360850170093001,86
360850170093005,122
360850170091008,62
360850170092003,108
360850170111000,115
360850170111001,105
360850170111002,154
360850170111003,202
360850170111004,81
360850170111007,83
360850170111009,113
360850170111010,137
360850170111011,117
360850170111013,110
360850170111014,91
360850170111016,178
360850170111017,167
360850170111018,120
360850170111020,44
360850170112000,98
360850170112002,73
360850170112003,98
360850170112005,54
360850170112006,194
360850170112007,98
360850170112009,109
360850170112010,126
360850170112012,196
360850170112013,96
360850170112015,54
360850170112016,57
360850170112017,31
360850170112018,29
360850170111005,148
360850170111008,151
360850170111012,80
360850170111015,133
360850170111019,96
360850170112001,52
360850170112004,328
360850170112008,102
360850170112011,197
360850170112014,64
360850170111006,106
360850170121000,0
360850170121001,148
360850170121002,95
360850170121003,61
360850170121004,78
360850170121005,171
360850170121006,0
360850170121007,0
360850170121008,72
360850170121009,280
360850170121010,74
360850170121011,80
360850170121012,78
360850170121013,83
360850170121014,166
360850170121017,41
360850170122001,81
360850170122002,101
360850170122003,146
360850170122005,108
360850170122006,103
360850170122008,124
360850170122009,83
360850170122010,89
360850170122012,0
360850170122013,69
360850170122015,84
360850170122016,90
360850170122018,99
360850170122019,82
360850170123000,0
360850170123002,0
360850170123003,120
360850170123005,23
360850170123006,119
360850170123008,0
360850170123009,206
360850170123010,63
360850170123011,83
360850170123012,250
360850170121015,83
360850170122000,92
360850170122004,74
360850170122007,84
360850170122011,104
360850170122014,84
360850170122017,139
360850170123001,0
360850170123004,158
360850170123007,0
360850170121016,105
360850170132003,261
360850170132004,316
360850170131000,1032
360850170131001,54
360850170131002,95
360850170131003,155
360850170131004,38
360850170131005,108
360850170131006,204
360850170131007,146
360850170131008,43
360850170131009,62
360850170131010,98
360850170131011,0
360850170131012,91
360850170132001,175
360850170132002,179
360850170132000,1276
360850170141000,1219
360850170141001,156
360850170141002,180
360850170141005,238
360850170141007,132
360850170141008,113
360850170142000,101
360850170142002,87
360850170142003,112
360850170142005,94
360850170142006,184
360850170142007,72
360850170142009,79
360850170142010,33
360850170142012,103
360850170142013,94
360850170142015,105
360850170142016,101
360850170141003,141
360850170141006,306
360850170142001,182
360850170142004,124
360850170142008,103
360850170142011,17
360850170142014,53
360850170141004,198
360850170151000,171
360850170151002,146
360850170151003,96
360850170151005,111
360850170151006,188
360850170151008,110
360850170151009,78
360850170151010,49
360850170151011,0
360850170151012,0
360850170151013,0
360850170151014,0
360850170151015,0
360850170151016,62
360850170151017,51
360850170151018,45
360850170151019,48
360850170151020,121
360850170151021,130
360850170151022,94
360850170151023,17
360850170151024,117
360850170151025,116
360850170151026,84
360850170151029,76
360850170151001,187
360850170151004,225
360850170151007,152
360850170151027,88
360850170151030,65
360850170151028,86
360850170161000,136
360850170161001,45
360850170161002,112
360850170161004,355
360850170161005,88
360850170161007,111
360850170161008,97
360850170161009,35
360850170161011,119
360850170161012,117
360850170161014,87
360850170161015,83
360850170161017,0
360850170161018,197
360850170161019,111
360850170162001,163
360850170162002,714
360850170162004,97
360850170162005,113
360850170162007,176
360850170162008,157
360850170162009,105
360850170162010,0
360850170162011,127
360850170162012,174
360850170162013,0
360850170161003,106
360850170161006,387
360850170161010,124
360850170161013,89
360850170161016,86
360850170162000,90
360850170162003,118
360850170162006,118
360850173001000,70
360850173001001,70
360850173001002,118
360850173001003,76
360850173001004,111
360850173001005,68
360850173001006,89
360850173001007,52
360850173001008,68
360850173001009,56
360850173001010,48
360850173001011,112
360850173001013,0
360850173001014,83
360850173001016,64
360850173001017,117
360850173001018,56
360850173001020,90
360850173002000,1049
360850173001012,30
360850173001015,62
360850173001019,46
360850176002018,45
360850176003000,57
360850176003001,34
360850176003002,105
360850176003003,28
360850176003004,22
360850176003006,104
360850176003007,312
360850176003009,82
360850176003010,28
360850176003011,14
360850176003013,24
360850176003014,0
360850176003016,0
360850176003017,1
360850176003019,64
360850176003020,47
360850176003021,45
360850176003023,21
360850176003024,16
360850176003026,58
360850176004000,51
360850176004002,15
360850176004003,65
360850176004005,69
360850176004006,47
360850176004007,17
360850176004009,34
360850176004010,54
360850176004012,74
360850176004013,102
360850176004014,0
360850176004015,35
360850176004016,25
360850176004017,29
360850176004018,95
360850176004019,40
360850176004020,37
360850176004021,39
360850176004022,31
360850176001000,514
360850176001001,22
360850176001003,262
360850176001004,0
360850176001005,53
360850176001007,55
360850176001008,60
360850176001010,20
360850176001011,65
360850176001013,53
360850176001014,24
360850176001016,31
360850176001017,64
360850176001018,43
360850176002000,30
360850176002001,29
360850176002003,27
360850176002004,31
360850176002005,43
360850176002006,47
360850176002007,22
360850176002008,66
360850176002009,27
360850176002010,21
360850176002011,44
360850176002012,107
360850176002013,97
360850176002014,60
360850176002015,64
360850176002016,84
360850176002017,66
360850176003005,13
360850176003008,50
360850176003012,16
360850176003015,53
360850176003018,79
360850176003022,27
360850176003025,57
360850176004001,50
360850176004004,57
360850176004008,60
360850176004011,97
360850176000001,0
360850176001002,40
360850176001006,91
360850176001009,57
360850176001012,24
360850176001015,17
360850176001019,14
360850176002002,33
360850177011000,0
360850177011001,0
360850177011002,516
360850177011003,40
360850177011005,34
360850177011006,30
360850177011008,20
360850177011009,24
360850177011010,35
360850177011012,128
360850177011013,23
360850177011015,121
360850177012002,63
360850177012003,60
360850177012004,61
360850177012006,46
360850177012007,52
360850177012009,7
360850177012010,23
360850177012011,62
360850177012013,41
360850177012014,54
360850177012016,59
360850177012017,38
360850177013001,50
360850177013002,64
360850177013003,31
360850177013005,68
360850177013006,15
360850177013007,17
360850177013008,13
360850177013009,72
360850177013010,131
360850177013011,67
360850177013012,151
360850177014000,125
360850177014001,763
360850177014002,41
360850177014003,81
360850177014004,18
360850177014005,33
360850177014006,42
360850177014007,77
360850177014008,44
360850177014009,36
360850177014012,162
360850177014014,30
360850177011004,23
360850177011007,62
360850177011011,0
360850177011014,35
360850177012001,283
360850177012005,58
360850177012008,21
360850177012012,218
360850177012015,20
360850177013000,49
360850177013004,35
360850177014010,35
360850177014013,153
360850177012000,0
360850177014011,64
360850177021000,57
360850177021001,45
360850177021003,27
360850177021004,112
360850177021006,55
360850177021007,25
360850177021008,77
360850177021010,114
360850177021011,84
360850177021013,52
360850177021014,181
360850177021016,12
360850177021017,24
360850177022000,208
360850177022002,132
360850177022003,47
360850177022005,88
360850177022006,56
360850177022008,67
360850177022009,57
360850177022010,90
360850177022011,61
360850177022012,61
360850177022013,44
360850177022014,17
360850177021002,41
360850177021005,77
360850177021009,182
360850177021012,37
360850177021015,37
360850177022001,98
360850177022004,56
360850177022007,32
360850181002005,36
360850181002006,35
360850181002007,69
360850181002008,48
360850181002009,32
360850181002010,19
360850181002011,24
360850181002012,4
360850181002014,161
360850181002015,29
360850181002016,57
360850181002018,60
360850181002019,82
360850181002021,70
360850181002022,91
360850181003000,12
360850181003001,74
360850181003002,133
360850181003004,30
360850181003005,45
360850181003007,225
360850181003008,10
360850181003010,32
360850181003011,29
360850181003013,64
360850181003014,26
360850181003015,52
360850181003017,22
360850181001000,466
360850181001001,0
360850181001002,370
360850181002000,445
360850181002001,43
360850181002002,7
360850181002003,37
360850181002004,25
360850181003003,43
360850181003006,66
360850181003009,0
360850181003012,17
360850181003016,60
360850181002013,164
360850181002017,52
360850181002020,156
360850181002023,47
360850187011000,114
360850187011003,149
360850187011005,96
360850187011006,72
360850187011007,106
360850187011008,0
360850187011009,0
360850187012000,60
360850187012001,109
360850187012002,250
360850187012003,107
360850187012004,48
360850187012005,48
360850187012006,85
360850187012007,0
360850187012008,0
360850187012009,94
360850187012010,88
360850187012011,84
360850187011001,95
360850187011004,96
360850187011002,135
360850187031000,0
360850187031003,0
360850187031005,85
360850187031006,106
360850187031007,122
360850187031009,160
360850187031010,377
360850187031012,165
360850187031013,98
360850187031014,31
360850187031016,100
360850187032000,105
360850187032002,102
360850187032003,113
360850187032005,79
360850187032006,115
360850187032007,128
360850187032009,55
360850187032010,88
360850187032012,147
360850187032013,118
360850187032015,120
360850187032016,138
360850187032017,158
360850187032018,84
360850187032019,115
360850187032020,90
360850187032021,100
360850187031001,0
360850187031004,174
360850187031008,133
360850187031011,39
360850187031015,161
360850187032001,0
360850187032004,91
360850187032008,62
360850187032011,109
360850187032014,108
360850187031002,0
360850187041000,0
360850187041001,0
360850187041002,527
360850187041003,191
360850187041004,149
360850187041005,180
360850187041006,107
360850187041007,77
360850187041008,121
360850187041009,96
360850187041010,85
360850187041011,88
360850187041014,97
360850187042000,93
360850187042001,111
360850187042002,86
360850187042004,104
360850187042005,62
360850187042007,66
360850187042008,80
360850187042009,124
360850187042011,70
360850187042012,126
360850187042014,133
360850187042015,195
360850187042017,84
360850187041012,67
360850187041015,129
360850187042003,80
360850187042006,86
360850187042010,128
360850187042013,66
360850187042016,76
360850187041013,96
360850189011022,0
360850189011024,0
360850189011025,61
360850189011027,84
360850189011028,0
360850189011030,78
360850189011031,25
360850189012000,98
360850189012002,97
360850189012003,93
360850189012005,178
360850189012006,109
360850189012008,89
360850189012009,88
360850189012010,87
360850189012012,102
360850189012013,0
360850189012014,104
360850189012015,107
360850189012016,66
360850189012017,109
360850189012018,0
360850189012019,0
360850189013000,117
360850189013001,61
360850189013002,211
360850189013003,100
360850189013004,112
360850189013005,36
360850189013006,40
360850189013007,108
360850189013010,63
360850189013012,80
360850189013013,52
360850189013014,78
360850189013016,202
360850189013017,63
360850189013019,0
360850189011021,19
360850189011000,30
360850189011001,137
360850189011003,117
360850189011004,165
360850189011006,87
360850189011007,95
360850189011009,64
360850189011010,76
360850189011011,55
360850189011012,52
360850189011013,47
360850189011014,58
360850189011015,205
360850189011016,93
360850189011017,207
360850189011018,18
360850189011019,10
360850189011020,80
360850189011002,160
360850189011005,110
360850189011008,93
360850189011023,9
360850189011026,109
360850189011029,0
360850189012001,111
360850189012004,91
360850189012007,86
360850189012011,102
360850189013008,91
360850189013011,105
360850189013015,50
360850189013018,60
360850189013009,35
360850189021000,0
360850189021001,0
360850189021003,139
360850189021004,321
360850189021006,149
360850189021007,219
360850189021009,119
360850189021010,41
360850189021011,467
360850189021013,196
360850189022000,159
360850189022002,76
360850189022003,0
360850189022005,0
360850189022006,0
360850189022007,124
360850189022008,119
360850189022009,127
360850189022010,107
360850189022011,45
360850189022012,168
360850189022013,70
360850189022014,152
360850189022015,82
360850189022016,194
360850189022017,84
360850189022018,317
360850189022019,161
360850189022020,139
360850189023000,0
360850189023001,0
360850189023003,76
360850189023004,159
360850189023006,137
360850189023007,117
360850189023008,144
360850189023010,124
360850189023011,197
360850189021002,52
360850189021005,212
360850189021008,108
360850189021012,24
360850189022001,110
360850189022004,0
360850189023002,160
360850189023005,0
360850189023009,138
360850197001001,50
360850197001002,50
360850197001004,38
360850197001005,44
360850197001006,36
360850197001008,41
360850197001009,29
360850197001011,51
360850197001014,46
360850197001015,88
360850197001016,60
360850197001018,33
360850197001019,71
360850197001021,27
360850197002000,54
360850197002002,23
360850197002003,45
360850197002004,27
360850197002005,34
360850197002006,23
360850197002007,55
360850197002008,56
360850197002009,64
360850197002010,46
360850197002011,308
360850197002012,46
360850197002013,45
360850197002014,43
360850197002015,57
360850197002016,53
360850197001000,58
360850197001003,55
360850197001007,26
360850197001010,28
360850197001013,32
360850197001017,25
360850197001020,23
360850197002001,45
360850197001012,23
360850198003014,56
360850198003015,0
360850198003016,30
360850198003017,0
360850198003018,7
360850198003019,0
360850198003020,222
360850198003021,334
360850198003022,160
360850198003023,94
360850198003024,43
360850198003025,55
360850198004001,45
360850198004002,12
360850198004003,80
360850198004005,0
360850198004006,0
360850198004008,79
360850198004009,55
360850198004011,0
360850198004012,64
360850198004014,45
360850198004015,16
360850198004016,56
360850198004018,77
360850198004019,72
360850198004021,56
360850198004022,69
360850198004024,24
360850198004025,29
360850198004026,43
360850198004028,29
360850198004029,13
360850198004031,27
360850198004032,45
360850198004034,40
360850198004035,19
360850198004036,0
360850198004037,110
360850198004038,75
360850198004039,100
360850198004040,67
360850198004041,0
360850198004042,80
360850198000001,0
360850198001001,142
360850198001002,260
360850198001003,0
360850198001005,315
360850198001006,99
360850198001008,36
360850198001009,86
360850198001011,7
360850198001012,12
360850198001013,53
360850198002000,80
360850198002001,64
360850198002003,109
360850198002004,103
360850198002006,83
360850198002007,76
360850198002008,93
360850198002010,27
360850198002011,108
360850198003000,166
360850198003001,1
360850198003003,50
360850198003004,81
360850198003006,43
360850198003007,63
360850198003008,85
360850198003010,0
360850198003011,0
360850198003012,12
360850198003013,15
360850198002002,17
360850198002005,149
360850198002009,202
360850198002012,81
360850198003002,61
360850198003005,379
360850198003009,52
360850198004000,55
360850198004004,23
360850198004007,266
360850198004010,56
360850198004013,30
360850198004017,50
360850198004020,52
360850198004023,55
360850198004027,48
360850198004030,0
360850198004033,72
360850198001000,85
360850198001004,115
360850198001007,39
360850198001010,16
360850198001014,27
360850201001000,196
360850201001001,78
360850201001002,250
360850201001003,92
360850201001004,132
360850201001005,130
360850201001006,55
360850201001007,113
360850201001009,58
360850201001010,195
360850201001011,83
360850201002000,382
360850201002001,33
360850201002003,44
360850201002004,28
360850201002006,130
360850201002007,77
360850201002009,0
360850201002010,88
360850201002011,39
360850201003001,64
360850201003002,99
360850201003004,70
360850201003005,46
360850201003007,23
360850201003008,38
360850201003009,62
360850201003011,0
360850201003012,72
360850201003014,56
360850201003015,25
360850201001008,264
360850201001012,168
360850201002002,46
360850201002005,92
360850201002008,52
360850201003000,158
360850201003003,54
360850201003006,37
360850201003010,69
360850201003013,34
360850201003016,64
360850207010001,0
360850207011000,14
360850207011001,0
360850207011002,115
360850207011003,235
360850207011004,0
360850207011005,229
360850207011006,123
360850207011007,116
360850207011008,135
360850207011009,59
360850207011010,207
360850207011011,170
360850207011012,160
360850207011013,0
360850207011014,85
360850207012000,172
360850207012001,86
360850207012002,187
360850207012004,135
360850207012005,110
360850207013001,130
360850207013002,155
360850207013004,209
360850207013005,234
360850207011015,239
360850207012003,358
360850207013000,205
360850207013003,74
360850207020001,0
360850207021001,0
360850207021002,61
360850207021004,59
360850207021005,172
360850207021007,0
360850207021008,79
360850207021010,9
360850207021011,70
360850207021012,83
360850207021014,77
360850207022000,43
360850207022002,53
360850207022003,272
360850207022005,74
360850207022006,168
360850207023000,210
360850207023002,173
360850207023003,96
360850207023005,126
360850207023006,127
360850207023008,189
360850207023009,196
360850207023010,99
360850207021000,25
360850207021003,67
360850207021006,69
360850207021009,53
360850207021013,79
360850207022001,197
360850207022004,81
360850207023001,220
360850207023004,113
360850207023007,96
360850208031001,131
360850208031002,310
360850208031004,47
360850208031005,128
360850208031006,101
360850208031007,0
360850208031008,0
360850208031009,140
360850208031010,185
360850208032000,0
360850208032001,41
360850208032002,26
360850208032003,80
360850208032004,65
360850208032005,0
360850208032006,19
360850208032007,252
360850208032008,85
360850208032011,70
360850208032013,265
360850208032014,89
360850208032015,111
360850208032017,39
360850208032018,98
360850208032020,32
360850208032021,104
360850208032022,41
360850208032024,73
360850208033000,65
360850208033002,37
360850208033003,107
360850208033005,95
360850208033006,102
360850208033007,113
360850208033009,209
360850208033010,160
360850208033012,120
360850208034000,139
360850208034002,286
360850208034003,132
360850208034004,66
360850208034005,0
360850208034006,150
360850208034007,78
360850208034008,107
360850208034009,91
360850208034010,96
360850208034011,93
360850208034012,36
360850208034013,0
360850208034014,0
360850208031000,465
360850208031003,958
360850208032009,36
360850208032012,134
360850208032016,317
360850208032019,11
360850208032023,124
360850208033001,32
360850208033004,93
360850208033008,156
360850208033011,83
360850208034001,83
360850208032010,42
360850208043003,108
360850208043005,35
360850208043006,144
360850208043007,71
360850208043009,78
360850208043010,122
360850208043012,83
360850208043013,57
360850208043015,54
360850208043016,38
360850208043017,90
360850208041000,38
360850208041001,101
360850208041002,13
360850208041003,101
360850208041004,95
360850208041005,108
360850208041008,114
360850208041010,133
360850208041011,131
360850208041012,124
360850208041014,122
360850208041015,76
360850208041017,54
360850208041018,61
360850208041019,81
360850208041021,54
360850208041022,64
360850208041024,79
360850208041025,0
360850208042000,72
360850208042001,59
360850208042002,84
360850208042004,55
360850208042005,23
360850208042007,59
360850208042008,96
360850208042010,90
360850208042011,68
360850208042012,42
360850208042013,66
360850208042014,79
360850208042015,46
360850208042016,70
360850208042017,62
360850208042018,76
360850208042019,90
360850208042020,74
360850208042021,78
360850208042022,96
360850208042023,81
360850208042024,81
360850208042025,47
360850208042026,0
360850208042027,0
360850208043001,0
360850208043002,17
360850208043004,138
360850208043008,87
360850208043011,8
360850208043014,60
360850208041006,151
360850208041009,101
360850208041013,106
360850208041016,113
360850208041020,50
360850208041023,113
360850208041026,16
360850208042003,99
360850208042006,52
360850208042009,92
360850208043000,0
360850208041007,138
360850208051001,14
360850208051002,0
360850208051004,0
360850208051005,0
360850208051006,0
360850208051008,0
360850208051009,62
360850208051011,234
360850208051012,13
360850208051013,0
360850208051014,460
360850208051015,23
360850208051016,411
360850208051017,243
360850208052000,46
360850208052001,375
360850208052002,59
360850208052003,52
360850208052004,48
360850208052005,66
360850208052006,58
360850208052007,26
360850208052008,29
360850208052011,76
360850208052013,201
360850208052014,76
360850208052015,455
360850208052017,36
360850208053000,466
360850208053002,177
360850208053003,183
360850208053004,124
360850208053006,121
360850208053007,155
360850208053009,202
360850208053010,52
360850208051000,0
360850208051003,23
360850208051007,153
360850208051010,124
360850208052009,212
360850208052012,213
360850208052016,59
360850208053001,234
360850208053005,82
360850208053008,56
360850208053011,65
360850208052010,669
360850208061000,72
360850208061001,113
360850208061002,76
360850208061004,110
360850208061005,17
360850208061007,61
360850208061008,29
360850208061010,77
360850208061011,113
360850208061012,184
360850208061013,246
360850208061014,85
360850208061015,69
360850208061016,70
360850208062000,0
360850208062001,17
360850208062002,0
360850208062003,201
360850208062004,118
360850208062005,95
360850208062006,71
360850208062007,21
360850208062008,68
360850208062009,119
360850208062010,66
360850208062012,20
360850208062013,36
360850208062015,56
360850208062016,70
360850208061003,88
360850208061006,68
360850208061009,109
360850208062011,79
360850208062014,90
360850213001000,105
360850213001002,165
360850213001003,106
360850213001005,99
360850213001006,205
360850213001008,175
360850213002000,47
360850213002001,196
360850213002003,93
360850213002004,217
360850213002006,67
360850213002007,28
360850213003001,152
360850213003002,96
360850213003005,301
360850213003006,324
360850213004000,120
360850213004001,246
360850213004003,224
360850213004004,146
360850213004005,116
360850213004006,126
360850213005000,302
360850213005001,15
360850213005002,196
360850213005003,0
360850213005004,38
360850213005005,122
360850213005006,0
360850213005007,54
360850213005008,145
360850213001001,194
360850213001004,148
360850213001007,29
360850213002002,200
360850213002005,102
360850213003000,117
360850213003004,138
360850213003007,178
360850213004002,292
360850213003003,113
360850223002004,268
360850223002005,84
360850223002007,205
360850223002008,0
360850223002010,246
360850223002011,50
360850223003000,0
360850223000001,0
360850223001000,30
360850223001001,242
360850223001003,77
360850223001004,315
360850223001006,116
360850223001007,253
360850223001008,109
360850223001010,104
360850223002000,0
360850223002002,67
360850223002003,48
360850223002006,0
360850223002009,69
360850223002012,235
360850223001002,124
360850223001005,0
360850223001009,325
360850223002001,167
360850226011000,0
360850226011001,552
360850226011002,257
360850226011003,147
360850226011004,50
360850226011005,148
360850226011006,50
360850226011007,238
360850226011008,63
360850226011009,0
360850226011010,0
360850226011011,383
360850226011012,97
360850226011013,83
360850226011014,414
360850226011015,39
360850226012001,98
360850226012003,118
360850226012004,153
360850226012005,98
360850226012007,91
360850226012008,0
360850226012010,27
360850226013000,295
360850226013001,43
360850226013003,323
360850226013004,83
360850226013006,0
360850226013007,0
360850226013009,128
360850226013010,255
360850226013011,50
360850226014001,0
360850226014002,0
360850226014004,120
360850226014005,123
360850226014007,48
360850226014008,95
360850226014009,35
360850226014010,276
360850226014011,140
360850226014012,52
360850226014013,61
360850226014014,25
360850226014015,78
360850226011016,76
360850226012002,101
360850226012006,62
360850226012009,0
360850226013002,0
360850226013005,62
360850226013008,0
360850226014000,226
360850226014003,82
360850226014006,126
360850226012000,874
360850226021005,0
360850226021006,8
360850226021007,169
360850226021009,11
360850226022000,6
360850226022002,0
360850226022003,46
360850226022005,186
360850226022006,55
360850226022007,103
360850226022009,90
360850226022010,23
360850226022013,25
360850226022015,0
360850226022016,0
360850226022017,11
360850226022019,31
360850226022020,8
360850226023001,7
360850226023002,4
360850226020001,0
360850226021000,0
360850226021001,131
360850226021002,87
360850226021003,0
360850226021004,13
360850226021008,91
360850226022001,11
360850226022004,41
360850226022008,55
360850226022011,0
360850226022014,0
360850226022018,0
360850226023000,7
360850226023003,4
360850226022012,0
360850228010001,0
360850228011000,5
360850228011001,0
360850228011003,0
360850228011004,0
360850228011005,0
360850228011006,0
360850228011007,90
360850228011008,0
360850228012000,0
360850228012001,0
360850228012002,0
360850228012003,0
360850228012004,0
360850228011002,0
360850228021000,2
360850228021001,6
360850228021002,0
360850228021003,0
360850228021004,0
360850228021006,0
360850228021007,0
360850228021009,0
360850228021010,0
360850228021011,0
360850228021014,0
360850228021016,0
360850228021017,0
360850228021019,0
360850228021020,0
360850228021021,0
360850228021023,0
360850228021024,0
360850228021005,0
360850228021008,0
360850228021012,0
360850228021015,0
360850228021018,0
360850228021022,7
360850228021013,0
360850231001010,96
360850231001011,103
360850231001013,92
360850231002000,314
360850231002001,95
360850231002003,262
360850231003000,14
360850231003002,202
360850231003003,174
360850231003005,416
360850231003006,279
360850231001001,137
360850231001002,26
360850231001003,219
360850231001005,250
360850231001006,245
360850231001008,105
360850231001009,93
360850231001012,167
360850231002002,596
360850231003001,0
360850231003004,721
360850231001000,88
360850231001004,175
360850231001007,90
360850239001000,197
360850239001002,24
360850239001003,169
360850239001005,125
360850239001006,97
360850239001008,110
360850239001009,149
360850239001010,167
360850239001011,221
360850239002000,0
360850239002001,36
360850239002002,111
360850239002003,229
360850239002004,137
360850239002005,124
360850239002006,76
360850239002007,64
360850239002008,202
360850239002009,72
360850239002010,60
360850239002011,67
360850239002013,71
360850239002014,57
360850239002016,0
360850239001001,60
360850239001004,263
360850239001007,408
360850239002012,129
360850239002015,180
360850244010001,0
360850244011001,111
360850244011002,71
360850244011003,87
360850244011005,90
360850244011006,107
360850244011008,92
360850244011009,417
360850244011011,21
360850244011012,32
360850244011013,86
360850244011015,41
360850244011016,90
360850244011018,30
360850244011021,46
360850244012000,202
360850244012001,498
360850244012003,138
360850244012004,40
360850244012006,30
360850244012007,296
360850244012008,23
360850244012009,0
360850244012010,58
360850244012013,129
360850244013001,102
360850244013002,0
360850244013003,260
360850244013005,114
360850244013006,96
360850244013008,205
360850244013009,38
360850244013010,74
360850244013012,119
360850244013013,40
360850244011000,166
360850244011004,158
360850244011007,91
360850244011010,40
360850244011014,75
360850244011017,53
360850244011020,82
360850244012002,44
360850244012005,437
360850244012011,75
360850244013000,237
360850244013004,34
360850244013007,129
360850244013011,32
360850244013014,40
360850244012012,124
360850244011019,87
360850244020001,0
360850244020002,0
360850244021000,115
360850244021001,35
360850244021002,30
360850244021004,22
360850244021005,110
360850244021007,172
360850244021008,67
360850244021010,142
360850244021011,113
360850244021012,106
360850244021013,151
360850244021014,134
360850244021015,153
360850244021016,97
360850244021017,66
360850244021018,34
360850244021019,27
360850244021020,69
360850244021021,159
360850244021022,48
360850244021023,54
360850244021024,39
360850244021025,58
360850244022000,92
360850244022002,111
360850244022003,115
360850244022004,142
360850244022006,93
360850244022007,133
360850244022009,102
360850244022010,187
360850244022013,150
360850244022014,139
360850244020003,0
360850244021003,85
360850244021006,74
360850244021009,72
360850244022001,173
360850244022005,130
360850244022008,117
360850244022011,142
360850244022015,121
360850244022012,202
360850247002004,191
360850247002005,110
360850247002006,311
360850247002007,0
360850247002008,122
360850247002009,116
360850247001000,356
360850247001001,316
360850247001003,0
360850247001004,68
360850247001006,110
360850247001007,0
360850247001008,236
360850247002001,302
360850247002002,114
360850247001002,200
360850247001005,130
360850247002000,89
360850247002003,122
360850248000001,0
360850248001000,127
360850248001002,29
360850248001003,194
360850248001004,118
360850248001006,202
360850248001007,116
360850248001009,80
360850248001010,69
360850248001012,90
360850248001013,95
360850248002000,162
360850248002001,43
360850248002002,128
360850248002004,97
360850248002005,123
360850248002007,80
360850248002008,104
360850248002010,89
360850248002011,169
360850248002012,115
360850248003001,0
360850248003002,19
360850248003004,27
360850248003005,101
360850248003007,49
360850248003008,114
360850248003009,88
360850248003010,20
360850248003011,0
360850248003012,0
360850248003013,0
360850248003014,0
360850248003015,67
360850248003016,0
360850248003017,176
360850248003018,111
360850248003019,143
360850248003020,96
360850248003021,47
360850248003022,157
360850248003024,94
360850248003025,110
360850248001001,75
360850248001005,26
360850248001008,139
360850248001011,83
360850248001014,108
360850248002003,205
360850248002006,153
360850248002009,120
360850248003000,20
360850248003003,73
360850248003006,41
360850248003023,106
360850251001012,22
360850251001013,54
360850251001014,73
360850251001015,57
360850251001016,43
360850251001017,51
360850251001018,48
360850251001019,54
360850251001020,45
360850251001021,29
360850251001022,26
360850251001023,13
360850251001024,14
360850251001025,42
360850251001026,45
360850251001027,29
360850251001028,38
360850251001029,55
360850251001031,22
360850251001032,38
360850251002000,52
360850251002002,47
360850251002003,106
360850251002005,0
360850251002006,82
360850251002008,49
360850251002009,89
360850251002011,86
360850251002012,157
360850251002013,68
360850251002015,50
360850251002016,93
360850251002018,62
360850251002019,47
360850251002021,49
360850251002022,36
360850251003000,151
360850251003002,179
360850251003003,153
360850251003005,88
360850251003006,0
360850251003008,93
360850251003009,74
360850251003010,145
360850251003011,110
360850251003012,60
360850251003013,107
360850251003014,57
360850251003015,0
360850251001001,38
360850251001002,29
360850251001003,51
360850251001005,0
360850251001006,403
360850251001008,231
360850251001009,126
360850251001011,79
360850251001030,34
360850251002001,39
360850251002004,78
360850251002007,62
360850251002010,42
360850251002014,59
360850251002017,54
360850251002020,34
360850251003001,161
360850251003004,118
360850251003007,872
360850251001000,145
360850251001004,82
360850251001007,118
360850251001010,87
360850273011000,0
360850273012000,8
360850273012001,0
360850273012002,0
360850273012003,0
360850273012004,396
360850273012005,0
360850273012006,0
360850273012007,0
360850273012009,0
360850273012010,0
360850273012011,0
360850273012013,0
360850273012014,0
360850273013000,84
360850273013001,120
360850273013004,111
360850273013006,126
360850273013007,32
360850273013008,402
360850273013010,50
360850273013011,63
360850273013013,239
360850273013014,154
360850273013016,59
360850273013017,206
360850273013018,116
360850273014000,0
360850273014003,174
360850273014004,82
360850273015001,0
360850273015002,147
360850273015003,416
360850273015005,32
360850273015006,160
360850273012008,119
360850273012012,0
360850273012015,0
360850273013003,218
360850273013005,103
360850273013009,75
360850273013012,142
360850273013015,204
360850273013019,45
360850273014002,244
360850273015000,0
360850273015004,138
360850273015007,0
360850273013002,129
360850273014001,217
360850273021000,265
360850273021001,177
360850273021002,79
360850273021003,64
360850273021004,80
360850273021005,102
360850273021006,162
360850273021007,170
360850273021008,115
360850273021009,194
360850273021010,159
360850273021011,116
360850273021012,140
360850273021013,105
360850273021014,111
360850273021015,136
360850273021016,234
360850273021017,129
360850273022001,141
360850273022003,372
360850273022004,115
360850273022005,141
360850273022007,120
360850273022008,55
360850273021018,120
360850273022002,86
360850273022006,146
360850273022009,248
360850273022000,160
360850277021004,350
360850277022000,402
360850277022002,428
360850277022003,63
360850277022005,77
360850277022006,83
360850277022007,65
360850277022009,0
360850277022010,0
360850277022011,0
360850277022012,0
360850277022014,234
360850277022015,0
360850277022017,125
360850277022018,0
360850277023000,146
360850277023001,683
360850277023002,76
360850277023004,66
360850277023005,121
360850277024000,75
360850277024003,102
360850277024004,165
360850277024005,58
360850277024006,626
360850277024007,32
360850277024008,90
360850277021000,39
360850277021001,1148
360850277021002,62
360850277021003,82
360850277022001,0
360850277022004,65
360850277022008,79
360850277022013,0
360850277022016,0
360850277022019,0
360850277023003,45
360850277023006,413
360850277024002,371
360850277024001,108
360850277041000,249
360850277041001,263
360850277041002,240
360850277041003,280
360850277041004,417
360850277041005,145
360850277041006,288
360850277042000,1224
360850277042001,237
360850277042002,207
360850277042003,246
360850277042004,382
360850277042005,271
360850277042006,163
360850277051000,108
360850277051002,321
360850277051003,330
360850277051004,292
360850277051006,192
360850277051007,131
360850277051009,85
360850277051010,91
360850277051011,116
360850277052001,304
360850277052002,232
360850277052004,302
360850277052005,217
360850277053001,290
360850277053002,308
360850277053003,383
360850277053005,243
360850277051001,581
360850277051005,236
360850277051008,119
360850277052000,183
360850277052003,298
360850277053000,290
360850277053004,214
360850277063002,190
360850277061000,170
360850277061002,193
360850277061003,40
360850277061005,338
360850277061006,0
360850277061007,23
360850277061008,0
360850277061009,125
360850277062000,26
360850277062001,293
360850277062002,390
360850277062003,256
360850277062004,55
360850277063000,193
360850277063001,527
360850277061001,200
360850277061004,24
360850279001000,124
360850279001001,0
360850279001002,67
360850279001003,120
360850279001004,45
360850279001005,57
360850279001006,33
360850279001007,68
360850279001008,51
360850279001009,97
360850279001010,23
360850279001011,31
360850279001012,22
360850279001013,88
360850279001014,50
360850279001015,12
360850279001017,0
360850279001018,0
360850279001020,0
360850279001021,0
360850279001023,45
360850279002000,370
360850279002001,19
360850279002003,97
360850279002004,67
360850279002006,0
360850279002007,187
360850279002009,44
360850279002010,35
360850279002011,52
360850279003000,17
360850279003001,0
360850279004001,0
360850279004002,0
360850279001016,93
360850279001019,0
360850279001022,80
360850279002002,26
360850279002005,45
360850279002008,45
360850279002012,0
360850279004000,0
360850279004003,0
360850291021030,0
360850291021031,0
360850291021033,0
360850291021034,0
360850291021035,0
360850291021036,0
360850291021037,0
360850291021038,0
360850291021039,0
360850291021040,0
360850291021041,0
360850291021042,0
360850291021043,0
360850291021044,0
360850291021045,0
360850291021046,0
360850291021047,0
360850291021048,0
360850291021049,0
360850291021050,0
360850291021051,0
360850291021054,0
360850291021056,0
360850291021057,0
360850291021058,91
360850291021060,0
360850291021061,0
360850291021063,143
360850291021064,0
360850291021065,0
360850291021067,171
360850291021068,108
360850291021070,48
360850291022000,905
360850291022002,60
360850291022003,230
360850291022004,80
360850291022006,122
360850291022007,201
360850291022009,114
360850291022010,91
360850291022012,17
360850291022013,70
360850291022014,154
360850291022015,0
360850291022016,0
360850291022017,87
360850291022018,18
360850291022019,0
360850291022020,0
360850291020001,0
360850291020002,0
360850291021000,0
360850291021002,0
360850291021003,0
360850291021005,0
360850291021006,0
360850291021007,0
360850291021008,0
360850291021009,0
360850291021010,0
360850291021011,0
360850291021012,0
360850291021013,0
360850291021014,0
360850291021015,0
360850291021016,0
360850291021017,0
360850291021018,0
360850291021019,31
360850291021020,0
360850291021021,0
360850291021024,0
360850291021026,0
360850291021027,0
360850291021028,17
360850291021001,0
360850291021004,0
360850291021022,0
360850291021025,0
360850291021029,0
360850291021032,0
360850291021052,0
360850291021055,0
360850291021059,0
360850291021062,53
360850291021066,172
360850291021069,110
360850291022001,37
360850291022005,127
360850291022008,137
360850291022011,0
360850291021053,0
360850291021023,0
360850291041000,0
360850291041001,0
360850291041002,228
360850291041003,325
360850291041004,129
360850291041005,283
360850291041006,143
360850291041007,164
360850291041008,144
360850291041009,218
360850291042002,143
360850291042004,183
360850291042005,258
360850291042007,362
360850291042008,151
360850291043000,174
360850291043001,77
360850291043003,48
360850291043004,68
360850291043005,30
360850291043007,417
360850291043008,132
360850291043009,163
360850291043010,105
360850291043011,196
360850291043012,219
360850291043013,38
360850291044000,0
360850291044001,7
360850291044002,38
360850291044003,254
360850291044004,58
360850291044005,149
360850291044006,144
360850291044007,303
360850291044008,165
360850291044009,418
360850291044012,0
360850291042000,309
360850291042003,167
360850291042006,137
360850291042009,160
360850291043002,35
360850291043006,67
360850291044010,212
360850291042001,121
360850291044011,36
360850291051001,374
360850291051002,188
360850291051003,103
360850291051005,91
360850291051006,114
360850291051008,117
360850291051009,24
360850291051010,0
360850291051012,0
360850291052000,221
360850291052002,102
360850291052003,74
360850291052005,435
360850291052006,0
360850291052007,64
360850291053001,119
360850291053002,143
360850291053004,45
360850291053005,279
360850291053007,325
360850291053008,69
360850291051000,179
360850291051004,141
360850291051007,376
360850291051011,63
360850291052001,287
360850291052004,35
360850291053000,125
360850291053003,26
360850291053006,138
360850291062007,84
360850291062008,0
360850291061000,116
360850291061001,99
360850291061002,118
360850291061003,391
360850291061004,107
360850291061005,255
360850291061006,130
360850291061007,131
360850291062000,253
360850291062001,422
360850291062002,266
360850291062003,200
360850291062004,236
360850291062005,179
360850291062006,244
360850291062009,0
360850303011000,192
360850303011001,213
360850303011002,262
360850303011004,244
360850303011005,0
360850303011007,272
360850303011008,162
360850303011010,510
360850303011011,146
360850303011012,179
360850303011014,357
360850303012000,0
360850303012002,263
360850303012003,97
360850303012005,377
360850303012006,85
360850303012007,112
360850303012008,78
360850303012009,69
360850303012010,83
360850303012011,0
360850303012012,0
360850303012013,92
360850303012014,111
360850303012015,98
360850303012016,62
360850303012017,116
360850303012018,345
360850303011003,228
360850303011006,0
360850303011009,109
360850303011013,236
360850303012001,0
360850303012004,32
360850303021000,44
360850303021001,339
360850303021002,190
360850303021003,163
360850303021004,395
360850303021007,247
360850303022000,745
360850303022001,543
360850303022002,218
360850303022004,205
360850303023000,21
360850303023002,99
360850303023003,57
360850303023004,47
360850303023006,146
360850303023007,262
360850303023009,160
360850303023010,105
360850303023012,141
360850303023013,403
360850303023014,49
360850303023016,59
360850303023017,17
360850303023019,208
360850303024000,65
360850303024002,0
360850303021005,138
360850303021008,294
360850303022003,316
360850303023001,118
360850303023005,160
360850303023008,191
360850303023011,159
360850303023015,169
360850303023018,43
360850303024001,19
360850303021006,134
360850319011000,399
360850319011001,921
360850319011002,66
360850319011003,42
360850319011004,715
360850319012001,241
360850319012002,126
360850319012004,70
360850319012005,155
360850319012006,11
360850319012007,85
360850319012008,86
360850319012000,260
360850319012003,85
360850319020001,0
360850319020002,0
360850319021000,0
360850319021001,415
360850319021002,241
360850319021003,236
360850319021004,994
360850319022000,0
360850319022001,224
360850319022002,523
360850319022003,569
360850319022005,120
360850319022006,179
360850319023000,0
360850319023001,217
360850319023003,187
360850319023004,327
360850319023005,189
360850319023007,319
360850319023008,153
360850319022004,44
360850319022007,123
360850319023002,260
360850319023006,180
360850323000002,0
360850323000003,0
360850323001001,496
360850323001002,180
360850323001005,0
360850323001006,0
360850323001008,0
360850323001009,0
360850323001011,0
360850323001012,0
360850323001013,0
360850323001015,281
360850323001016,34
360850323001018,32
360850323001019,0
360850323001020,0
360850323001021,11
360850323001022,33
360850323001023,0
360850323001024,0
360850323001025,0
360850323000001,0
360850323001000,0
360850323001004,7
360850323001007,0
360850323001010,0
360850323001014,79
360850323001017,0
360850323001003,80
360859901000001,0
360859901000002,0
360859901000003,0
360859901000004,0
360859901000005,0
360859901000006,0
360859901000007,0
360859901000008,0
360859901000010,0
360859901000009,0
