Borough,ClosureType,EditDate,GISpropNum,OMPpropID,Red Sign Installed,Status,accessibility,accessibilityLevel,location,name,rules,system,Approx Date Closed,Approx Date Reopened,Community Board,District,Latitude,Longitude,Point
B,Completely Locked,06/22/2020 03:01:03 PM,B385,B385,Yes,,,,,Transmitter,,,03/31/2020,06/21/2020,301,B-01,40.729862213134766,-73.96075439453125,POINT (-73.96075439453125 40.729862213134766)
M,Completely Locked,06/23/2020 09:14:23 AM,M283,M283-01,,,,,,Nelson Rockefeller Park Playground North,,,03/31/2020,06/22/2020,101,M-01,40.71808624267578,-74.01555633544922,POINT (-74.01555633544922 40.71808624267578)
X,Completely Locked,06/22/2020 10:26:30 AM,X291,X291,Yes,,,,E. 181 St. bet. Walton Ave. and Jerome A,Walton Playground,,,03/31/2020,06/21/2020,205,X-05,40.855308532714844,-73.90518188476562,POINT (-73.90518188476562 40.855308532714844)
X,Completely Locked,06/22/2020 10:39:31 AM,X019,X019-01,,,,,,Ewen Playground,,,03/31/2020,06/21/2020,208,X-08,40.88312911987305,-73.90985870361328,POINT (-73.90985870361328 40.88312911987305)
B,Completely Locked,06/22/2020 01:55:05 PM,B169,B169,Yes,,,,,Beach at B 6 St,,,03/31/2020,06/22/2020,313,B-13,40.57489776611328,-73.96096801757812,POINT (-73.96096801757812 40.57489776611328)
Q,Partially Locked,06/22/2020 01:07:06 PM,Q336,Q336,,Active,Yes,Level 3: Accessible Playgrounds with Universally Accessible Swings,"Union Turnpike, Vleigh Pl., 141 St.",Judge Moses Weinstein Playground,Adults Allowed,Q336-CPA-0001,03/31/2020,06/21/2020,408,Q-08,40.71866989135742,-73.82066345214844,POINT (-73.82066345214844 40.71866989135742)
X,Partially Locked,06/22/2020 11:10:04 AM,X122,X122,,Active,No,Not Applicable,Hutchinson River Pkwy. E. bet. Wilkinson Ave. and E. 197 St.,Colucci Playground,Adults Allowed,X122-CPA-0001,03/31/2020,06/21/2020,210,X-10,40.85223388671875,-73.83507537841797,POINT (-73.83507537841797 40.85223388671875)
B,Completely Locked,06/22/2020 04:15:01 PM,B100,B100,,Active,Yes,Level 4: Accessible Playgrounds with Transfer Platforms and Ground Level Play Features,W. 12 St. bet. Bay Pkwy. and Ave. P,Seth Low Playground/ Bealin Square,Adults not allowed in some locations,B100-CPA-0001,03/31/2020,06/20/2020,311,B-11,40.608543395996094,-73.98602294921875,POINT (-73.98602294921875 40.608543395996094)
X,Not Lockable,06/22/2020 10:52:00 AM,X002,X002-05A,,Active,Yes,Level 4: Accessible Playgrounds with Transfer Platforms and Ground Level Play Features,"Waring Ave, Bronx Pk E",Waring Plgd,Adults Allowed,X002-CPA-0003,03/31/2020,06/21/2020,227,X-14,40.860652923583984,-73.87152862548828,POINT (-73.87152862548828 40.860652923583984)
Q,Completely Locked,06/21/2020 04:56:36 PM,Q313,Q313,,Active,Yes,Level 4: Accessible Playgrounds with Transfer Platforms and Ground Level Play Features,Arverne Blvd. bet. Beach 56 St. and Beach 54 St.,Arverne Playground,Adults Allowed,Q313-CPA-0001,03/31/2020,06/21/2020,414,Q-14,40.59288787841797,-73.785400390625,POINT (-73.785400390625 40.59288787841797)
X,Completely Locked,06/22/2020 09:40:13 AM,X348,X348-01,,Active,Yes,Level 2: Accessible Playgrounds with Ramped Play Equipment and Universally Accessible Swings,North Side Of E 157th St & River Ave,River Avenue Parks,Adults not allowed in some locations,X348-CPA-0001,03/31/2020,06/21/2020,204,X-04,40.82579040527344,-73.9267578125,POINT (-73.9267578125 40.82579040527344)
M,Completely Locked,06/22/2020 03:29:53 PM,M071,M071-08,,Active,Yes,Level 3: Accessible Playgrounds with Universally Accessible Swings,W 83 St & Riverside Dr,River Run Plgd,Unknown,M071-CPA-0005,03/31/2020,06/21/2020,107,M-14,40.786949157714844,-73.98223876953125,POINT (-73.98223876953125 40.786949157714844)
B,Completely Locked,06/22/2020 04:20:06 PM,B210I,B210I,,Active,No,Not Applicable,3 Ave. bet. 40 St. and 41 St.,Gonzalo Plasencia Playground,Adults Allowed,B210I-CPA-0001,03/31/2020,06/22/2020,307,B-07,40.652252197265625,-74.00806427001953,POINT (-74.00806427001953 40.652252197265625)
R,Not Lockable,06/22/2020 05:07:27 PM,R031,R031-08,,Active,Yes,Level 4: Accessible Playgrounds with Transfer Platforms and Ground Level Play Features,Between Park Building And Pond,Wolfe's Pond Park,Adults not allowed in some locations,R031-CPA-0001,03/31/2020,06/22/2020,503,R-03,40.516075134277344,-74.19099426269531,POINT (-74.19099426269531 40.516075134277344)
B,Completely Locked,06/22/2020 01:55:05 PM,B106B,B106B,,,,,"Stillwell Ave., Benson Ave., Bay 43 St.",Lafayette Playground,,,03/31/2020,06/22/2020,313,B-13,40.59450912475586,-73.98529052734375,POINT (-73.98529052734375 40.59450912475586)
M,Partially Locked,06/23/2020 09:14:34 AM,M283,M283-02,,Active,Yes,Level 3: Accessible Playgrounds with Universally Accessible Swings,"River Terr, Warren St",Nelson Rockefeller Playground,Unknown,M283-CPA-0001,03/31/2020,06/22/2020,101,M-01,40.71684646606445,-74.01663970947266,POINT (-74.01663970947266 40.71684646606445)
M,Completely Locked,06/22/2020 01:10:27 PM,M047,M047-01,,Active,Yes,Level 4: Accessible Playgrounds with Transfer Platforms and Ground Level Play Features,E 114 St & Pleasant,Thomas Jefferson Park Playground,Adults not allowed in some locations,M047-CPA-0001,03/31/2020,06/21/2020,111,M-11,40.79356384277344,-73.93460845947266,POINT (-73.93460845947266 40.79356384277344)
Q,Partially Locked,06/04/2020 04:16:17 PM,Q066C,Q066C,,,,,Hoyt Ave. bet. 23 St. and  24 St.,Triborough Bridge Playground C,,,03/31/2020,,401,Q-01,40.77397918701172,-73.9222412109375,POINT (-73.9222412109375 40.77397918701172)
X,Completely Locked,06/22/2020 10:17:13 AM,X148E,X148E,,Active,Yes,Level 4: Accessible Playgrounds with Transfer Platforms and Ground Level Play Features,Cross Bronx Exwy Service Rd N bet. Topping Av and Clay Av,Peace Park,Adults Allowed,X148E-CPA-0001,03/31/2020,06/21/2020,205,X-05,40.845191955566406,-73.9050064086914,POINT (-73.9050064086914 40.845191955566406)
M,Completely Locked,06/22/2020 11:44:29 AM,M029,M029-02,,Active,Yes,Level 3: Accessible Playgrounds with Universally Accessible Swings,Broadway & Dyckman St,Anne Loftus Plgd,Unknown,M029-CPA-0002,03/31/2020,06/21/2020,112,M-12,40.86499786376953,-73.9291763305664,POINT (-73.9291763305664 40.86499786376953)
Q,Partially Locked,06/23/2020 11:10:39 AM,Q310,Q310,,Active,Yes,Level 4: Accessible Playgrounds with Transfer Platforms and Ground Level Play Features,"74 Ave., 260 St.",Glen Oaks Oval,Adults not allowed in some locations,Q310-CPA-0001,03/31/2020,06/23/2020,413,Q-13,40.74958038330078,-73.71617126464844,POINT (-73.71617126464844 40.74958038330078)
B,Completely Locked,06/23/2020 10:01:04 AM,B323,B323,,Active,Yes,Level 4: Accessible Playgrounds with Transfer Platforms and Ground Level Play Features,Monroe St. to Madison St. between Marcy Ave. and Tompkins Ave.,Hattie Carthan Playground,Adults Allowed,B323-CPA-0001,03/31/2020,06/22/2020,303,B-03,40.68561935424805,-73.94650268554688,POINT (-73.94650268554688 40.68561935424805)
X,Completely Locked,06/22/2020 10:55:10 AM,X123,X123,,Active,No,Not Applicable,Noble Ave. bet. Bronx River Av and  E 177 St,Noble Playground,Adults Allowed,X123-CPA-0001,03/31/2020,06/21/2020,209,X-09,40.83689498901367,-73.8718490600586,POINT (-73.8718490600586 40.83689498901367)
Q,Completely Locked,06/22/2020 12:57:44 PM,Q021B,Q021B,,Active,Yes,Level 4: Accessible Playgrounds with Transfer Platforms and Ground Level Play Features,McLaughlin Ave. bet. Sutro St. and Francis Lewis Blvd.,McLaughlin Playground,Adults not allowed in some locations,Q021B-CPA-0001,03/31/2020,06/21/2020,408,Q-08,40.72557067871094,-73.76634216308594,POINT (-73.76634216308594 40.72557067871094)
M,Completely Locked,06/22/2020 04:11:41 PM,M249,M249,,Active,Yes,Level 4: Accessible Playgrounds with Transfer Platforms and Ground Level Play Features,"W. 26 St., 8 Ave. To 9 Ave.",Penn South Playground,Adults not allowed in some locations,M249-CPA-0001,03/31/2020,06/21/2020,104,M-04,40.74753952026367,-73.9984130859375,POINT (-73.9984130859375 40.74753952026367)
B,Completely Locked,06/22/2020 01:15:17 PM,B304,B304,,Active,Yes,Level 4: Accessible Playgrounds with Transfer Platforms and Ground Level Play Features,"E. 93 St. to E. 94 St., between Lenox Rd. and Clarkson Ave.",Kennedy King Playground,Adults Allowed,B304-CPA-0001,03/31/2020,06/22/2020,317,B-17,40.65837860107422,-73.92201232910156,POINT (-73.92201232910156 40.65837860107422)
X,Completely Locked,06/22/2020 11:05:07 AM,X170,X170,,Active,Yes,Level 3: Accessible Playgrounds with Universally Accessible Swings,St. Peter's Ave. at Tratman Ave.,The Pearly Gates,Adults Allowed,X170-CPA-0001,03/31/2020,06/21/2020,210,X-10,40.83859634399414,-73.8455581665039,POINT (-73.8455581665039 40.83859634399414)
B,Completely Locked,06/22/2020 03:00:27 PM,B001,B001,,Active,Yes,Level 4: Accessible Playgrounds with Transfer Platforms and Ground Level Play Features,Franklin St. bet. Milton St. and Noble St.,American Playground,Adults Allowed,B001-CPA-0001,03/31/2020,06/21/2020,301,B-01,40.72858428955078,-73.95802307128906,POINT (-73.95802307128906 40.72858428955078)
R,Completely Locked,06/22/2020 02:26:45 PM,R064,R064,,Active,Yes,Level 3: Accessible Playgrounds with Universally Accessible Swings,"Schmidts La., Manor Rd. and Laguardia Ave.",Christopher J. Igneri Playground,Adults Allowed,R064-CPA-0001,03/31/2020,06/22/2020,502,R-02,40.60868453979492,-74.11972045898438,POINT (-74.11972045898438 40.60868453979492)
Q,Completely Locked,06/23/2020 10:55:47 AM,Q099,Q099-15,,Active,Yes,Level 4: Accessible Playgrounds with Transfer Platforms and Ground Level Play Features,Jewel Ave & Van Wyck Exwy,Triassic Playground,Unknown,Q099-CPA-0002,03/31/2020,06/23/2020,481,Q-15,40.72998046875,-73.83509063720703,POINT (-73.83509063720703 40.72998046875)
Q,Completely Locked,06/22/2020 02:46:20 PM,Q357G,Q357G,,Active,Yes,Level 2: Accessible Playgrounds with Ramped Play Equipment and Universally Accessible Swings,"Horace Harding Exwy. Sr. Rd. S., 138 St., 61 Rd.",Turtle Playground,Adults not allowed in some locations,Q357G-CPA-0001,03/31/2020,06/22/2020,407,Q-07,40.74222946166992,-73.82759857177734,POINT (-73.82759857177734 40.74222946166992)
B,Completely Locked,06/22/2020 02:28:32 PM,B131,B131,,Active,Yes,Level 3: Accessible Playgrounds with Universally Accessible Swings,"Arberdeen St., Furman Ave. north of Bushwick Ave.",Rudd Playground,Adults Allowed,B131-CPA-0001,03/31/2020,06/22/2020,304,B-04,40.683353424072266,-73.90523529052734,POINT (-73.90523529052734 40.683353424072266)
M,Completely Locked,06/22/2020 04:36:53 PM,M285,M285,,Active,Yes,Level 4: Accessible Playgrounds with Transfer Platforms and Ground Level Play Features,Lexington Ave. bet. E. 122 St. and 123 St.,Dr. Ronald E. McNair Playground,Adults Allowed,M285-CPA-0001,03/31/2020,06/22/2020,111,M-11,40.80267333984375,-73.93798065185547,POINT (-73.93798065185547 40.80267333984375)
M,Partially Locked,06/22/2020 10:44:52 AM,M056,M056-04,,Active,Yes,Level 4: Accessible Playgrounds with Transfer Platforms and Ground Level Play Features,Morningside Dr & 110 St,Morningside Park,Adults not allowed in some locations,M056-CPA-0004,03/31/2020,06/21/2020,109,M-09,40.80192565917969,-73.95993041992188,POINT (-73.95993041992188 40.80192565917969)
M,Completely Locked,06/22/2020 03:44:19 PM,M138,M138,,Active,Yes,Level 3: Accessible Playgrounds with Universally Accessible Swings,"W. 150 St., W/s 7 Ave.",Bill Bojangles Robinson Playground,Adults Allowed,M138-CPA-0001,03/31/2020,,110,M-10,40.82521057128906,-73.93730926513672,POINT (-73.93730926513672 40.82521057128906)
X,Completely Locked,06/22/2020 11:14:47 AM,X214,X214,,Active,Yes,Level 2: Accessible Playgrounds with Ramped Play Equipment and Universally Accessible Swings,Olinville Ave. at Rosewood St.,Magenta Playground,Adults Allowed,X214-CPA-0001,03/31/2020,06/21/2020,212,X-12,40.873470306396484,-73.86785125732422,POINT (-73.86785125732422 40.873470306396484)
R,Partially Locked,06/19/2020 01:55:06 PM,R038,R038,,,,,,Midland Playground,,,03/31/2020,06/19/2020,502,R-02B,40.568603515625,-74.09114074707031,POINT (-74.09114074707031 40.568603515625)
Q,Completely Locked,06/21/2020 01:09:59 PM,Q022,Q022,,Active,No,Not Applicable,37 Ave. bet. Bowne St. and Parsons Blvd.,Margaret I. Carman Green - Weeping Beech,Adults Allowed,Q022-CPA-0001,03/31/2020,06/21/2020,407,Q-07,40.763675689697266,-73.8245849609375,POINT (-73.8245849609375 40.763675689697266)
Q,Partially Locked,06/22/2020 03:13:41 PM,Q141,Q141,,Active,Yes,Level 4: Accessible Playgrounds with Transfer Platforms and Ground Level Play Features,"45 Ave., 45 Rd. bet. 11 St. and 21 St.",Murray Playground,Adults not allowed in some locations,Q141-CPA-0001,03/31/2020,06/22/2020,402,Q-02,40.747169494628906,-73.9486083984375,POINT (-73.9486083984375 40.747169494628906)
R,Completely Locked,06/22/2020 01:45:20 PM,R033,R033,,Active,No,Not Applicable,Jewett Ave. and Castleton Ave.,Levy Playground,Unknown,R033-CPA-0001,03/31/2020,06/22/2020,501,R-01,40.63397216796875,-74.12895202636719,POINT (-74.12895202636719 40.63397216796875)
X,Completely Locked,06/22/2020 09:30:14 AM,X272,X272,,Active,No,Not Applicable,E. 136 St. bet. Brown Pl. and Willis Ave.,Ranaqua Playground,Adults Allowed,X272-CPA-0001,03/31/2020,06/21/2020,201,X-01,40.80682373046875,-73.92207336425781,POINT (-73.92207336425781 40.80682373046875)
B,Completely Locked,06/22/2020 04:15:01 PM,B164,B164,,Active,Yes,Level 2: Accessible Playgrounds with Ramped Play Equipment and Universally Accessible Swings,Shore Pkwy. bet. Bay 14 St. and Bay 16 St.,Bath Beach Park,Adults not allowed in some locations,B164-CPA-0001,03/31/2020,06/20/2020,311,B-11,40.60282516479492,-74.01134490966797,POINT (-74.01134490966797 40.60282516479492)
R,Completely Locked,06/24/2020 09:07:55 AM,R038A,R038A,,,,,,Midland Field,,,03/31/2020,06/23/2020,502,R-02B,40.57655715942383,-74.09922790527344,POINT (-74.09922790527344 40.57655715942383)
Q,Partially Locked,06/23/2020 12:29:29 PM,Q437,Q437,,Active,Yes,Level 4: Accessible Playgrounds with Transfer Platforms and Ground Level Play Features,Murray St. bet. Barclay Ave. and Sanford Ave.,Murray Hill Playground,Adults Allowed,Q437-CPA-0001,03/31/2020,06/23/2020,407,Q-07,40.76149368286133,-73.81181335449219,POINT (-73.81181335449219 40.76149368286133)
B,Completely Locked,06/22/2020 03:28:45 PM,B282,B282,,Active,Yes,Level 4: Accessible Playgrounds with Transfer Platforms and Ground Level Play Features,"80 St. To 81 St., 11 Ave. To 12 Ave.",Patrick O'Rourke Playground,Adults not allowed in some locations,B282-CPA-0001,03/31/2020,06/22/2020,310,B-10,40.61929702758789,-74.01444244384766,POINT (-74.01444244384766 40.61929702758789)
B,Completely Locked,06/22/2020 01:35:26 PM,B360,B360,,Active,No,Not Applicable,Remsen Ave. and Glenwood Rd.,Remsen Playground,Adults Allowed,B360-CPA-0001,03/31/2020,06/22/2020,318,B-18,40.642032623291016,-73.9075698852539,POINT (-73.9075698852539 40.642032623291016)
X,Completely Locked,06/22/2020 10:22:59 AM,X252,X252,,Active,No,Not Applicable,Washington to Bathgate Av bet. W 181 St and E 183 St,Bathgate Playground,Adults Allowed,X252-CPA-0001,03/31/2020,06/21/2020,206,X-06,40.8521728515625,-73.89439392089844,POINT (-73.89439392089844 40.8521728515625)
M,Completely Locked,06/22/2020 11:12:13 AM,M010,M010-164,,Active,Yes,Level 4: Accessible Playgrounds with Transfer Platforms and Ground Level Play Features,81 St & Central Pk West,Diana Ross Plgd,Unknown,M010-CPA-0009,03/31/2020,06/21/2020,164,M-13,40.78226089477539,-73.97098541259766,POINT (-73.97098541259766 40.78226089477539)
Q,Partially Locked,06/21/2020 04:56:36 PM,Q460,Q460,,Active,Yes,Level 4: Accessible Playgrounds with Transfer Platforms and Ground Level Play Features,"Cross Bay Blvd., Channel Rd. bet. E. 16 Rd. and E. 18 Rd.",Broad Channel Park,Unknown,Q460-CPA-0001,03/31/2020,06/21/2020,414,Q-14,40.600555419921875,-73.82000732421875,POINT (-73.82000732421875 40.600555419921875)
B,Completely Locked,06/22/2020 02:32:19 PM,B016,B016-01,,Active,Yes,Level 3: Accessible Playgrounds with Universally Accessible Swings,Knickerbocker St Entrance,Maria Hernandez Park Playground,Adults not allowed in some locations,B016-CPA-0001,03/31/2020,06/22/2020,304,B-04,40.70277404785156,-73.9242172241211,POINT (-73.9242172241211 40.70277404785156)
X,Completely Locked,06/22/2020 10:42:31 AM,X092,X092-05,,Active,Yes,Level 3: Accessible Playgrounds with Universally Accessible Swings,"VC Park South, Gouverneur Ave",Van Cortlandt Classic Plgd,Adults Allowed,X092-CPA-0001,03/31/2020,06/21/2020,226,X-13,40.88521194458008,-73.89038848876953,POINT (-73.89038848876953 40.88521194458008)
M,Completely Locked,06/22/2020 12:55:27 PM,M217,M217,,Active,Yes,Level 4: Accessible Playgrounds with Transfer Platforms and Ground Level Play Features,"W. 135 St. To W. 136 St., Lenox Ave. To 5 Ave.",Howard Bennett Playground,Adults Allowed,M217-CPA-0001,03/31/2020,06/21/2020,110,M-10,40.813819885253906,-73.93914794921875,POINT (-73.93914794921875 40.813819885253906)
B,Completely Locked,06/23/2020 12:15:46 PM,B166B,B166B,,Active,Yes,Level 4: Accessible Playgrounds with Transfer Platforms and Ground Level Play Features,"Belt Pkwy., Williams Court  bet. E. 12 St. and Homecrest Ave",Homecrest Playground,Adults Allowed,B166B-CPA-0001,03/31/2020,,315,B-15,40.58648681640625,-73.9575424194336,POINT (-73.9575424194336 40.58648681640625)
B,Completely Locked,06/22/2020 04:41:13 PM,B321,B321,,Active,Yes,Level 4: Accessible Playgrounds with Transfer Platforms and Ground Level Play Features,Dekalb Ave. between Adelphi St. and Carlton Ave.,Edmonds Playground,Adults Allowed,B321-CPA-0001,03/31/2020,06/22/2020,302,B-02,40.68927764892578,-73.97181701660156,POINT (-73.97181701660156 40.68927764892578)
M,Completely Locked,06/22/2020 05:21:19 PM,M079,M079,,Active,Yes,Level 4: Accessible Playgrounds with Transfer Platforms and Ground Level Play Features,"1 Ave., bet. E. 67 St. To E. 68 St.",St. Catherine's Park,Adults Allowed,M079-CPA-0001,03/31/2020,06/21/2020,108,M-08,40.76502990722656,-73.95854187011719,POINT (-73.95854187011719 40.76502990722656)
X,Completely Locked,07/06/2020 12:47:41 PM,X104,X104-01,,Active,No,Not Applicable,"Reservoir Oval East, Holt Pl",Plgd w/ Mini Pool & Courts,Unknown,X104-CPA-0001,03/31/2020,07/06/2020,207,X-07,40.87749099731445,-73.87638092041016,POINT (-73.87638092041016 40.87749099731445)
M,Partially Locked,06/22/2020 12:53:41 PM,M211A,M211A,,Active,Yes,Level 4: Accessible Playgrounds with Transfer Platforms and Ground Level Play Features,W/s 7 Ave. bet. W. 127 St. and W. 129 St.,St. Nicholas Playground South,Adults Allowed,M211A-CPA-0001,03/31/2020,06/21/2020,110,M-10,40.81084060668945,-73.94743347167969,POINT (-73.94743347167969 40.81084060668945)
Q,Partially Locked,06/19/2020 01:55:42 PM,Q344,Q344,,Active,Yes,Level 4: Accessible Playgrounds with Transfer Platforms and Ground Level Play Features,"Jewel Ave., 71 Ave. bet. 163 St. and 164 St.",Emerald Playground,Adults Allowed,Q344-CPA-0001,03/31/2020,06/19/2020,408,Q-08,40.73073196411133,-73.8060073852539,POINT (-73.8060073852539 40.73073196411133)
Q,Partially Locked,06/19/2020 10:47:45 AM,Q015,Q015-02,,Active,Yes,Level 3: Accessible Playgrounds with Universally Accessible Swings,"Union Tpke, Park Lane S, Adj Overlook",Sobelsohn Park,Unknown,Q015-CPA-0001,03/31/2020,06/19/2020,482,Q-16,40.70953369140625,-73.83597564697266,POINT (-73.83597564697266 40.70953369140625)
Q,Completely Locked,06/22/2020 06:30:03 PM,Q296,Q296,,Active,Yes,Level 4: Accessible Playgrounds with Transfer Platforms and Ground Level Play Features,35 Ave. bet. Steinway St. and 41 St.,Playground Thirty Five XXXV,Adults not allowed in some locations,Q296-CPA-0001,03/31/2020,06/22/2020,401,Q-01,40.75476837158203,-73.92207336425781,POINT (-73.92207336425781 40.75476837158203)
B,Not Lockable,06/22/2020 03:35:31 PM,B350,B350,,Active,Yes,Level 2: Accessible Playgrounds with Ramped Play Equipment and Universally Accessible Swings,Sterling Pl. to Park Pl. between Classon Ave. and Washington Ave.,Stroud Playground,Unknown,B350-CPA-0001,03/31/2020,06/22/2020,308,B-08,40.67497634887695,-73.9623794555664,POINT (-73.9623794555664 40.67497634887695)
Q,Completely Locked,06/21/2020 04:56:36 PM,Q367,Q367,,Active,Yes,Level 4: Accessible Playgrounds with Transfer Platforms and Ground Level Play Features,Rockaway Beach Blvd. bet. Beach 84 St. and Beach 81 St.,Hammel Playground,Adults Allowed,Q367-CPA-0001,03/31/2020,06/21/2020,414,Q-14,40.58821487426758,-73.8096694946289,POINT (-73.8096694946289 40.58821487426758)
B,Completely Locked,06/23/2020 10:01:04 AM,B262,B262,,Active,Yes,Level 4: Accessible Playgrounds with Transfer Platforms and Ground Level Play Features,Tompkins Ave. between Halsey St. and Macon St.,Potomac Playground,Adults Allowed,B262-CPA-0001,03/31/2020,06/22/2020,303,B-03,40.68195724487305,-73.94405364990234,POINT (-73.94405364990234 40.68195724487305)
Q,Completely Locked,06/22/2020 01:08:51 PM,Q212,Q212,,Active,Yes,Level 4: Accessible Playgrounds with Transfer Platforms and Ground Level Play Features,137 St. bet. 76 Ave. and 76 Rd.,Queens Valley Playground,Adults Allowed,Q212-CPA-0001,03/31/2020,06/21/2020,408,Q-08,40.72177505493164,-73.8239974975586,POINT (-73.8239974975586 40.72177505493164)
B,Completely Locked,06/22/2020 04:39:33 PM,B221,B221,,,,,"Flushing Ave., Steuben St., Williamsburg Pl.",Steuben Playground,,,03/31/2020,06/22/2020,302,B-02,40.697444915771484,-73.96345520019531,POINT (-73.96345520019531 40.697444915771484)
B,Completely Locked,06/22/2020 03:22:32 PM,B022,B022,,Active,Yes,Level 4: Accessible Playgrounds with Transfer Platforms and Ground Level Play Features,"Lynch St., Middleton St. bet. Lee Ave. and Bedford Ave.",Middleton Playground,Adults Allowed,B022-CPA-0001,03/31/2020,06/21/2020,301,B-01,40.70059585571289,-73.95555114746094,POINT (-73.95555114746094 40.70059585571289)
M,Completely Locked,06/22/2020 04:15:27 PM,M089,M089-01,,Active,Yes,Level 3: Accessible Playgrounds with Universally Accessible Swings,Union Sq W Betw. 17 & 16 St,Evelyn's Playground,Adults not allowed in some locations,M089-CPA-0001,03/31/2020,06/21/2020,105,M-05,40.736366271972656,-73.98998260498047,POINT (-73.98998260498047 40.736366271972656)
M,Completely Locked,06/22/2020 03:57:42 PM,M088,M088-03,,Active,Yes,Level 4: Accessible Playgrounds with Transfer Platforms and Ground Level Play Features,E 7 St - 8 St & Ave B,Tompkins Square Park,Unknown,M088-CPA-0002,03/31/2020,06/21/2020,103,M-03,40.72562026977539,-73.9815444946289,POINT (-73.9815444946289 40.72562026977539)
B,Completely Locked,06/22/2020 01:55:05 PM,B080,B080-01,,Active,Yes,Level 4: Accessible Playgrounds with Transfer Platforms and Ground Level Play Features,Surf Ave & 5 St,Asser Levy Plgd,Adults not allowed in some locations,B080-CPA-0001,03/31/2020,06/22/2020,313,B-13,40.575252532958984,-73.97213745117188,POINT (-73.97213745117188 40.575252532958984)
Q,Completely Locked,06/19/2020 10:36:06 AM,Q099,Q099-54,,Active,No,Not Applicable,Behind Tennis Center,Saturn Playground,Unknown,Q099-CPA-0007,03/31/2020,06/19/2020,481,Q-15,40.74905014038086,-73.84310150146484,POINT (-73.84310150146484 40.74905014038086)
Q,Not Lockable,06/21/2020 02:55:40 PM,Q092,Q092,,Active,Yes,Level 4: Accessible Playgrounds with Transfer Platforms and Ground Level Play Features,"N. Conduit Ave., 135 Ave. bet. 130 Pl. and 134 St.",Police Officer Edward Byrne Park,Adults Allowed,Q092-CPA-0001,03/31/2020,06/21/2020,410,Q-10,40.66745376586914,-73.80689239501953,POINT (-73.80689239501953 40.66745376586914)
B,Partially Locked,06/22/2020 12:32:23 PM,B214,B214-01,,Active,No,Not Applicable,"Vermont St, Stanley Ave, Gershwin JHS, Fence Betw Courts & Football Field",Linden Park,Adults Allowed,B214-CPA-0001,03/31/2020,06/20/2020,305,B-05,40.65816116333008,-73.8878173828125,POINT (-73.8878173828125 40.65816116333008)
Q,Completely Locked,06/21/2020 03:03:32 PM,Q005,Q005-01,,Active,Yes,Level 2: Accessible Playgrounds with Ramped Play Equipment and Universally Accessible Swings,Sutphin Blvd & 125 Ave,Sutphin Playground,Unknown,Q005-CPA-0001,03/31/2020,06/21/2020,412,Q-12,40.674766540527344,-73.78912353515625,POINT (-73.78912353515625 40.674766540527344)
R,Not Lockable,06/22/2020 04:47:31 PM,R111,R111,,Active,Yes,Level 4: Accessible Playgrounds with Transfer Platforms and Ground Level Play Features,Wall St. bet. St Marks Pl. and Belmont Pl.,Lt. Lia Playground,Adults not allowed in some locations,R111-CPA-0001,03/31/2020,06/22/2020,501,R-01,40.64360809326172,-74.07981872558594,POINT (-74.07981872558594 40.64360809326172)
Q,Partially Locked,06/23/2020 12:26:47 PM,Q419,Q419,,Active,Yes,Level 4: Accessible Playgrounds with Transfer Platforms and Ground Level Play Features,147 St. bet. 26 Ave. and 27 Ave.,Hart Playground,Adults not allowed in some locations,Q419-CPA-0001,03/31/2020,06/23/2020,407,Q-07,40.774105072021484,-73.81947326660156,POINT (-73.81947326660156 40.774105072021484)
M,Completely Locked,06/22/2020 05:25:14 PM,M258,M258,,Active,Yes,Level 4: Accessible Playgrounds with Transfer Platforms and Ground Level Play Features,"FDR Dr., E. 106 St. To E. 107 St.",East River Playground,Adults Allowed,M258-CPA-0001,03/31/2020,06/21/2020,111,M-15,40.789180755615234,-73.93791961669922,POINT (-73.93791961669922 40.789180755615234)
X,Completely Locked,06/22/2020 10:48:41 AM,X004,X004-02,,Active,Yes,Level 2: Accessible Playgrounds with Ramped Play Equipment and Universally Accessible Swings,"E 219 St, Bronx River Parkway",Olinville Playground,Adults Allowed,X004-CPA-0002,03/31/2020,06/21/2020,212,X-14,40.88408660888672,-73.86697387695312,POINT (-73.86697387695312 40.88408660888672)
Q,Not Lockable,06/21/2020 03:03:32 PM,Q396,Q396,,Active,No,Not Applicable,"Springfield Blvd., Sloan St. bet. 139 Ave. and Eastgate Plaza",Montbellier Park,Adults Allowed,Q396-CPA-0001,03/31/2020,06/21/2020,412,Q-12,40.67366409301758,-73.75676727294922,POINT (-73.75676727294922 40.67366409301758)
R,Completely Locked,06/22/2020 01:43:51 PM,R005,R005-15,,Active,Yes,Level 3: Accessible Playgrounds with Universally Accessible Swings,Clove Road & Forest Ave,Saturn Play Equipment,Adults not allowed in some locations,R005-CPA-0002,03/31/2020,06/22/2020,501,R-01,40.62714385986328,-74.12116241455078,POINT (-74.12116241455078 40.62714385986328)
Q,Completely Locked,06/21/2020 03:03:32 PM,Q121,Q121-02,,,,,,K.l. Williams Playground (Tennis),,,03/31/2020,06/21/2020,412,Q-12,40.70384979248047,-73.7850570678711,POINT (-73.7850570678711 40.70384979248047)
X,Completely Locked,06/22/2020 10:21:10 AM,X266,X266,,Active,No,Not Applicable,E. 180 St. bet. Daly Ave. and Vyse Ave.,Vidalia Park,Adults Allowed,X266-CPA-0001,03/31/2020,06/21/2020,206,X-06,40.84425354003906,-73.88150024414062,POINT (-73.88150024414062 40.84425354003906)
M,Completely Locked,06/22/2020 03:49:55 PM,M037,M037-10,,Active,Yes,Level 3: Accessible Playgrounds with Universally Accessible Swings,W 164 St & Edgecombe Ave,Adventure Plgd,Unknown,M037-CPA-0006,03/31/2020,,112,M-12A,40.83634948730469,-73.93671417236328,POINT (-73.93671417236328 40.83634948730469)
Q,Completely Locked,06/19/2020 01:41:21 PM,Q046,Q046,,Active,Yes,Level 4: Accessible Playgrounds with Transfer Platforms and Ground Level Play Features,102 St. bet. Corona Ave. and Alstyne Ave.,Josephine Caminiti Playground,Adults Allowed,Q046-CPA-0001,03/31/2020,06/19/2020,404,Q-04,40.7440071105957,-73.86151885986328,POINT (-73.86151885986328 40.7440071105957)
B,Completely Locked,06/22/2020 04:36:14 PM,B223DA,B223DA,,Active,No,Not Applicable,"Atlantic Ave., Columbia Pl., State St.",Adam Yauch Park,Adults Allowed,B223DA-CPA-0001,03/31/2020,06/22/2020,302,B-02,40.691978454589844,-73.9986801147461,POINT (-73.9986801147461 40.691978454589844)
Q,Completely Locked,06/21/2020 06:41:49 PM,Q360M,Q360M,,Active,Yes,Level 3: Accessible Playgrounds with Universally Accessible Swings,58 Ave. bet. Brown Pl. and 69 St.,Frontera Park,Adults not allowed in some locations,Q360M-CPA-0001,03/31/2020,06/21/2020,405,Q-05,40.724788665771484,-73.89496612548828,POINT (-73.89496612548828 40.724788665771484)
B,Completely Locked,06/22/2020 01:40:23 PM,B335,B335,,,,,Flatlands Ave. between E. 81 St. and E. 82 St.,Bildersee Playground,,,03/31/2020,06/22/2020,318,B-18,40.63590621948242,-73.9119644165039,POINT (-73.9119644165039 40.63590621948242)
B,Completely Locked,06/24/2020 09:40:59 AM,B225,B225,,Active,Yes,Level 4: Accessible Playgrounds with Transfer Platforms and Ground Level Play Features,"Atlantic Ave., Herkimer St., Kingston Ave., St Andrew's Pl.",St. Andrew's Playground,Adults Allowed,B225-CPA-0001,03/31/2020,06/23/2020,303,B-03,40.67898941040039,-73.94170379638672,POINT (-73.94170379638672 40.67898941040039)
M,Completely Locked,06/22/2020 03:56:53 PM,M122,M122,,Active,Yes,Level 2: Accessible Playgrounds with Ramped Play Equipment and Universally Accessible Swings,Rutgers St. and Henry St.,Captain Jacob Joseph Playground,Adults not allowed in some locations,M122-CPA-0001,03/31/2020,06/21/2020,103,M-03,40.7136116027832,-73.98983001708984,POINT (-73.98983001708984 40.7136116027832)
X,Completely Locked,06/22/2020 10:57:11 AM,X124,X124,,Active,No,Not Applicable,"Gleason Ave., Watson Ave. bet. Noble Ave., and Rosedale Ave.",Watson Gleason Playground,Adults Allowed,X124-CPA-0001,03/31/2020,06/21/2020,209,X-09,40.82918930053711,-73.86923217773438,POINT (-73.86923217773438 40.82918930053711)
B,Completely Locked,06/22/2020 03:35:31 PM,B245,B245-02,,Active,Yes,Level 4: Accessible Playgrounds with Transfer Platforms and Ground Level Play Features,Troy Ave & Prospect Place,St. John's Playground,Adults not allowed in some locations,B245-CPA-0001,03/31/2020,06/22/2020,308,B-08,40.67399215698242,-73.93580627441406,POINT (-73.93580627441406 40.67399215698242)
X,Completely Locked,06/22/2020 09:58:04 AM,X260,X260,,Active,No,Not Applicable,Manida St bet. Spofford Av and Lafayette Av,Julio Carballo Fields,Adults Allowed,X260-CPA-0001,03/31/2020,06/21/2020,202,X-02,40.815128326416016,-73.88880157470703,POINT (-73.88880157470703 40.815128326416016)
B,Completely Locked,06/22/2020 03:28:45 PM,B066,B066-02,,Active,Yes,Level 2: Accessible Playgrounds with Ramped Play Equipment and Universally Accessible Swings,"Nr Colonial Rd Entrance, 67 St, South Of B066-01",Owls Head Park,Unknown,B066-CPA-0002,03/31/2020,06/22/2020,310,B-10,40.63938903808594,-74.03082275390625,POINT (-74.03082275390625 40.63938903808594)
R,Completely Locked,06/22/2020 04:52:16 PM,R069,R069,,Active,Yes,Level 4: Accessible Playgrounds with Transfer Platforms and Ground Level Play Features,"Foote Ave., Howard Ave., Martha St., Clove Rd.",Terrace Playground,Adults Allowed,R069-CPA-0001,03/31/2020,06/22/2020,501,R-01,40.613895416259766,-74.0982437133789,POINT (-74.0982437133789 40.613895416259766)
Q,Partially Locked,06/23/2020 11:11:01 AM,Q404,Q404,,Active,Yes,Level 4: Accessible Playgrounds with Transfer Platforms and Ground Level Play Features,115 Rd. bet. 218 St. and 2019 St.,East Springfield Playground,Adults Allowed,Q404-CPA-0001,03/31/2020,06/23/2020,413,Q-13,40.698734283447266,-73.74005126953125,POINT (-73.74005126953125 40.698734283447266)
X,Completely Locked,06/22/2020 09:41:58 AM,X030,X030-99,,Active,Yes,Level 4: Accessible Playgrounds with Transfer Platforms and Ground Level Play Features,Summit Ave & W 161 Street,Summit Playground,Adults not allowed in some locations,X030-CPA-0002,03/31/2020,06/21/2020,204,X-04,40.83070373535156,-73.93157196044922,POINT (-73.93157196044922 40.83070373535156)
M,Completely Locked,06/22/2020 04:11:41 PM,M161,M161,,Active,Yes,Level 3: Accessible Playgrounds with Universally Accessible Swings,W. 43 St. bet. 8 Ave. and 9 Ave.,McCaffrey Playground,Adults Allowed,M161-CPA-0001,03/31/2020,06/21/2020,104,M-04,40.75891876220703,-73.99129486083984,POINT (-73.99129486083984 40.75891876220703)
B,Partially Locked,06/22/2020 02:30:28 PM,B049,B049,,Active,No,Not Applicable,"Wilson Ave., Knickerbocker Ave., bet. Halsey St. and Weirfield St.",Irving Square Park,Adults not allowed in some locations,B049-CPA-0001,03/31/2020,06/22/2020,304,B-04,40.6929817199707,-73.9087142944336,POINT (-73.9087142944336 40.6929817199707)
X,Completely Locked,06/22/2020 10:59:48 AM,X204,X204,,Active,Yes,Level 4: Accessible Playgrounds with Transfer Platforms and Ground Level Play Features,Story Ave. bet. Taylor Ave. and Thieriot Ave.,Story Playground,Adults Allowed,X204-CPA-0001,03/31/2020,06/21/2020,209,X-09,40.822998046875,-73.86267852783203,POINT (-73.86267852783203 40.822998046875)
X,Not Lockable,06/22/2020 10:28:29 AM,X111,X111,,Active,No,Not Applicable,W 179 St bet. Cedar Av and Sedgwick Av,Cedar Playground,Adults Allowed,X111-CPA-0001,03/31/2020,06/21/2020,205,X-05,40.855220794677734,-73.91739654541016,POINT (-73.91739654541016 40.855220794677734)
B,Completely Locked,06/22/2020 03:19:20 PM,B382B,B382B,,Active,Yes,Level 4: Accessible Playgrounds with Transfer Platforms and Ground Level Play Features,Clymer St. to Morton St. between Kent Ave. and Wythe Ave.,Jacob's Ladder Playground,Adults not allowed in some locations,B382B-CPA-0001,03/31/2020,06/21/2020,301,B-01,40.70485305786133,-73.96673583984375,POINT (-73.96673583984375 40.70485305786133)
M,Completely Locked,06/22/2020 10:40:58 AM,M003,M003,,Active,Yes,Level 4: Accessible Playgrounds with Transfer Platforms and Ground Level Play Features,"Convent and Amsterdam Av, W 135 St",Annunciation Playground,Adults Allowed,M003-CPA-0001,03/31/2020,06/21/2020,109,M-09,40.81854248046875,-73.95186614990234,POINT (-73.95186614990234 40.81854248046875)
M,Partially Locked,06/22/2020 04:11:41 PM,M011,M011,,Active,Yes,Level 4: Accessible Playgrounds with Transfer Platforms and Ground Level Play Features,"9 Av To 10 Av, W 27 St To W 28 St",Chelsea Park,Adults not allowed in some locations,M011-CPA-0001,03/31/2020,06/21/2020,104,M-04,40.74958801269531,-74.00021362304688,POINT (-74.00021362304688 40.74958801269531)
Q,Not Lockable,06/21/2020 03:03:32 PM,Q105,Q105,,Active,Yes,Level 3: Accessible Playgrounds with Universally Accessible Swings,"91 Ave., Archer Ave. bet. 138 Pl. and 138 St.",Howard Von Dohlen Playground,Adults Allowed,Q105-CPA-0001,03/31/2020,06/21/2020,412,Q-12,40.69976043701172,-73.81285858154297,POINT (-73.81285858154297 40.69976043701172)
M,Completely Locked,06/22/2020 01:04:44 PM,M204,M204,,Active,Yes,Level 2: Accessible Playgrounds with Ramped Play Equipment and Universally Accessible Swings,Madison Ave. bet. E. 130 St. and E. 131 St.,Moore Playground,Adults not allowed in some locations,M204-CPA-0001,03/31/2020,06/21/2020,111,M-11,40.809513092041016,-73.93842315673828,POINT (-73.93842315673828 40.809513092041016)
B,Completely Locked,06/22/2020 01:45:04 PM,B057,B057-05,,Active,No,Not Applicable,Gerritsen Ave & Ave X,Dr John's Plgd,Adults not allowed in some locations,B057-CPA-0003,03/31/2020,06/22/2020,318,B-18,40.59671401977539,-73.92876434326172,POINT (-73.92876434326172 40.59671401977539)
B,Completely Locked,06/22/2020 04:19:50 PM,B050,B050,,Active,No,Not Applicable,"Columbia St., Hicks St. bet. Congress St. and Atlantic Ave.",Van Voorhees Playground,Adults Allowed,B050-CPA-0001,03/31/2020,06/22/2020,306,B-06,40.68977355957031,-73.99933624267578,POINT (-73.99933624267578 40.68977355957031)
Q,Completely Locked,06/21/2020 03:03:32 PM,Q359,Q359,,Active,No,Not Applicable,Jamaica Ave. bet. 202 St. and 204 St.,Haggerty Park,Adults Allowed,Q359-CPA-0001,03/31/2020,06/21/2020,412,Q-12,40.71308517456055,-73.75846862792969,POINT (-73.75846862792969 40.71308517456055)
B,Completely Locked,06/22/2020 02:33:17 PM,B334,B334,,Active,Yes,Level 4: Accessible Playgrounds with Transfer Platforms and Ground Level Play Features,"Central Ave., Troutman St. and Starr St.",Fermi Playground,Adults Allowed,B334-CPA-0001,03/31/2020,06/22/2020,304,B-04,40.70035934448242,-73.92847442626953,POINT (-73.92847442626953 40.70035934448242)
M,Partially Locked,06/22/2020 11:47:15 AM,M099,M099-01,,Active,Yes,Level 2: Accessible Playgrounds with Ramped Play Equipment and Universally Accessible Swings,W 173 St & Ft Washington Ave,J Hood Wright Park Playground,Adults not allowed in some locations,M099-CPA-0001,03/31/2020,06/21/2020,112,M-12,40.84584426879883,-73.94100189208984,POINT (-73.94100189208984 40.84584426879883)
B,Completely Locked,06/23/2020 10:09:07 AM,B073,B073-20,,Active,Yes,Level 2: Accessible Playgrounds with Ramped Play Equipment and Universally Accessible Swings,11 St & Prospect Park W,Harmony Playground,Unknown,B073-CPA-0006,03/31/2020,06/22/2020,355,B-19,40.66353988647461,-73.97698974609375,POINT (-73.97698974609375 40.66353988647461)
Q,Completely Locked,06/21/2020 06:55:59 PM,Q428,Q428,,Active,Yes,Level 4: Accessible Playgrounds with Transfer Platforms and Ground Level Play Features,62 Dr. bet. 97 Pl. and 98 St.,Horace Harding Playground,Adults Allowed,Q428-CPA-0001,03/31/2020,06/21/2020,406,Q-06,40.73317337036133,-73.86023712158203,POINT (-73.86023712158203 40.73317337036133)
B,Completely Locked,06/22/2020 03:15:45 PM,B090,B090,,Active,No,Not Applicable,"Lee Ave., Division Ave., Roebling St.",Sobel Playground,Adults Allowed,B090-CPA-0001,03/31/2020,06/21/2020,301,B-01,40.7073974609375,-73.96145629882812,POINT (-73.96145629882812 40.7073974609375)
Q,Not Lockable,06/21/2020 02:55:40 PM,Q119,Q119,,Active,Yes,Level 4: Accessible Playgrounds with Transfer Platforms and Ground Level Play Features,"134 St., 135 St., bet. 111 Ave. and Lincoln St., Linden Blvd",Frederick B. Judge Playground,Adults Allowed,Q119-CPA-0001,03/31/2020,06/21/2020,410,Q-10,40.68321990966797,-73.80818939208984,POINT (-73.80818939208984 40.68321990966797)
B,Completely Locked,06/22/2020 04:42:23 PM,B243,B243,,Active,No,Not Applicable,Gold St. between Nassau St. and Concord St.,Golconda Playground,Adults Allowed,B243-CPA-0001,03/31/2020,06/22/2020,302,B-02,40.69771957397461,-73.98271179199219,POINT (-73.98271179199219 40.69771957397461)
Q,Completely Locked,06/21/2020 04:56:36 PM,Q422,Q422,,Active,Yes,Level 4: Accessible Playgrounds with Transfer Platforms and Ground Level Play Features,Rockaway Beach Blvd. bet. Beach 110 St. and Beach 109 St.,Seaside Playground,Adults Allowed,Q422-CPA-0001,03/31/2020,06/21/2020,414,Q-14,40.58058166503906,-73.83103942871094,POINT (-73.83103942871094 40.58058166503906)
R,Completely Locked,06/22/2020 04:57:52 PM,R076,R076,,Active,No,Not Applicable,"Willowbrook Pkwy., Forest Ave. to Houston St.",Markham Playground,Adults Allowed,R076-CPA-0001,03/31/2020,06/22/2020,501,R-01,40.62274932861328,-74.14652252197266,POINT (-74.14652252197266 40.62274932861328)
M,Completely Locked,06/22/2020 03:31:19 PM,M071,M071-38,,Active,Yes,Level 3: Accessible Playgrounds with Universally Accessible Swings,"W 116-117 Sts, Riverside Dr",Tot Lot One Hundred And Sixteen,Unknown,M071-CPA-0012,03/31/2020,06/21/2020,109,M-14,40.80961227416992,-73.96549224853516,POINT (-73.96549224853516 40.80961227416992)
Q,Partially Locked,06/21/2020 04:56:36 PM,Q007,Q007-01,,Active,Yes,Level 4: Accessible Playgrounds with Transfer Platforms and Ground Level Play Features,Beach 32 St & Beach Channel Drive,Bayswater Playground,Unknown,Q007-CPA-0001,03/31/2020,06/21/2020,414,Q-14,40.598854064941406,-73.76696014404297,POINT (-73.76696014404297 40.598854064941406)
B,Completely Locked,06/22/2020 04:15:01 PM,B158,B158,,Active,Yes,Level 4: Accessible Playgrounds with Transfer Platforms and Ground Level Play Features,18 Ave. bet. 83 St. and 82 St.,Garibaldi Playground,Adults Allowed,B158-CPA-0001,03/31/2020,06/20/2020,311,B-11,40.60893630981445,-74.0001220703125,POINT (-74.0001220703125 40.60893630981445)
Q,Completely Locked,06/21/2020 04:56:36 PM,Q163,Q163-19,,Active,Yes,Level 4: Accessible Playgrounds with Transfer Platforms and Ground Level Play Features,B 84 St & Shore Front Pkwy (W/o B 84 St),Rockaway Playground - M,Unknown,Q163-CPA-0001,03/31/2020,06/21/2020,414,Q-14,40.58498001098633,-73.80986785888672,POINT (-73.80986785888672 40.58498001098633)
Q,Completely Locked,06/21/2020 01:06:24 PM,Q300,Q300-04,,Active,Yes,Level 4: Accessible Playgrounds with Transfer Platforms and Ground Level Play Features,Kissena Blvd & Booth Mem Ave,Captain Mario Fajardo Park,Unknown,Q300-CPA-0003,03/31/2020,06/21/2020,407,Q-07,40.7432861328125,-73.8146743774414,POINT (-73.8146743774414 40.7432861328125)
X,Not Lockable,06/22/2020 09:46:37 AM,X028,X028,,Active,Yes,Level 4: Accessible Playgrounds with Transfer Platforms and Ground Level Play Features,Grand Concourse to Walton Av bet. E 161 St and E 164 St,Joyce Kilmer Park,Adults not allowed in some locations,X028-CPA-0001,03/31/2020,06/21/2020,204,X-04,40.82965850830078,-73.92194366455078,POINT (-73.92194366455078 40.82965850830078)
X,Completely Locked,06/22/2020 11:02:05 AM,X151,X151,,Active,No,Not Applicable,Olmstead Ave. bet. Turnbull Ave. and Lafayetter Ave.,P.O. Serrano Playground,Adults not allowed in some locations,X151-CPA-0001,03/31/2020,06/21/2020,209,X-09,40.82365417480469,-73.85025787353516,POINT (-73.85025787353516 40.82365417480469)
Q,Completely Locked,06/23/2020 12:29:29 PM,Q397,Q397,,Active,No,Not Applicable,"171 St., 172 St. bet. 33 Ave. and 35 Ave.",Auburndale Playground,Adults Allowed,Q397-CPA-0001,03/31/2020,06/23/2020,407,Q-07,40.766014099121094,-73.79420471191406,POINT (-73.79420471191406 40.766014099121094)
X,Not Lockable,06/22/2020 10:58:01 AM,X118,X118-01,Yes,,,,Lafayette Ave Bet Morrison & Boynton Ave,Soundview Park,,X118-01,03/31/2020,06/21/2020,209,X-09,40.81958770751953,-73.87369537353516,POINT (-73.87369537353516 40.81958770751953)
R,Completely Locked,06/22/2020 02:34:35 PM,R125,R125,,Active,Yes,Level 4: Accessible Playgrounds with Transfer Platforms and Ground Level Play Features,Palma Dr. bet. Targee St. and Oder Ave.,Lopez Playground,Adults Allowed,R125-CPA-0001,03/31/2020,,501,R-01,40.611515045166016,-74.08491516113281,POINT (-74.08491516113281 40.611515045166016)
B,Completely Locked,06/22/2020 03:35:50 PM,B193,B193,,Active,Yes,Level 4: Accessible Playgrounds with Transfer Platforms and Ground Level Play Features,"Albany Ave., E. New York Ave., Lefferts Ave.",Hamilton Metz Field,Adults Allowed,B193-CPA-0001,03/31/2020,06/22/2020,309,B-09,40.662742614746094,-73.94034576416016,POINT (-73.94034576416016 40.662742614746094)
M,Completely Locked,06/22/2020 11:46:20 AM,M042,M042-02,,Active,Yes,Level 2: Accessible Playgrounds with Ramped Play Equipment and Universally Accessible Swings,"Seaman Ave Bet Isham, W 207 St",Emerson Plgd,Adults not allowed in some locations,M042-CPA-0002,03/31/2020,06/21/2020,112,M-12,40.869625091552734,-73.9220962524414,POINT (-73.9220962524414 40.869625091552734)
X,Not Lockable,06/22/2020 11:11:59 AM,X162,X162,,Active,Yes,Level 4: Accessible Playgrounds with Transfer Platforms and Ground Level Play Features,Arnow Ave. bet. Olinville Ave. and White Plains Rd.,Parkside Playground,Adults Allowed,X162-CPA-0001,03/31/2020,06/21/2020,211,X-11,40.86863327026367,-73.86808013916016,POINT (-73.86808013916016 40.86863327026367)
M,Completely Locked,06/22/2020 05:12:51 PM,M059,M059,,Active,Yes,Level 4: Accessible Playgrounds with Transfer Platforms and Ground Level Play Features,"Ave. C, FDR Dr., E. 17 St.",Murphy Brothers Playground,Adults Allowed,M059-CPA-0001,03/31/2020,06/21/2020,106,M-06,40.730552673339844,-73.97381591796875,POINT (-73.97381591796875 40.730552673339844)
B,Completely Locked,06/22/2020 04:20:06 PM,B255H,B255H,,Active,Yes,Level 4: Accessible Playgrounds with Transfer Platforms and Ground Level Play Features,19 St. bet. 11 Ave. and Seeley St.,Thomas J. Cuite Park,Adults Allowed,B255H-CPA-0001,03/31/2020,06/22/2020,307,B-07,40.65435028076172,-73.97874450683594,POINT (-73.97874450683594 40.65435028076172)
X,Completely Locked,06/22/2020 10:35:28 AM,X175,X175,,Active,Yes,Level 4: Accessible Playgrounds with Transfer Platforms and Ground Level Play Features,Bailey Ave. bet. W. Kingsbrodge Rd. and W. 193 St.,Riverbend Playground,Adults Allowed,X175-CPA-0001,03/31/2020,06/21/2020,207,X-07,40.87186050415039,-73.9059829711914,POINT (-73.9059829711914 40.87186050415039)
Q,Partially Locked,06/22/2020 01:16:12 PM,Q053,Q053,,Active,Yes,Level 2: Accessible Playgrounds with Ramped Play Equipment and Universally Accessible Swings,88 Ave. to 89 Ave. at 90 St.,Equity Playground,Adults Allowed,Q053-CPA-0001,03/31/2020,06/21/2020,409,Q-09,40.69172286987305,-73.8534164428711,POINT (-73.8534164428711 40.69172286987305)
M,Completely Locked,06/22/2020 05:24:37 PM,M236,M236,,Active,Yes,Level 4: Accessible Playgrounds with Transfer Platforms and Ground Level Play Features,"Lexington Ave., E. 95 St. To E. 96 St.",Samuel Seabury Playground,Adults Allowed,M236-CPA-0001,03/31/2020,06/21/2020,108,M-08,40.7855110168457,-73.9507064819336,POINT (-73.9507064819336 40.7855110168457)
B,Completely Locked,06/22/2020 03:12:53 PM,B223PC,B223PC,,Active,No,Not Applicable,"Rodney St., S. 3 St. and S. 4 St.",Rodney Playground South,Adults Allowed,B223PC-CPA-0001,03/31/2020,06/21/2020,301,B-01,40.70980453491211,-73.95590209960938,POINT (-73.95590209960938 40.70980453491211)
X,Not Lockable,06/22/2020 09:50:09 AM,X008,X008-03,,Active,Yes,Level 4: Accessible Playgrounds with Transfer Platforms and Ground Level Play Features,Mt Eden & Morris Ave,Claremont Park Playground,Adults not allowed in some locations,X008-CPA-0001,03/31/2020,06/21/2020,204,X-04,40.84233474731445,-73.9092025756836,POINT (-73.9092025756836 40.84233474731445)
X,Completely Locked,06/22/2020 11:16:16 AM,X141,X141,,Active,Yes,Level 4: Accessible Playgrounds with Transfer Platforms and Ground Level Play Features,E. 226 St. bet. White Plains Rd. and Barnes Ave.,Rienzi Playground,Adults Allowed,X141-CPA-0001,03/31/2020,06/21/2020,212,X-12,40.88768005371094,-73.85887908935547,POINT (-73.85887908935547 40.88768005371094)
Q,Completely Locked,06/19/2020 11:11:11 AM,Q099,Q099-55,,Active,Yes,Level 3: Accessible Playgrounds with Universally Accessible Swings,On Path Between Passarelle Building And Fountain Of Planets (in Zone 14),Buzz Vollmer Playground,Unknown,Q099-CPA-0008,03/31/2020,06/19/2020,481,Q-15,40.749961853027344,-73.841552734375,POINT (-73.841552734375 40.749961853027344)
Q,Completely Locked,06/23/2020 11:10:39 AM,Q328,Q328,,Active,Yes,Level 3: Accessible Playgrounds with Universally Accessible Swings,85 Ave. bet. 248 St. and 249 St.,Bellerose Playground,Adults Allowed,Q328-CPA-0001,03/31/2020,06/23/2020,413,Q-13,40.73302459716797,-73.71783447265625,POINT (-73.71783447265625 40.73302459716797)
X,Completely Locked,06/22/2020 11:20:51 AM,X039,X039-02,,Active,Yes,Level 4: Accessible Playgrounds with Transfer Platforms and Ground Level Play Features,"Bruckner Exwy, Wilkinson Ave",Sweetgum Plgd,Unknown,X039-CPA-0002,03/31/2020,06/21/2020,228,X-15,40.85126876831055,-73.82623291015625,POINT (-73.82623291015625 40.85126876831055)
B,Completely Locked,06/24/2020 10:49:18 AM,B249,B249,,Active,Yes,Level 4: Accessible Playgrounds with Transfer Platforms and Ground Level Play Features,Dumont Ave. between Powell St. and Mother Gaston Blvd.,Van Dyke Playground,Adults not allowed in some locations,B249-CPA-0001,03/31/2020,06/23/2020,316,B-16,40.66462707519531,-73.90426635742188,POINT (-73.90426635742188 40.66462707519531)
B,Completely Locked,06/24/2020 11:33:44 AM,B032,B032-01,,Active,Yes,Level 2: Accessible Playgrounds with Ramped Play Equipment and Universally Accessible Swings,Myrtle Ave & St Edwards Plaza,Fort Greene Plgd,Unknown,B032-CPA-0001,03/31/2020,06/23/2020,302,B-02,40.69242477416992,-73.97699737548828,POINT (-73.97699737548828 40.69242477416992)
M,Completely Locked,06/22/2020 11:05:17 AM,M184,M184,,Active,Yes,Level 3: Accessible Playgrounds with Universally Accessible Swings,"W. 64 St., bet. Amsterdam Ave. and West End Ave.",Samuel N. Bennerson 2nd Playground,Unknown,M184-CPA-0001,03/31/2020,06/21/2020,107,M-07,40.77382278442383,-73.98714447021484,POINT (-73.98714447021484 40.77382278442383)
X,Completely Locked,06/22/2020 10:38:37 AM,X080,X080-03,,Active,No,Not Applicable,Kappock St Btw Independence & Palisade Aves,Henry Hudson Playground (West),Adults not allowed in some locations,X080-CPA-0003,03/31/2020,06/21/2020,208,X-08,40.88113021850586,-73.92060089111328,POINT (-73.92060089111328 40.88113021850586)
B,Completely Locked,06/23/2020 10:09:07 AM,B073,B073-07,,Active,Yes,Level 4: Accessible Playgrounds with Transfer Platforms and Ground Level Play Features,"Prospect Pk S/W, Vanderbilt St",Vanderbilt Playground,Unknown,B073-CPA-0003,03/31/2020,06/22/2020,355,B-19,40.65504837036133,-73.97296142578125,POINT (-73.97296142578125 40.65504837036133)
X,Completely Locked,06/22/2020 09:38:14 AM,X200,X200,,Active,Yes,Level 4: Accessible Playgrounds with Transfer Platforms and Ground Level Play Features,"3 Ave. bet. E, 145 St. and E. 144 St.",Clark Playground,Adults Allowed,X200-CPA-0001,03/31/2020,06/21/2020,201,X-01,40.81367492675781,-73.92142486572266,POINT (-73.92142486572266 40.81367492675781)
B,Completely Locked,06/22/2020 11:24:26 AM,B141,B141,,Active,No,Not Applicable,Atlantic Ave. bet. Fountain Ave. and N. Conduit Ave.,City Line Park,Adults Allowed,B141-CPA-0001,03/31/2020,06/20/2020,305,B-05,40.67888641357422,-73.87403106689453,POINT (-73.87403106689453 40.67888641357422)
Q,Completely Locked,06/21/2020 04:56:36 PM,Q266,Q266,,Active,No,Not Applicable,"Mott Ave., Westbourne Ave. bet. Bay 28 St. and Bay 25 St.",Westbourne Playground,Adults Allowed,Q266-CPA-0001,03/31/2020,06/21/2020,414,Q-14,40.608455657958984,-73.7648696899414,POINT (-73.7648696899414 40.608455657958984)
X,Completely Locked,06/22/2020 09:47:59 AM,X287,X287,,Active,Yes,Level 4: Accessible Playgrounds with Transfer Platforms and Ground Level Play Features,"Ogden Av, Plimpton Av, W 170 St",Ogden Plimpton Playground,Adults Allowed,X287-CPA-0001,03/31/2020,06/21/2020,204,X-04,40.84199523925781,-73.92375946044922,POINT (-73.92375946044922 40.84199523925781)
B,Completely Locked,06/22/2020 01:55:05 PM,BZ10,BZ10,,Active,No,Not Applicable,B 14 St & Corbin Place,Babi Yar Triangle,Unknown,BZ10-CPA-0001,03/31/2020,06/22/2020,313,B-13,40.57933044433594,-73.95465087890625,POINT (-73.95465087890625 40.57933044433594)
R,Completely Locked,06/22/2020 04:54:45 PM,R042,R042,,Active,Yes,Level 4: Accessible Playgrounds with Transfer Platforms and Ground Level Play Features,Virginia Ave. and Anderson St.,Kaltenmeier Playground,Adults Allowed,R042-CPA-0001,03/31/2020,06/22/2020,501,R-01,40.61471176147461,-74.06871032714844,POINT (-74.06871032714844 40.61471176147461)
X,Completely Locked,06/22/2020 10:44:01 AM,X104,X104-02,,Active,Yes,Level 2: Accessible Playgrounds with Ramped Play Equipment and Universally Accessible Swings,Reservoir Oval West & 208 St,Williamsbridge Oval,Adults not allowed in some locations,X104-CPA-0002,03/31/2020,06/21/2020,207,X-07,40.8773307800293,-73.8785400390625,POINT (-73.8785400390625 40.8773307800293)
M,Completely Locked,06/22/2020 12:54:47 PM,M160,M160,,Active,Yes,Level 4: Accessible Playgrounds with Transfer Platforms and Ground Level Play Features,"Lenox Ave., W. 139 St. To W. 140 St.",Fred Samuel Playground,Adults Allowed,M160-CPA-0001,03/31/2020,06/21/2020,110,M-10,40.817298889160156,-73.93926239013672,POINT (-73.93926239013672 40.817298889160156)
M,Completely Locked,06/22/2020 10:42:27 AM,M018,M018,,Active,Yes,Level 4: Accessible Playgrounds with Transfer Platforms and Ground Level Play Features,"Amsterdam Av, W 151 St To W 152 St",Carmansville Playground,Unknown,M018-CPA-0001,03/31/2020,06/21/2020,109,M-09,40.82902908325195,-73.9442367553711,POINT (-73.9442367553711 40.82902908325195)
B,Completely Locked,06/22/2020 04:20:06 PM,B255C,B255C,,Active,No,Not Applicable,17 St. bet. 5 Ave. and 6 Ave.,Purple Playground,Adults Allowed,B255C-CPA-0001,03/31/2020,06/22/2020,307,B-07,40.66317367553711,-73.98982238769531,POINT (-73.98982238769531 40.66317367553711)
B,Completely Locked,06/22/2020 01:55:05 PM,B296,B296,,Active,Yes,Level 4: Accessible Playgrounds with Transfer Platforms and Ground Level Play Features,Surf Ave. between W. 12 St. and W. 8 St.,Luna Playground,Adults Allowed,B296-CPA-0001,03/31/2020,06/22/2020,313,B-13,40.576202392578125,-73.9791259765625,POINT (-73.9791259765625 40.576202392578125)
B,Completely Locked,06/22/2020 03:13:42 PM,B386,B386,,Active,No,Not Applicable,Ten Eyck St. to Stagg St. between Lorimer St. and Union Ave.,Ten Eyck Plaza,Adults Allowed,B386-CPA-0001,03/31/2020,06/21/2020,301,B-01,40.70927047729492,-73.9493408203125,POINT (-73.9493408203125 40.70927047729492)
M,Partially Locked,06/22/2020 12:38:35 PM,M216,M216,,Active,Yes,Level 4: Accessible Playgrounds with Transfer Platforms and Ground Level Play Features,"W. 155 St., 8 Ave. To Harlem River Drive",Holcombe Rucker Park,Adults Allowed,M216-CPA-0001,03/31/2020,06/21/2020,110,M-10,40.82914733886719,-73.9366455078125,POINT (-73.9366455078125 40.82914733886719)
B,Not Lockable,06/22/2020 03:28:45 PM,B082,B082-01B,,Active,Yes,Level 4: Accessible Playgrounds with Transfer Platforms and Ground Level Play Features,94th St & Ridge Blvd,Vinland Plgd,Unknown,B082-CPA-0001,03/31/2020,06/22/2020,310,B-10,40.61747360229492,-74.0400161743164,POINT (-74.0400161743164 40.61747360229492)
M,Completely Locked,06/22/2020 11:20:04 AM,M010,M010-202,,Active,Yes,Level 2: Accessible Playgrounds with Ramped Play Equipment and Universally Accessible Swings,100 St & Central Park West,West 100th St Plgd,Unknown,M010-CPA-0017,03/31/2020,06/21/2020,164,M-13,40.79381561279297,-73.96266174316406,POINT (-73.96266174316406 40.79381561279297)
B,Completely Locked,06/22/2020 03:01:24 PM,B114,B114-01,,Active,Yes,Level 4: Accessible Playgrounds with Transfer Platforms and Ground Level Play Features,Nassau Ave Bet Monitor St & Russell St,Monsignor Mcgolrick Playground,Adults not allowed in some locations,B114-CPA-0001,03/31/2020,06/21/2020,301,B-01,40.72526550292969,-73.94355773925781,POINT (-73.94355773925781 40.72526550292969)
B,Completely Locked,06/22/2020 02:33:03 PM,B340,B340,,Active,Yes,Level 4: Accessible Playgrounds with Transfer Platforms and Ground Level Play Features,Flushing Ave. between Beaver St. and Garden St.,Garden Playground,Adults Allowed,B340-CPA-0001,03/31/2020,06/22/2020,304,B-04,40.701107025146484,-73.93851470947266,POINT (-73.93851470947266 40.701107025146484)
B,Partially Locked,06/22/2020 03:35:31 PM,B054,B054-01,,Active,Yes,Level 4: Accessible Playgrounds with Transfer Platforms and Ground Level Play Features,"Rochester Ave, Carroll St",Lincoln Terrace Park / Arthur S. Somers Playground,Adults Allowed,B054-CPA-0001,03/31/2020,06/22/2020,308,B-08,40.666446685791016,-73.92796325683594,POINT (-73.92796325683594 40.666446685791016)
B,Completely Locked,06/22/2020 01:35:04 PM,B279,B279,,Active,No,Not Applicable,Ave. K between E. 100 St. and E. 101 St.,Wilson Playground,Adults Allowed,B279-CPA-0001,03/31/2020,06/22/2020,318,B-18,40.64323425292969,-73.89524841308594,POINT (-73.89524841308594 40.64323425292969)
M,Completely Locked,06/22/2020 05:18:26 PM,M265,M265,,Active,Yes,Level 4: Accessible Playgrounds with Transfer Platforms and Ground Level Play Features,2 Ave. bet. E. 29 St. and E. 30 St.,Vincent F. Albano Jr. Playground,Adults Allowed,M265-CPA-0001,03/31/2020,06/21/2020,106,M-06,40.7419319152832,-73.97843933105469,POINT (-73.97843933105469 40.7419319152832)
X,Partially Locked,06/22/2020 11:10:44 AM,X157,X157,,Active,Yes,Level 4: Accessible Playgrounds with Transfer Platforms and Ground Level Play Features,Mace Ave. bet. Pauldings Ave. and Williamsbridge Rd.,Mazzei Playground,Adults Allowed,X157-CPA-0001,03/31/2020,06/21/2020,211,X-11,40.86233139038086,-73.85810852050781,POINT (-73.85810852050781 40.86233139038086)
M,Completely Locked,06/22/2020 01:14:16 PM,M378,M378,,Active,Yes,Level 2: Accessible Playgrounds with Ramped Play Equipment and Universally Accessible Swings,Pearl St. bet. Fulton St. and Beekman St.,Pearl St Playground,Adults not allowed in some locations,M378-CPA-0001,03/31/2020,06/21/2020,101,M-01,40.707916259765625,-74.00391387939453,POINT (-74.00391387939453 40.707916259765625)
R,Completely Locked,06/19/2020 01:55:29 PM,R038,R038,,,,,"Lincoln Ave., Mason Ave., Midland Ave., Poultney St.",Midland Playground,,,03/31/2020,06/19/2020,502,R-02B,40.57490158081055,-74.09880828857422,POINT (-74.09880828857422 40.57490158081055)
R,Completely Locked,06/22/2020 04:48:05 PM,R025,R025,,Active,Yes,Level 4: Accessible Playgrounds with Transfer Platforms and Ground Level Play Features,"Beechwood Ave., Crescent Ave. and Jersey St.",Mahoney Playground,Adults Allowed,R025-CPA-0001,03/31/2020,06/22/2020,501,R-01,40.64375686645508,-74.08573150634766,POINT (-74.08573150634766 40.64375686645508)
R,Partially Locked,06/22/2020 02:06:41 PM,R087,R087,,Active,No,Not Applicable,Mason Ave. bet. Buel Ave. and Dongan Hills Ave.,Dongan Playground,Adults Allowed,R087-CPA-0001,03/31/2020,06/22/2020,502,R-02,40.583072662353516,-74.0897445678711,POINT (-74.0897445678711 40.583072662353516)
B,Completely Locked,06/22/2020 01:14:38 PM,B234,B234,,Active,Yes,Level 2: Accessible Playgrounds with Ramped Play Equipment and Universally Accessible Swings,Tilden Ave. between E. 48 St. and E. 49 St.,Tilden Playground,Adults Allowed,B234-CPA-0001,03/31/2020,06/22/2020,317,B-17,40.64775466918945,-73.93120574951172,POINT (-73.93120574951172 40.64775466918945)
Q,Partially Locked,06/19/2020 01:55:05 PM,Q300A1,Q300A1,,Active,No,Not Applicable,Peck Ave. bet. 61 Rd. and 67 Ave.,Holy Cow Playground,Adults Allowed,Q300A1-CPA-0001,03/31/2020,06/19/2020,408,Q-08,40.741188049316406,-73.77622985839844,POINT (-73.77622985839844 40.741188049316406)
M,Completely Locked,06/22/2020 01:08:38 PM,M214,M214,,Active,Yes,Level 4: Accessible Playgrounds with Transfer Platforms and Ground Level Play Features,E. 102 St. To E. 104 St. and 2 Ave.,Blake Hobbs Playground,Adults Allowed,M214-CPA-0001,03/31/2020,06/21/2020,111,M-11,40.78890609741211,-73.94408416748047,POINT (-73.94408416748047 40.78890609741211)
M,Completely Locked,06/22/2020 12:52:25 PM,M014,M014-02,,Active,Yes,Level 2: Accessible Playgrounds with Ramped Play Equipment and Universally Accessible Swings,W 152 St & Bradhurst Ave,Plgd One Fifty Two CLII,Adults Allowed,M014-CPA-0001,03/31/2020,06/21/2020,110,M-10,40.82819747924805,-73.93972778320312,POINT (-73.93972778320312 40.82819747924805)
M,Partially Locked,06/22/2020 10:50:18 AM,M077,M077-02,,Active,Yes,Level 4: Accessible Playgrounds with Transfer Platforms and Ground Level Play Features,W 133 St & St Nicholas Ave,St Nicholas,Adults Allowed,M077-CPA-0001,03/31/2020,06/21/2020,109,M-09,40.815345764160156,-73.94916534423828,POINT (-73.94916534423828 40.815345764160156)
Q,Partially Locked,06/19/2020 01:38:11 PM,Q303,Q303,,Active,Yes,Level 4: Accessible Playgrounds with Transfer Platforms and Ground Level Play Features,34 Ave. bet. 77 St. and 78 St.,Travers Park,Adults Allowed,Q303-CPA-0001,03/31/2020,06/19/2020,403,Q-03,40.754295349121094,-73.88925170898438,POINT (-73.88925170898438 40.754295349121094)
B,Partially Locked,06/24/2020 10:45:46 AM,B271,B271,,Active,Yes,Level 2: Accessible Playgrounds with Ramped Play Equipment and Universally Accessible Swings,Ditmas Ave. bet. E. 92 St. and E. 91 St.,Railroad Playground,Adults Allowed,B271-CPA-0001,03/31/2020,06/23/2020,317,B-17,40.649044036865234,-73.91388702392578,POINT (-73.91388702392578 40.649044036865234)
Q,Partially Locked,06/22/2020 01:16:34 PM,Q337,Q337,,Active,Yes,Level 4: Accessible Playgrounds with Transfer Platforms and Ground Level Play Features,106 St. bet. Atlantic Ave. and 94 Ave.,Maurice A FitzGerald Playground,Adults Allowed,Q337-CPA-0001,03/31/2020,06/21/2020,409,Q-09,40.690467834472656,-73.83944702148438,POINT (-73.83944702148438 40.690467834472656)
B,Completely Locked,06/22/2020 01:43:06 PM,B329,B329-01,,Active,Yes,Level 2: Accessible Playgrounds with Ramped Play Equipment and Universally Accessible Swings,"Mill & Strickland Aves, 60 St",Lindower Park Playground,Adults Allowed,B329-CPA-0001,03/31/2020,06/22/2020,318,B-18,40.612388610839844,-73.91119384765625,POINT (-73.91119384765625 40.612388610839844)
M,Completely Locked,06/22/2020 05:23:58 PM,M294,M294,,Active,Yes,Level 4: Accessible Playgrounds with Transfer Platforms and Ground Level Play Features,Second Ave. bet. E. 90 St. and E. 91 St.,Ruppert Park,Adults not allowed in some locations,M294-CPA-0001,03/31/2020,06/21/2020,108,M-08,40.78097152709961,-73.95035552978516,POINT (-73.95035552978516 40.78097152709961)
X,Completely Locked,06/22/2020 10:17:42 AM,X017,X017-02,,Active,Yes,Level 2: Accessible Playgrounds with Ramped Play Equipment and Universally Accessible Swings,"E 178 St & Ryer Ave, Upper Level",Richman (Echo) Park Upper,Adults Allowed,X017-CPA-0001,03/31/2020,,205,X-05,40.849586486816406,-73.90190887451172,POINT (-73.90190887451172 40.849586486816406)
B,Completely Locked,06/22/2020 01:07:45 PM,B153,B153,,Active,Yes,Level 4: Accessible Playgrounds with Transfer Platforms and Ground Level Play Features,Howard Ave. bet. Pacific St. and Dean St.,South Pacific Playground,Adults Allowed,B153-CPA-0001,03/31/2020,06/21/2020,316,B-16,40.675655364990234,-73.92019653320312,POINT (-73.92019653320312 40.675655364990234)
B,Completely Locked,06/22/2020 11:21:05 AM,B309,B309,,Active,Yes,Level 4: Accessible Playgrounds with Transfer Platforms and Ground Level Play Features,Stanley Ave. and Eldert La.,Pink Playground,Adults Allowed,B309-CPA-0001,03/31/2020,06/20/2020,305,B-05,40.66666030883789,-73.86238861083984,POINT (-73.86238861083984 40.66666030883789)
B,Completely Locked,06/22/2020 03:11:27 PM,B167,B167,,Active,Yes,Level 4: Accessible Playgrounds with Transfer Platforms and Ground Level Play Features,S. 4 St. bet. Roebling St. and Williamsburg Bridge Ramp,La Guardia Playground,Adults Allowed,B167-CPA-0001,03/31/2020,06/21/2020,301,B-01,40.7104377746582,-73.9596176147461,POINT (-73.9596176147461 40.7104377746582)
Q,Completely Locked,06/19/2020 10:58:57 AM,Q015,Q015-07,,Active,Yes,Level 4: Accessible Playgrounds with Transfer Platforms and Ground Level Play Features,Union Tpke & 71 Ave,Joseph Devoy Playground,Unknown,Q015-CPA-0004,03/31/2020,06/19/2020,482,Q-16,40.707557678222656,-73.8514404296875,POINT (-73.8514404296875 40.707557678222656)
X,Partially Locked,06/22/2020 11:16:43 AM,X165,X165,,Active,Yes,Level 2: Accessible Playgrounds with Ramped Play Equipment and Universally Accessible Swings,Schieffelin Ave. bet. E. 266 Dr. and E. 229 St.,Edenwald Playground,Adults Allowed,X165-CPA-0001,03/31/2020,06/21/2020,212,X-12,40.88393020629883,-73.84517669677734,POINT (-73.84517669677734 40.88393020629883)
X,Completely Locked,06/22/2020 10:29:02 AM,X300,X300,,Active,Yes,Level 4: Accessible Playgrounds with Transfer Platforms and Ground Level Play Features,W. 180 St. bet. Davidson Ave. and Grand,Davidson Playground,Unknown,X300-CPA-0001,03/31/2020,06/21/2020,205,X-05,40.85511016845703,-73.90766906738281,POINT (-73.90766906738281 40.85511016845703)
M,Completely Locked,06/22/2020 04:15:19 PM,M052,M052-02,,Active,Yes,Level 3: Accessible Playgrounds with Universally Accessible Swings,E 25 St & Madison Ave,Madison Square Park,Adults not allowed in some locations,M052-CPA-0001,03/31/2020,06/21/2020,105,M-05,40.742576599121094,-73.98733520507812,POINT (-73.98733520507812 40.742576599121094)
Q,Partially Locked,06/21/2020 01:11:01 PM,Q126,Q126-01,,Active,Yes,Level 4: Accessible Playgrounds with Transfer Platforms and Ground Level Play Features,"3 Ave, Whitestone Bridge Approach",Francis Lewis Playground,Unknown,Q126-CPA-0001,03/31/2020,06/21/2020,407,Q-07,40.796478271484375,-73.8246078491211,POINT (-73.8246078491211 40.796478271484375)
X,Completely Locked,06/22/2020 10:29:37 AM,X001,X001-01,,Active,Yes,Level 4: Accessible Playgrounds with Transfer Platforms and Ground Level Play Features,W 181 St & Aqueduct Ave,Aqueduct Lands Plgd,Adults not allowed in some locations,X001-CPA-0001,03/31/2020,06/21/2020,205,X-05,40.857452392578125,-73.9088134765625,POINT (-73.9088134765625 40.857452392578125)
X,Completely Locked,07/06/2020 12:48:23 PM,X150E,X150E,,,,,"Landing Rd., Major Deegan Exwy., Bailey",Fordham Landing Playground,,,03/31/2020,07/06/2020,207,X-07,40.86336898803711,-73.9102783203125,POINT (-73.9102783203125 40.86336898803711)
M,Completely Locked,06/22/2020 04:33:05 PM,M056,M056-02,,Active,No,Not Applicable,W 117 St & Morningside Ave,Morningside Plgd,Adults not allowed in some locations,M056-CPA-0005,03/31/2020,06/21/2020,109,M-09,40.806053161621094,-73.95831298828125,POINT (-73.95831298828125 40.806053161621094)
X,Not Lockable,06/22/2020 11:14:29 AM,X196,X196-02,,Active,Yes,Level 4: Accessible Playgrounds with Transfer Platforms and Ground Level Play Features,Ely & Burke Aves,Haffen Park Playground,Adults not allowed in some locations,X196-CPA-0001,03/31/2020,06/21/2020,212,X-12,40.87337112426758,-73.83888244628906,POINT (-73.83888244628906 40.87337112426758)
X,Not Lockable,06/22/2020 10:09:09 AM,X010,X010-03,,Active,Yes,Level 2: Accessible Playgrounds with Ramped Play Equipment and Universally Accessible Swings,"Crotona N Bet Waterloo, Marmion",Crotona Playground (3),Adults not allowed in some locations,X010-CPA-0003,03/31/2020,06/21/2020,203,X-03,40.83912658691406,-73.88919067382812,POINT (-73.88919067382812 40.83912658691406)
X,Completely Locked,06/22/2020 10:01:31 AM,X147B,X147B,,Active,Yes,Level 4: Accessible Playgrounds with Transfer Platforms and Ground Level Play Features,Boone Av bet. W Farms Rd and Freeman St,Daniel Boone Playground,Adults Allowed,X147B-CPA-0001,03/31/2020,06/21/2020,203,X-03,40.829647064208984,-73.8860092163086,POINT (-73.8860092163086 40.829647064208984)
M,Completely Locked,06/23/2020 09:14:46 AM,M283,M283-03,,Active,Yes,Level 4: Accessible Playgrounds with Transfer Platforms and Ground Level Play Features,"River Terr, Murray St",Nelson Rockefeller Park Playground South,Unknown,M283-CPA-0002,03/31/2020,06/22/2020,101,M-01,40.715919494628906,-74.01673126220703,POINT (-74.01673126220703 40.715919494628906)
Q,Partially Locked,06/22/2020 01:06:01 PM,Q221,Q221,,Active,Yes,Level 4: Accessible Playgrounds with Transfer Platforms and Ground Level Play Features,73 Ave. bet. 195 St. and 196 Pl.,Farm Playground,Adults Allowed,Q221-CPA-0001,03/31/2020,06/21/2020,408,Q-08,40.73576736450195,-73.77700805664062,POINT (-73.77700805664062 40.73576736450195)
M,Partially Locked,07/07/2020 02:55:39 PM,M200,M200,Yes,,,,,Booker T. Washington Playground,,,03/31/2020,07/06/2020,107,M-07,40.8011474609375,-73.96399688720703,POINT (-73.96399688720703 40.8011474609375)
R,Completely Locked,06/22/2020 04:50:02 PM,R037,R037,,Active,Yes,Level 4: Accessible Playgrounds with Transfer Platforms and Ground Level Play Features,"Winter Ave., bet. Bismark Ave. and Westervelt Ave.",Liotti Ikefugi Playground,Adults Allowed,R037-CPA-0001,03/31/2020,06/22/2020,501,R-01,40.63880920410156,-74.08403015136719,POINT (-74.08403015136719 40.63880920410156)
B,Completely Locked,06/22/2020 01:08:55 PM,B219,B219,,Active,No,Not Applicable,"Fulton St., Truxton St., bet. Eastern Pkwy. and Van Sinderen Ave.",Callahan-Kelly Playground,Adults Allowed,B219-CPA-0002,03/31/2020,06/21/2020,316,B-16,40.67838668823242,-73.90583038330078,POINT (-73.90583038330078 40.67838668823242)
M,Partially Locked,06/22/2020 01:07:17 PM,M111,M111,,Active,Yes,Level 1: Playgrounds for All Children,E. 115 St. bet. 3 Ave. and Lexington Ave.,James Weldon Johnson Playground,Adults Allowed,M111-CPA-0001,03/31/2020,06/21/2020,111,M-11,40.79728317260742,-73.9422607421875,POINT (-73.9422607421875 40.79728317260742)
Q,Completely Locked,06/21/2020 06:55:59 PM,Q377,Q377,,Active,Yes,Level 4: Accessible Playgrounds with Transfer Platforms and Ground Level Play Features,Yellowstone Bl bet. 62 Av and 62 Rd,Playground Sixty Two LXII,Adults Allowed,Q377-CPA-0001,03/31/2020,06/21/2020,406,Q-06,40.7362060546875,-73.8524398803711,POINT (-73.8524398803711 40.7362060546875)
B,Not Lockable,06/22/2020 03:35:31 PM,B364,B364,,Active,No,Not Applicable,"Bergen St., Utica Ave., Rochester Ave., St Mark's Ave.",Woods Playground,Adults Allowed,B364-CPA-0001,03/31/2020,06/22/2020,308,B-08,40.67466735839844,-73.92914581298828,POINT (-73.92914581298828 40.67466735839844)
B,Completely Locked,06/23/2020 10:01:04 AM,B093,B093,,Active,Yes,Level 4: Accessible Playgrounds with Transfer Platforms and Ground Level Play Features,Howard Ave. bet. Atlantic Ave. and  Herkimer St.,Weeksville Playground,Adults not allowed in some locations,B093-CPA-0001,03/31/2020,06/22/2020,303,B-03,40.67717742919922,-73.91952514648438,POINT (-73.91952514648438 40.67717742919922)
Q,Partially Locked,06/19/2020 01:57:30 PM,Q320,Q320,,Active,Yes,Level 2: Accessible Playgrounds with Ramped Play Equipment and Universally Accessible Swings,"70 Rd., 71 Ave. bet. 150 St. and Kissena Blvd.",Vleigh Playground,Adults Allowed,Q320-CPA-0001,03/31/2020,06/19/2020,408,Q-08,40.729774475097656,-73.81600952148438,POINT (-73.81600952148438 40.729774475097656)
X,Completely Locked,06/22/2020 10:23:17 AM,X102,X102,,Active,Yes,Level 3: Accessible Playgrounds with Universally Accessible Swings,E 188 St bet. Arthur Av and Hughes Av,Ciccarone Park,Adults Allowed,X102-CPA-0001,03/31/2020,06/21/2020,206,X-06,40.85581970214844,-73.88662719726562,POINT (-73.88662719726562 40.85581970214844)
Q,Completely Locked,06/22/2020 01:31:46 PM,Q385,Q385,,Active,Yes,Level 4: Accessible Playgrounds with Transfer Platforms and Ground Level Play Features,Steinway St. bet. 23 Ave. and Ditmars Blvd.,Ditmars Playground,Adults Allowed,Q385-CPA-0001,03/31/2020,06/22/2020,401,Q-01,40.7713737487793,-73.90743255615234,POINT (-73.90743255615234 40.7713737487793)
R,Not Lockable,06/22/2020 10:59:34 AM,R006,R006-01,,,,,,Lenape Playground,,,03/31/2020,06/22/2020,503,R-03,40.499298095703125,-74.24482727050781,POINT (-74.24482727050781 40.499298095703125)
B,Completely Locked,06/22/2020 03:21:57 PM,B286,B286,,Active,Yes,Level 4: Accessible Playgrounds with Transfer Platforms and Ground Level Play Features,"Whipple St., Bartlett St., between Throop Ave. and Flushing Ave.",Bartlett Playground,Adults Allowed,B286-CPA-0001,03/31/2020,06/21/2020,301,B-01,40.70075607299805,-73.94622039794922,POINT (-73.94622039794922 40.70075607299805)
B,Completely Locked,06/24/2020 09:40:34 AM,B395,B395,,Active,No,Not Applicable,"Flushing Ave., Central Ave., Noll St., Evergreen Ave.",Green Central Knoll,Adults Allowed,B395-CPA-0001,03/31/2020,06/23/2020,304,B-04,40.702491760253906,-73.93321228027344,POINT (-73.93321228027344 40.702491760253906)
X,Partially Locked,06/22/2020 11:12:54 AM,X187,X187-01,,Active,Yes,Level 4: Accessible Playgrounds with Transfer Platforms and Ground Level Play Features,"E Gun Hill & Eastchester Rds, Arnow Ave, O'Neill Pl",Angelo Campanaro Plgd,Adults Allowed,X187-CPA-0001,03/31/2020,06/21/2020,211,X-12,40.86800765991211,-73.84210205078125,POINT (-73.84210205078125 40.86800765991211)
Q,Partially Locked,06/22/2020 04:52:54 PM,Q005,Q005-05,,Active,No,Not Applicable,157 St & 116 Ave,157 St Playground,Unknown,Q005-CPA-0003,03/31/2020,,412,Q-12,40.684783935546875,-73.78640747070312,POINT (-73.78640747070312 40.684783935546875)
X,Not Lockable,06/22/2020 09:39:52 AM,X047,X047-01,,Active,Yes,Level 4: Accessible Playgrounds with Transfer Platforms and Ground Level Play Features,"E 153 St, Walton Ave & Gerard Ave",Franz Sigel Park Playground,Adults not allowed in some locations,X047-CPA-0001,03/31/2020,06/21/2020,204,X-04,40.82252502441406,-73.92736053466797,POINT (-73.92736053466797 40.82252502441406)
M,Partially Locked,06/22/2020 10:43:20 AM,M223,M223,,Active,Yes,Level 2: Accessible Playgrounds with Ramped Play Equipment and Universally Accessible Swings,Amsterdam Ave. bet. W. 136 St. and W. 138 St.,Jacob H. Schiff Playground,Adults Allowed,M223-CPA-0001,03/31/2020,06/21/2020,109,M-09,40.820030212402344,-73.95223999023438,POINT (-73.95223999023438 40.820030212402344)
B,Completely Locked,06/22/2020 04:20:06 PM,B210A,B210A,,Active,Yes,Level 4: Accessible Playgrounds with Transfer Platforms and Ground Level Play Features,3 Ave. bet. 64 St. and 65 St.,John Allen Payne Playground,Unknown,B210A-CPA-0001,03/31/2020,06/22/2020,307,B-07,40.63987731933594,-74.023681640625,POINT (-74.023681640625 40.63987731933594)
R,Completely Locked,06/22/2020 05:17:29 PM,R061,R061,,Active,No,Not Applicable,"Tompkins Ave., Broad St. and Hill St.",Stapleton Playground,Unknown,R061-CPA-0001,03/31/2020,,501,R-01,40.62272262573242,-74.07923126220703,POINT (-74.07923126220703 40.62272262573242)
M,Completely Locked,06/22/2020 12:57:00 PM,M110,M110,,Active,Yes,Level 2: Accessible Playgrounds with Ramped Play Equipment and Universally Accessible Swings,"W. 138 St., bet. Lenox Ave. and 5 Ave.",William McCray Playground,Adults Allowed,M110-CPA-0001,03/31/2020,06/21/2020,110,M-10,40.815486907958984,-73.93755340576172,POINT (-73.93755340576172 40.815486907958984)
B,Completely Locked,06/22/2020 03:23:39 PM,B132,B132,,Active,No,Not Applicable,Mc Kibbin St. bet. White St. and Bogart St.,Gilbert Ramirez Park,Adults Allowed,B132-CPA-0001,03/31/2020,06/21/2020,301,B-01,40.70591354370117,-73.93478393554688,POINT (-73.93478393554688 40.70591354370117)
B,Completely Locked,06/22/2020 04:20:06 PM,B210B,B210B,,Active,Yes,Level 4: Accessible Playgrounds with Transfer Platforms and Ground Level Play Features,3 Ave. bet. 35 St. and 34 St.,D'Emic Playground,Adults Allowed,B210B-CPA-0001,03/31/2020,06/22/2020,307,B-07,40.6561393737793,-74.00502014160156,POINT (-74.00502014160156 40.6561393737793)
Q,Completely Locked,06/23/2020 11:07:14 AM,Q349,Q349,,Active,Yes,Level 2: Accessible Playgrounds with Ramped Play Equipment and Universally Accessible Swings,75 Ave. bet. Bell Blvd. and 217 St.,Telephone Playground,Adults Allowed,Q349-CPA-0001,03/31/2020,06/23/2020,411,Q-11,40.738643646240234,-73.7564926147461,POINT (-73.7564926147461 40.738643646240234)
B,Completely Locked,06/22/2020 03:07:25 PM,B096,B096,,,,,Vandervoort Ave. bet. Cherry St. and Anthony St.,Sgt. William Dougherty Playground,,,03/31/2020,06/21/2020,301,B-01,40.723636627197266,-73.9370346069336,POINT (-73.9370346069336 40.723636627197266)
M,Completely Locked,06/19/2020 10:06:13 AM,M144,M144-01,,Active,Yes,Level 4: Accessible Playgrounds with Transfer Platforms and Ground Level Play Features,E 11 St & East River Dr,East River Playground,Unknown,M144-CPA-0001,03/31/2020,06/19/2020,103,M-03,40.72427749633789,-73.97265625,POINT (-73.97265625 40.72427749633789)
X,Completely Locked,06/22/2020 09:56:21 AM,X233,X233,,Active,Yes,Level 4: Accessible Playgrounds with Transfer Platforms and Ground Level Play Features,Union Av bet. E 150 St and  e 152 St,Fountain Of Youth Playground,Adults Allowed,X233-CPA-0001,03/31/2020,06/21/2020,201,X-01,40.81376647949219,-73.90526580810547,POINT (-73.90526580810547 40.81376647949219)
B,Completely Locked,06/22/2020 01:08:04 PM,B387,B387,,,,,,Hilltop Playground,,,03/31/2020,06/20/2020,316,B-16,40.67532730102539,-73.91433715820312,POINT (-73.91433715820312 40.67532730102539)
B,Completely Locked,06/22/2020 01:55:05 PM,B315,B315,,Active,Yes,Level 4: Accessible Playgrounds with Transfer Platforms and Ground Level Play Features,Surf Ave. between W. 25 St. and W. 27 St.,Surf Playground,Adults Allowed,B315-CPA-0001,03/31/2020,06/22/2020,313,B-13,40.57358169555664,-73.99248504638672,POINT (-73.99248504638672 40.57358169555664)
M,Completely Locked,06/19/2020 10:11:51 AM,M195,M195,,Active,Yes,Level 2: Accessible Playgrounds with Ramped Play Equipment and Universally Accessible Swings,Lewis St. bet. Delancey St. and Broome St.,Sidney Hillman Playground,Adults Allowed,M195-CPA-0001,03/31/2020,06/19/2020,103,M-03,40.71533966064453,-73.97956848144531,POINT (-73.97956848144531 40.71533966064453)
B,Completely Locked,06/22/2020 04:16:36 PM,B007,B007-01,,Active,Yes,Level 4: Accessible Playgrounds with Transfer Platforms and Ground Level Play Features,Bay Pkwy & Cropsey Avenue,Bensonhurst Park Playground,Unknown,B007-CPA-0001,03/31/2020,,311,B-11,40.596954345703125,-73.99982452392578,POINT (-73.99982452392578 40.596954345703125)
B,Completely Locked,06/22/2020 12:32:10 PM,B345,B345,,Active,Yes,Level 4: Accessible Playgrounds with Transfer Platforms and Ground Level Play Features,Wortman Ave. between Vermont St. and New Jersey Ave.,Ethan Allen Playground,Adults Allowed,B345-CPA-0001,03/31/2020,06/20/2020,305,B-05,40.65585708618164,-73.88682556152344,POINT (-73.88682556152344 40.65585708618164)
X,Completely Locked,06/22/2020 09:42:22 AM,X034,X034-01,,Active,Yes,Level 2: Accessible Playgrounds with Ramped Play Equipment and Universally Accessible Swings,E 164 St & Jerome Ave,Mullaly Plgd (1),Adults not allowed in some locations,X034-CPA-0001,03/31/2020,06/21/2020,204,X-04,40.83137512207031,-73.92540740966797,POINT (-73.92540740966797 40.83137512207031)
Q,Not Lockable,06/21/2020 04:25:14 PM,Q011,Q011,,Active,Yes,Level 2: Accessible Playgrounds with Ramped Play Equipment and Universally Accessible Swings,"20 Ave., 21 Ave. bet. 123 St. and 124 St.",Poppenhusen Playground,Adults Allowed,Q011-CPA-0001,03/31/2020,06/21/2020,407,Q-07,40.7813720703125,-73.84453582763672,POINT (-73.84453582763672 40.7813720703125)
Q,Completely Locked,06/21/2020 01:04:53 PM,Q024,Q024-05,,Active,Yes,Level 4: Accessible Playgrounds with Transfer Platforms and Ground Level Play Features,Rose & Oak Aves,Playground,Unknown,Q024-CPA-0003,03/31/2020,06/21/2020,407,Q-07,40.749454498291016,-73.80740356445312,POINT (-73.80740356445312 40.749454498291016)
M,Completely Locked,06/22/2020 11:19:07 AM,M010,M010-187,,Active,Yes,Level 4: Accessible Playgrounds with Transfer Platforms and Ground Level Play Features,91 St & Central Park West,Safari Plgd,Unknown,M010-CPA-0013,03/31/2020,06/21/2020,164,M-13,40.788482666015625,-73.9664306640625,POINT (-73.9664306640625 40.788482666015625)
R,Not Lockable,06/22/2020 02:55:45 PM,R145,R145-01,,,,,,Seaside Wildlife Nature Playground,,,03/31/2020,06/22/2020,503,R-03,40.54153060913086,-74.14271545410156,POINT (-74.14271545410156 40.54153060913086)
B,Completely Locked,06/22/2020 12:35:27 PM,B107,B107,,Active,Yes,Level 4: Accessible Playgrounds with Transfer Platforms and Ground Level Play Features,Riverdale Ave. bet. Van Sinderen Ave. and Snediker Ave.,Lion's Pride Playground,Adults not allowed in some locations,B107-CPA-0001,03/31/2020,06/20/2020,305,B-05,40.66270446777344,-73.89952850341797,POINT (-73.89952850341797 40.66270446777344)
B,Completely Locked,06/23/2020 10:01:04 AM,B266,B266,,Active,Yes,Level 4: Accessible Playgrounds with Transfer Platforms and Ground Level Play Features,Franklin Ave. between Willoughby Ave. and Dekalb Ave.,Star Spangled Playground,Adults Allowed,B266-CPA-0001,03/31/2020,06/22/2020,303,B-03,40.69143295288086,-73.95768737792969,POINT (-73.95768737792969 40.69143295288086)
M,Completely Locked,06/22/2020 11:15:08 AM,M010,M010-103,,Active,Yes,Level 3: Accessible Playgrounds with Universally Accessible Swings,"77 St, W/o 5th Ave",James Michael Levin Plgd,Unknown,M010-CPA-0006,03/31/2020,06/21/2020,164,M-13,40.77582550048828,-73.9652328491211,POINT (-73.9652328491211 40.77582550048828)
B,Completely Locked,06/23/2020 10:08:49 AM,B391,B391,,Active,Yes,Level 2: Accessible Playgrounds with Ramped Play Equipment and Universally Accessible Swings,Argyle Rd. and Cortelyou Rd.,Lt. Federico Narvaez Tot Lot,Adults not allowed in some locations,B391-CPA-0001,03/31/2020,06/22/2020,314,B-14,40.64026641845703,-73.9659194946289,POINT (-73.9659194946289 40.64026641845703)
B,Completely Locked,06/24/2020 09:39:59 AM,B302,B302,,Active,Yes,Level 4: Accessible Playgrounds with Transfer Platforms and Ground Level Play Features,"Ellery St. at Delmonico Pl., Hopkinds St. bet. Tompkins Ave. and Throop Ave.",Charlie's Place,Adults Allowed,B302-CPA-0001,03/31/2020,06/23/2020,303,B-03,40.699214935302734,-73.94650268554688,POINT (-73.94650268554688 40.699214935302734)
M,Partially Locked,06/22/2020 10:58:58 AM,M220,M220,,Active,Yes,Level 4: Accessible Playgrounds with Transfer Platforms and Ground Level Play Features,Amsterdam Ave bet. W. 100 St. and W 102 St.,Frederick Douglass Playground,Adults Allowed,M220-CPA-0001,03/31/2020,06/21/2020,107,M-07,40.79677963256836,-73.96797180175781,POINT (-73.96797180175781 40.79677963256836)
B,Completely Locked,06/22/2020 02:30:12 PM,B017,B017,,Active,Yes,Level 4: Accessible Playgrounds with Transfer Platforms and Ground Level Play Features,Knickerbocker Ave. bet. Woodbine St. and Putnam Ave.,Bushwick Playground,Adults not allowed in some locations,B017-CPA-0001,03/31/2020,06/22/2020,304,B-04,40.69611358642578,-73.91161346435547,POINT (-73.91161346435547 40.69611358642578)
X,Completely Locked,06/22/2020 09:39:14 AM,X154,X154,,Active,Yes,Level 4: Accessible Playgrounds with Transfer Platforms and Ground Level Play Features,Courtlandt Av bet. E 154 St and E 155 St,Melrose Playground,Adults Allowed,X154-CPA-0001,03/31/2020,06/21/2020,201,X-01,40.82044219970703,-73.91814422607422,POINT (-73.91814422607422 40.82044219970703)
B,Completely Locked,06/23/2020 10:01:04 AM,B322,B322,,Active,Yes,Level 4: Accessible Playgrounds with Transfer Platforms and Ground Level Play Features,Hart St. to Pulaski St. between Throop Ave. and Marcus Garvey Blvd.,Pulaski Playground,Adults Allowed,B322-CPA-0001,03/31/2020,06/22/2020,303,B-03,40.69346618652344,-73.94212341308594,POINT (-73.94212341308594 40.69346618652344)
B,Completely Locked,06/23/2020 10:01:04 AM,B088,B088-03,,Active,Yes,Level 4: Accessible Playgrounds with Transfer Platforms and Ground Level Play Features,Lafayette Ave Btw Marcy & Tompkins Aves,Herbert Von King Park,Adults not allowed in some locations,B088-CPA-0002,03/31/2020,06/22/2020,303,B-03,40.690128326416016,-73.94644165039062,POINT (-73.94644165039062 40.690128326416016)
M,Partially Locked,06/22/2020 05:21:43 PM,M081,M081-02,,Active,Yes,Level 3: Accessible Playgrounds with Universally Accessible Swings,East 84 St & East End Ave,Catbird Playground,Adults Allowed,M081-CPA-0001,03/31/2020,06/21/2020,108,M-08,40.77398681640625,-73.9447250366211,POINT (-73.9447250366211 40.77398681640625)
B,Completely Locked,06/22/2020 02:59:47 PM,B135,B135,,,,,,Newtown Barge Playground,,,03/31/2020,06/21/2020,301,B-01,40.73591995239258,-73.9609603881836,POINT (-73.9609603881836 40.73591995239258)
Q,Partially Locked,06/19/2020 01:26:09 PM,Q015,Q015-03,,Active,Yes,Level 4: Accessible Playgrounds with Transfer Platforms and Ground Level Play Features,108 St & Myrtle Ave,Jackson Pond Playground,Unknown,Q015-CPA-0002,03/31/2020,06/19/2020,482,Q-16,40.70096969604492,-73.84271240234375,POINT (-73.84271240234375 40.70096969604492)
X,Completely Locked,06/22/2020 10:39:57 AM,X171,X171,,Active,Yes,Level 3: Accessible Playgrounds with Universally Accessible Swings,Douglas Av bet. W 235 St and W 236 St,Spuyten Duyvil Playground,Adults Allowed,X171-CPA-0001,03/31/2020,06/21/2020,208,X-08,40.88719177246094,-73.91641998291016,POINT (-73.91641998291016 40.88719177246094)
M,Completely Locked,06/22/2020 01:06:09 PM,M208A,M208A,,Active,Yes,Level 4: Accessible Playgrounds with Transfer Platforms and Ground Level Play Features,"Lexington Ave., E. 128 St. to E. 129 St.",Alice Kornegay Triangle,Adults Allowed,M208A-CPA-0001,03/31/2020,06/21/2020,111,M-11,40.80633544921875,-73.93524169921875,POINT (-73.93524169921875 40.80633544921875)
Q,Partially Locked,06/21/2020 11:27:34 AM,Q369,Q369,,Active,Yes,Level 2: Accessible Playgrounds with Ramped Play Equipment and Universally Accessible Swings,248 St. bet. Van Zandt Ave. and 52 Ave.,Louis Pasteur Park,Adults Allowed,Q369-CPA-0001,03/31/2020,06/21/2020,411,Q-11,40.761573791503906,-73.73532104492188,POINT (-73.73532104492188 40.761573791503906)
B,Completely Locked,06/22/2020 01:38:44 PM,B352,B352,,Active,Yes,Level 4: Accessible Playgrounds with Transfer Platforms and Ground Level Play Features,Foster Ave. between E. 81 St. and E. 82 St.,Curtis Playground,Adults Allowed,B352-CPA-0001,03/31/2020,06/22/2020,318,B-18,40.64097595214844,-73.91736602783203,POINT (-73.91736602783203 40.64097595214844)
Q,Completely Locked,06/21/2020 03:18:49 PM,Q027,Q027-02,,Active,Yes,Level 4: Accessible Playgrounds with Transfer Platforms and Ground Level Play Features,120th Ave & 238th Street,Laurelton Parkway West Playground,Unknown,Q027-CPA-0001,03/31/2020,06/21/2020,413,Q-13,40.6854362487793,-73.72681427001953,POINT (-73.72681427001953 40.6854362487793)
Q,Not Lockable,06/21/2020 03:03:32 PM,Q351,Q351,,Active,Yes,Level 2: Accessible Playgrounds with Ramped Play Equipment and Universally Accessible Swings,Liberty Ave. bet. 183 St. and 183 Pl.,Peters Field,Adults Allowed,Q351-CPA-0001,03/31/2020,06/21/2020,412,Q-12,40.70654296875,-73.77458953857422,POINT (-73.77458953857422 40.70654296875)
Q,Partially Locked,06/23/2020 11:11:01 AM,Q082,Q082,,Active,No,Not Applicable,Robard La. bet. Hollis Ave. and Montery St.,Wayanda Park,Adults Allowed,Q082-CPA-0001,03/31/2020,06/23/2020,413,Q-13,40.711029052734375,-73.73873138427734,POINT (-73.73873138427734 40.711029052734375)
R,Not Lockable,06/22/2020 02:58:36 PM,R100,R100,,Active,No,Not Applicable,"Drumgoole Rd. W., Grantwood Ave., Carlton Ave., Rathbun Ave.",Drumgoole Tot Lot,Adults Allowed,R100-CPA-0001,03/31/2020,06/22/2020,503,R-03,40.54914474487305,-74.18004608154297,POINT (-74.18004608154297 40.54914474487305)
X,Not Lockable,06/22/2020 10:16:00 AM,X158,X158,,Active,Yes,Level 4: Accessible Playgrounds with Transfer Platforms and Ground Level Play Features,Cross Bronx Exwy. Sr. Ramp bet. Undercliff Ave. and Dr. MLK Jr. Blvd.,Sedgwick Playground,Adults not allowed in some locations,X158-CPA-0001,03/31/2020,06/21/2020,205,X-05,40.84573745727539,-73.92330169677734,POINT (-73.92330169677734 40.84573745727539)
B,Completely Locked,06/22/2020 04:19:50 PM,B126,B126-01,,Active,Yes,Level 4: Accessible Playgrounds with Transfer Platforms and Ground Level Play Features,"Lorraine, Clinton, Henry Sts",Bush Clinton Park,Unknown,B126-CPA-0001,03/31/2020,06/22/2020,306,B-06,40.67340850830078,-74.00282287597656,POINT (-74.00282287597656 40.67340850830078)
B,Partially Locked,06/22/2020 12:29:29 PM,B261,B261,,Active,Yes,Level 4: Accessible Playgrounds with Transfer Platforms and Ground Level Play Features,Livonia Ave. between Barbey St. and Schenck Ave.,Sankofa Park,Adults Allowed,B261-CPA-0001,03/31/2020,06/20/2020,305,B-05,40.665489196777344,-73.88632202148438,POINT (-73.88632202148438 40.665489196777344)
R,Completely Locked,06/22/2020 02:53:16 PM,R031,R031-11,,Active,Yes,Level 3: Accessible Playgrounds with Universally Accessible Swings,"End Of Cornelia Ave, Opp Hockey Rink",Wolfe's Pond Park,Adults not allowed in some locations,R031-CPA-0002,03/31/2020,06/22/2020,503,R-03,40.51845169067383,-74.18736267089844,POINT (-74.18736267089844 40.51845169067383)
X,Completely Locked,06/22/2020 10:21:36 AM,X002,X002-07,,Active,Yes,Level 2: Accessible Playgrounds with Ramped Play Equipment and Universally Accessible Swings,"East 180th St, Boston Rd",River Park,Adults Allowed,X002-CPA-0004,03/31/2020,06/21/2020,227,X-14,40.84331130981445,-73.87733459472656,POINT (-73.87733459472656 40.84331130981445)
M,Completely Locked,06/19/2020 10:04:08 AM,M082,M082,,Active,Yes,Level 2: Accessible Playgrounds with Ramped Play Equipment and Universally Accessible Swings,"Canal St, Essex St, Jefferson St and E Broadway",Seward Park,Adults Allowed,M082-CPA-0001,03/31/2020,06/19/2020,103,M-03,40.714656829833984,-73.98966979980469,POINT (-73.98966979980469 40.714656829833984)
B,Completely Locked,06/22/2020 01:21:36 PM,B285,B285,,Active,Yes,Level 4: Accessible Playgrounds with Transfer Platforms and Ground Level Play Features,"Ave. D, Ditmas Ave. bet. E. 56 St. and E. 57 St.",Harry Maze Playground,Adults Allowed,B285-CPA-0001,03/31/2020,06/22/2020,317,B-17,40.64305114746094,-73.92340087890625,POINT (-73.92340087890625 40.64305114746094)
M,Completely Locked,06/22/2020 03:27:46 PM,M071,M071-13,,Active,Yes,Level 3: Accessible Playgrounds with Universally Accessible Swings,W 91 St & Riverside Dr,Hippo Plgd,Unknown,M071-CPA-0006,03/31/2020,06/21/2020,107,M-14,40.793060302734375,-73.97821044921875,POINT (-73.97821044921875 40.793060302734375)
Q,Not Lockable,06/23/2020 11:02:11 AM,Q121,Q121-01,,Active,No,Not Applicable,173 St & 106 Ave,173 St Playground (det. Williams),Adults Allowed,Q121-CPA-0001,03/31/2020,06/23/2020,412,Q-12,40.70196533203125,-73.78363800048828,POINT (-73.78363800048828 40.70196533203125)
B,Partially Locked,06/22/2020 12:20:00 PM,B149B,B149B,,Active,No,Not Applicable,Linwood St. bet. New Lots Ave. and Hegeman Ave.,Linwood Playground,Adults Allowed,B149B-CPA-0001,03/31/2020,06/20/2020,305,B-05,40.6663932800293,-73.880615234375,POINT (-73.880615234375 40.6663932800293)
Q,Completely Locked,06/21/2020 02:55:40 PM,Q414,Q414,,Active,Yes,Level 4: Accessible Playgrounds with Transfer Platforms and Ground Level Play Features,N Conduit Ave. and 149 Ave.bet. Whitelaw St. and Lafayette St.,Rocket Playground,Adults Allowed,Q414-CPA-0001,03/31/2020,06/21/2020,410,Q-10,40.670684814453125,-73.8465576171875,POINT (-73.8465576171875 40.670684814453125)
R,Not Lockable,06/22/2020 02:32:02 PM,R046,R046-01,,,,,,South Beach Playground,,,03/31/2020,06/22/2020,595,R-02B,40.59222412109375,-74.0633316040039,POINT (-74.0633316040039 40.59222412109375)
M,Completely Locked,06/19/2020 10:06:57 AM,M033,M033,,Active,Yes,Level 4: Accessible Playgrounds with Transfer Platforms and Ground Level Play Features,"E Houston St, Stanton St, Sheriff St, Pitt St",Hamilton Fish Park,Unknown,M033-CPA-0001,03/31/2020,06/19/2020,103,M-03,40.72016143798828,-73.98045349121094,POINT (-73.98045349121094 40.72016143798828)
X,Completely Locked,06/22/2020 10:20:15 AM,X148H,X148H,,Active,Yes,Level 4: Accessible Playgrounds with Transfer Platforms and Ground Level Play Features,S/S E 176 St bet. Crotona Av and Prospect Av,Admiral Farragut Playground,Adults Allowed,X148H-CPA-0001,03/31/2020,06/21/2020,206,X-06,40.843074798583984,-73.89207458496094,POINT (-73.89207458496094 40.843074798583984)
X,Completely Locked,06/22/2020 10:47:36 AM,X188,X188,,Active,Yes,Level 4: Accessible Playgrounds with Transfer Platforms and Ground Level Play Features,Matilda Ave. to Carpenter Ave. bet. E. 239 St. and E. 240 St.,Wakefield Playground,Adults Allowed,X188-CPA-0001,03/31/2020,06/21/2020,212,X-12,40.90190505981445,-73.85480499267578,POINT (-73.85480499267578 40.90190505981445)
Q,Completely Locked,06/22/2020 01:03:49 PM,Q376,Q376,,,,,,Cedar Grove Playground,,,03/31/2020,06/21/2020,408,Q-08,40.73616027832031,-73.82447052001953,POINT (-73.82447052001953 40.73616027832031)
R,Completely Locked,06/22/2020 01:43:08 PM,R005,R005-01,,Active,Yes,Level 3: Accessible Playgrounds with Universally Accessible Swings,Clove Rd & Cheshire Pl,Clove Lakes Park Plgd,Adults not allowed in some locations,R005-CPA-0001,03/31/2020,06/22/2020,501,R-01,40.61851501464844,-74.10601806640625,POINT (-74.10601806640625 40.61851501464844)
X,Not Lockable,06/22/2020 10:10:30 AM,X010,X010-08,,Active,Yes,Level 4: Accessible Playgrounds with Transfer Platforms and Ground Level Play Features,"Crotona E-Claremont, Prospect",Martin Van Buren Plgd,Adults not allowed in some locations,X010-CPA-0007,03/31/2020,06/21/2020,203,X-03,40.83539962768555,-73.89588928222656,POINT (-73.89588928222656 40.83539962768555)
Q,Partially Locked,06/22/2020 01:06:27 PM,Q314,Q314,,Active,Yes,Level 4: Accessible Playgrounds with Transfer Platforms and Ground Level Play Features,67 Ave. bet. 173 St. and 174 St.,Fresh Meadows Playground,Adults Allowed,Q314-CPA-0001,03/31/2020,06/21/2020,408,Q-08,40.73436737060547,-73.79644012451172,POINT (-73.79644012451172 40.73436737060547)
X,Completely Locked,06/22/2020 10:24:20 AM,X302,X302,,Active,Yes,Level 4: Accessible Playgrounds with Transfer Platforms and Ground Level Play Features,E 183 St bet. Park Av and Webster Av,Thorpe Family Playground,Adults not allowed in some locations,X302-CPA-0001,03/31/2020,06/21/2020,206,X-06,40.85623550415039,-73.89488220214844,POINT (-73.89488220214844 40.85623550415039)
R,Not Lockable,06/22/2020 02:28:00 PM,R065,R065-01,,Active,No,Not Applicable,Inside Willowbrook Park Adj To Carousel For All Children,Willowbrook (Carousel) Adventure Station,Unknown,R065-CPA-0001,03/31/2020,06/22/2020,502,R-02,40.6031379699707,-74.15802001953125,POINT (-74.15802001953125 40.6031379699707)
X,Completely Locked,06/22/2020 11:05:53 AM,X178,X178,,Active,Yes,Level 4: Accessible Playgrounds with Transfer Platforms and Ground Level Play Features,Mathews Ave. bet. Morris Park Ave. and Rhinelander Ave.,Matthews Muliner Playground,Adults Allowed,X178-CPA-0001,03/31/2020,06/21/2020,211,X-11,40.847023010253906,-73.86156463623047,POINT (-73.86156463623047 40.847023010253906)
M,Partially Locked,06/22/2020 11:39:17 AM,M009,M009,,Active,Yes,Level 4: Accessible Playgrounds with Transfer Platforms and Ground Level Play Features,"Ft Washington Av, W 183 St, Pinehurst Av",Bennett Park,Adults Allowed,M009-CPA-0001,03/31/2020,06/21/2020,112,M-12,40.85321807861328,-73.9380111694336,POINT (-73.9380111694336 40.85321807861328)
B,Completely Locked,06/22/2020 12:39:59 PM,B339,B339,,Active,Yes,Level 4: Accessible Playgrounds with Transfer Platforms and Ground Level Play Features,Riverdale Ave. bet. Thatford Ave. and Osborn St.,Newport Playground,Adults not allowed in some locations,B339-CPA-0001,03/31/2020,06/20/2020,316,B-16,40.66107940673828,-73.90692901611328,POINT (-73.90692901611328 40.66107940673828)
B,Completely Locked,06/22/2020 03:24:36 PM,B223NA,B223NA,,,,,,Classon Playground,,,03/31/2020,06/21/2020,301,B-01,40.69906997680664,-73.96206665039062,POINT (-73.96206665039062 40.69906997680664)
M,Completely Locked,06/22/2020 10:47:36 AM,M056,M056-01,,Active,Yes,Level 3: Accessible Playgrounds with Universally Accessible Swings,W 123 St & Morningside Ave,Playground 123,Adults Allowed,M056-CPA-0001,03/31/2020,06/21/2020,109,M-09,40.809959411621094,-73.95609283447266,POINT (-73.95609283447266 40.809959411621094)
B,Completely Locked,06/22/2020 03:28:45 PM,B052,B052-03,,Active,No,Not Applicable,"8th Ave To Ft Hamilton Pkwy, Btwn 66th And 67th Street",Leif Ericson Park Playground,Unknown,B052-CPA-0002,03/31/2020,06/22/2020,310,B-10,40.63127136230469,-74.01265716552734,POINT (-74.01265716552734 40.63127136230469)
B,Completely Locked,06/23/2020 12:09:12 PM,B058,B058-01,,Active,Yes,Level 4: Accessible Playgrounds with Transfer Platforms and Ground Level Play Features,"Lorimer St, Driggs Ave",Vincent V Abate Plgd,Unknown,B058-CPA-0001,03/31/2020,06/21/2020,301,B-01,40.72127151489258,-73.94995880126953,POINT (-73.94995880126953 40.72127151489258)
Q,Completely Locked,06/22/2020 06:27:04 PM,Q218,Q218,,Active,Yes,Level 3: Accessible Playgrounds with Universally Accessible Swings,"28 St., Crescent St. bet. 37 Ave. and 36 Ave.",Dutch Kills Playground,Adults Allowed,Q218-CPA-0001,03/31/2020,06/22/2020,401,Q-01,40.75779724121094,-73.93303680419922,POINT (-73.93303680419922 40.75779724121094)
B,Completely Locked,06/23/2020 10:01:04 AM,B224,B224,,Active,Yes,Level 4: Accessible Playgrounds with Transfer Platforms and Ground Level Play Features,Monroe St. to Madison St. between Patchen Ave. and Ralph Ave.,P.O. Reinaldo Salgado Playground,Adults Allowed,B224-CPA-0001,03/31/2020,06/22/2020,303,B-03,40.688175201416016,-73.92528533935547,POINT (-73.92528533935547 40.688175201416016)
X,Not Lockable,06/22/2020 10:08:55 AM,X010,X010-02,,Active,Yes,Level 2: Accessible Playgrounds with Ramped Play Equipment and Universally Accessible Swings,"Crotona N Bet Marmion, Prospect",Prospect Park (2),Adults not allowed in some locations,X010-CPA-0002,03/31/2020,06/21/2020,203,X-03,40.84042739868164,-73.89170837402344,POINT (-73.89170837402344 40.84042739868164)
Q,Completely Locked,06/21/2020 06:41:49 PM,Q102,Q102-02,,Active,No,Not Applicable,"80th St, Juniper Blvd S, 77th Place, Juniper Blvd S, 78th St",Juniper North Playground Tennis,Unknown,Q102-CPA-0001,03/31/2020,06/21/2020,405,Q-05,40.72018814086914,-73.87770080566406,POINT (-73.87770080566406 40.72018814086914)
M,Completely Locked,06/19/2020 10:07:43 AM,M105,M105-08,,Active,Yes,Level 3: Accessible Playgrounds with Universally Accessible Swings,Bet Grand & Hester Sts,Hester St Plgd,Adults not allowed in some locations,M105-CPA-0003,03/31/2020,06/19/2020,103,M-03,40.71712112426758,-73.99392700195312,POINT (-73.99392700195312 40.71712112426758)
B,Completely Locked,06/24/2020 10:46:06 AM,B404,B404,,Active,No,Not Applicable,E. 94 St. bet. Rutland Rd. and E. New York Ave.,East Flatbush Children's Playground,Adults not allowed in some locations,B404-CPA-0001,03/31/2020,06/23/2020,317,B-17,40.663246154785156,-73.92699432373047,POINT (-73.92699432373047 40.663246154785156)
B,Completely Locked,06/24/2020 11:34:52 AM,B102,B102,,Active,Yes,Level 4: Accessible Playgrounds with Transfer Platforms and Ground Level Play Features,Classon Ave. bet. Fulton St. and Lefferts Pl.,Crispus Attucks Playground,Adults Allowed,B102-CPA-0001,03/31/2020,06/23/2020,302,B-02,40.68146514892578,-73.95896911621094,POINT (-73.95896911621094 40.68146514892578)
M,Completely Locked,06/04/2020 04:16:17 PM,M190,M190,,Active,No,Not Applicable,"W. 126 St. to W. 129 St., Amsterdam Ave. to Old Broadway",Sheltering Arms Playground,Adults Allowed,M190-CPA-0002,03/31/2020,,109,M-09,40.815284729003906,-73.95626068115234,POINT (-73.95626068115234 40.815284729003906)
B,Completely Locked,06/22/2020 03:45:07 PM,B251,B251-08,,Active,Yes,Level 2: Accessible Playgrounds with Ramped Play Equipment and Universally Accessible Swings,Langham St & Oriental Ave,Manhattan Beach Park Playground,Adults not allowed in some locations,B251-CPA-0002,03/31/2020,06/22/2020,315,B-15,40.57750701904297,-73.940673828125,POINT (-73.940673828125 40.57750701904297)
M,Completely Locked,06/19/2020 11:26:26 AM,M132,M132,,Active,Yes,Level 2: Accessible Playgrounds with Ramped Play Equipment and Universally Accessible Swings,Madison St. bet. Clinton St. and Rutgers St.,Little Flower Playground,Adults Allowed,M132-CPA-0001,03/31/2020,06/19/2020,103,M-03,40.71253967285156,-73.98847198486328,POINT (-73.98847198486328 40.71253967285156)
Q,Completely Locked,06/21/2020 02:55:40 PM,Q386,Q386,,Active,Yes,Level 2: Accessible Playgrounds with Ramped Play Equipment and Universally Accessible Swings,Albert Rd. bet. 96 St. and Centerville St.,Centreville Playground,Adults Allowed,Q386-CPA-0001,03/31/2020,06/21/2020,410,Q-10,40.670196533203125,-73.83934783935547,POINT (-73.83934783935547 40.670196533203125)
M,Completely Locked,06/19/2020 01:03:01 PM,M196,M196,,Active,Yes,Level 4: Accessible Playgrounds with Transfer Platforms and Ground Level Play Features,Madison St. bet. Catherine St. and Oliver St.,Playground One,Adults Allowed,M196-CPA-0001,03/31/2020,,103,M-03,40.712276458740234,-73.99761199951172,POINT (-73.99761199951172 40.712276458740234)
B,Not Lockable,06/23/2020 10:01:04 AM,B359,B359,,Active,Yes,Level 4: Accessible Playgrounds with Transfer Platforms and Ground Level Play Features,Kosciuszko St. to Dekalb Ave. between Lewis Ave. and Stuyvesant Ave.,Eleanor Roosevelt Playground,Adults not allowed in some locations,B359-CPA-0001,03/31/2020,06/22/2020,303,B-03,40.69277572631836,-73.93587493896484,POINT (-73.93587493896484 40.69277572631836)
R,Completely Locked,06/22/2020 04:49:00 PM,R086,R086,,Active,Yes,Level 3: Accessible Playgrounds with Universally Accessible Swings,"Jersey St., Crescent Ave., Layton Ave., Beechwood Ave.",Davis Playground,Adults Allowed,R086-CPA-0001,03/31/2020,06/22/2020,501,R-01,40.642478942871094,-74.08525085449219,POINT (-74.08525085449219 40.642478942871094)
B,Completely Locked,06/24/2020 11:33:55 AM,B032,B032-02,,Active,Yes,Level 2: Accessible Playgrounds with Ramped Play Equipment and Universally Accessible Swings,DeKalb Ave & Washington Pk,Fort Greene Park,Unknown,B032-CPA-0002,03/31/2020,06/23/2020,302,B-02,40.690284729003906,-73.97368621826172,POINT (-73.97368621826172 40.690284729003906)
B,Completely Locked,06/22/2020 04:19:50 PM,B210F,B210F,,Active,Yes,Level 4: Accessible Playgrounds with Transfer Platforms and Ground Level Play Features,"Hamilton Ave., Nelson St. Clinton St.",Admiral Triangle,Adults not allowed in some locations,B210F-CPA-0001,03/31/2020,06/22/2020,306,B-06,40.676910400390625,-74.00106048583984,POINT (-74.00106048583984 40.676910400390625)
B,Completely Locked,06/22/2020 12:29:46 PM,B541,B541,,,,,Berriman St. between Vandalia Ave. and Schroeders Ave.,Berriman Playground,,,03/31/2020,06/20/2020,305,B-05,40.65684127807617,-73.86947631835938,POINT (-73.86947631835938 40.65684127807617)
X,Completely Locked,06/22/2020 10:56:46 AM,X004,X004-03,,Active,No,Not Applicable,"Morrison Ave, Watson Ave",Parque De Los Ninos,Adults Allowed,X004-CPA-0003,03/31/2020,06/21/2020,209,X-09,40.82704162597656,-73.87359619140625,POINT (-73.87359619140625 40.82704162597656)
Q,Completely Locked,06/22/2020 01:30:36 PM,Q436,Q436,,Active,Yes,Level 4: Accessible Playgrounds with Transfer Platforms and Ground Level Play Features,30 Ave. bet. 29 St. and 30 St.,Athens Square,Adults Allowed,Q436-CPA-0002,03/31/2020,06/22/2020,401,Q-01,40.767913818359375,-73.92218780517578,POINT (-73.92218780517578 40.767913818359375)
X,Completely Locked,06/22/2020 10:00:32 AM,X290,X290,,,,,"Longfellow Ave., Lowell St., E. 165 St.",Longfellow Playground,,,03/31/2020,06/21/2020,202,X-02,40.82559585571289,-73.88755798339844,POINT (-73.88755798339844 40.82559585571289)
B,Completely Locked,06/23/2020 10:01:04 AM,B140,B140,,Active,No,Not Applicable,Macy Ave. bet. Lafayette Ave. and Kosciuszko St.,Banneker Playground,Adults Allowed,B140-CPA-0001,03/31/2020,06/22/2020,303,B-03,40.69057083129883,-73.9485092163086,POINT (-73.9485092163086 40.69057083129883)
X,Not Lockable,06/22/2020 10:36:47 AM,X150J,X150J-01,,Active,Yes,Level 3: Accessible Playgrounds with Universally Accessible Swings,"Bailey Ave, W 234 St To Approximately W 235 St",Playground,Unknown,X150J-CPA-0001,03/31/2020,06/21/2020,208,X-08,40.88121795654297,-73.90074920654297,POINT (-73.90074920654297 40.88121795654297)
M,Partially Locked,06/22/2020 12:56:32 PM,M245,M245,,Active,Yes,Level 4: Accessible Playgrounds with Transfer Platforms and Ground Level Play Features,"7 Ave. To 8 Ave., W. 143 St. To W. 144 St.",Renaissance Playground,Adults Allowed,M245-CPA-0001,03/31/2020,06/21/2020,110,M-10,40.82151794433594,-73.9417953491211,POINT (-73.9417953491211 40.82151794433594)
B,Completely Locked,06/22/2020 03:29:41 PM,B297,B297,,Active,No,Not Applicable,"Albemarle Rd., Dahill Rd., Mcdonald Ave.",Albemarle Playground,Adults Allowed,B297-CPA-0001,03/31/2020,06/22/2020,312,B-12,40.645904541015625,-73.98035430908203,POINT (-73.98035430908203 40.645904541015625)
X,Completely Locked,06/22/2020 10:43:31 AM,X033,X033-01,,Active,Yes,Level 4: Accessible Playgrounds with Transfer Platforms and Ground Level Play Features,"E Mosholu Pkwy N, Kossuth Ave, Steuben Ave",Kossuth Plgd,Unknown,X033-CPA-0001,03/31/2020,,207,X-07,40.87790298461914,-73.8828125,POINT (-73.8828125 40.87790298461914)
Q,Not Lockable,06/21/2020 03:03:32 PM,Q106,Q106,,Active,Yes,Level 2: Accessible Playgrounds with Ramped Play Equipment and Universally Accessible Swings,"197 St., 196 St. bet. 113 Ave. and Murdock Ave.",Daniel M. O'Connell Playground,Adults Allowed,Q106-CPA-0001,03/31/2020,06/21/2020,412,Q-12,40.70033264160156,-73.75831604003906,POINT (-73.75831604003906 40.70033264160156)
M,Completely Locked,06/22/2020 01:09:29 PM,M292,M292,,Active,Yes,Level 4: Accessible Playgrounds with Transfer Platforms and Ground Level Play Features,E. 101 St. bet. 3 Ave. and Lexington Ave.,Sunshine Playground,Adults not allowed in some locations,M292-CPA-0001,03/31/2020,06/21/2020,111,M-11,40.788448333740234,-73.94792175292969,POINT (-73.94792175292969 40.788448333740234)
B,Not Lockable,06/22/2020 04:19:50 PM,B326,B326,,Active,Yes,Level 4: Accessible Playgrounds with Transfer Platforms and Ground Level Play Features,Clinton St. between Verandah Pl. and Congress St.,Cobble Hill Park,Adults not allowed in some locations,B326-CPA-0001,03/31/2020,06/22/2020,306,B-06,40.6883430480957,-73.9964370727539,POINT (-73.9964370727539 40.6883430480957)
B,Partially Locked,06/22/2020 03:07:46 PM,B257,B257,,Active,Yes,Level 2: Accessible Playgrounds with Ramped Play Equipment and Universally Accessible Swings,Frost St. bet. Debevoise Ave. and Kingsland Ave.,Frost Playground,Adults not allowed in some locations,B257-CPA-0001,03/31/2020,06/21/2020,301,B-01,40.718685150146484,-73.93923950195312,POINT (-73.93923950195312 40.718685150146484)
M,Completely Locked,07/17/2020 01:31:58 PM,M069,M069,,Active,Yes,Level 2: Accessible Playgrounds with Ramped Play Equipment and Universally Accessible Swings,Thompson St bet. Spring St and Prince St,Vesuvio Playground,Adults Allowed,M069-CPA-0001,03/31/2020,06/21/2020,102,M-02,40.7254524230957,-74.00257110595703,POINT (-74.00257110595703 40.7254524230957)
B,Completely Locked,06/22/2020 04:19:50 PM,B223A,B223A,,,,,"Rapelye St., Hicks St., Coles St.",Dimattina Playground,,,03/31/2020,06/22/2020,306,B-06,40.679969787597656,-74.00274658203125,POINT (-74.00274658203125 40.679969787597656)
Q,Completely Locked,06/21/2020 06:55:59 PM,Q306,Q306,,Active,Yes,Level 3: Accessible Playgrounds with Universally Accessible Swings,Alderton St. bet. Dieterle Cr. and Ellwell Cr.,The Painter's Playground,Adults Allowed,Q306-CPA-0001,03/31/2020,06/21/2020,406,Q-06,40.72060012817383,-73.85980224609375,POINT (-73.85980224609375 40.72060012817383)
X,Completely Locked,06/22/2020 09:47:45 AM,X153,X153-01,,Active,No,Not Applicable,W 169 St & Merriam Ave,Merriam Plgd (Upper),Adults Allowed,X153-CPA-0001,03/31/2020,06/21/2020,204,X-04,40.84036636352539,-73.92678833007812,POINT (-73.92678833007812 40.84036636352539)
X,Completely Locked,06/22/2020 10:34:18 AM,X038,X038-02,,Active,Yes,Level 2: Accessible Playgrounds with Ramped Play Equipment and Universally Accessible Swings,Reservoir & Sedgwick Aves,Fort #4 Playground,Unknown,X038-CPA-0002,03/31/2020,06/21/2020,208,X-08,40.87443161010742,-73.90110778808594,POINT (-73.90110778808594 40.87443161010742)
M,Completely Locked,06/22/2020 05:19:37 PM,M203E,M203E,,Active,Yes,Level 4: Accessible Playgrounds with Transfer Platforms and Ground Level Play Features,E. 42 St. bet. 1 Ave. and 2 Ave.,Tudor Grove Playground,Adults not allowed in some locations,M203E-CPA-0001,03/31/2020,06/21/2020,106,M-06,40.749019622802734,-73.97115325927734,POINT (-73.97115325927734 40.749019622802734)
B,Completely Locked,06/22/2020 03:35:50 PM,B148,B148,,Active,Yes,Level 2: Accessible Playgrounds with Ramped Play Equipment and Universally Accessible Swings,"Clarkson Ave., New York Ave.",Rolph Henry Playground,Adults Allowed,B148-CPA-0001,03/31/2020,06/22/2020,309,B-09,40.65581512451172,-73.94754791259766,POINT (-73.94754791259766 40.65581512451172)
M,Completely Locked,06/22/2020 03:14:13 PM,M027,M027,,Active,Yes,Level 4: Accessible Playgrounds with Transfer Platforms and Ground Level Play Features,"Downing St to Carmine St, Av Of Americas",Downing Street Playground,Adults Allowed,M027-CPA-0001,03/31/2020,06/21/2020,102,M-02,40.729827880859375,-74.00265502929688,POINT (-74.00265502929688 40.729827880859375)
Q,Completely Locked,06/21/2020 06:55:59 PM,Q357B,Q357B,,Active,No,Not Applicable,"Horace Harding Exwy. Sr. Rd. S., 62 Ave. bet. 99 St. and 102 St.",Real Good Playground,Adults Allowed,Q357B-CPA-0001,03/31/2020,06/21/2020,406,Q-06,40.735496520996094,-73.85753631591797,POINT (-73.85753631591797 40.735496520996094)
Q,Completely Locked,06/21/2020 04:56:36 PM,Q162E,Q162E,,Active,Yes,Level 4: Accessible Playgrounds with Transfer Platforms and Ground Level Play Features,Rockaway Boardwalk bet. B. 60 St. and B. 59 St.,Beach 59th St Playground,Adults Allowed,Q162E-CPA-0001,03/31/2020,06/21/2020,414,Q-14,40.58924865722656,-73.78905487060547,POINT (-73.78905487060547 40.58924865722656)
Q,Partially Locked,06/19/2020 01:59:41 PM,Q021,Q021-03,,Active,Yes,Level 4: Accessible Playgrounds with Transfer Platforms and Ground Level Play Features,210 St & 73 Ave,210 St Playground,Unknown,Q021-CPA-0003,03/31/2020,06/19/2020,408,Q-08,40.739295959472656,-73.76531219482422,POINT (-73.76531219482422 40.739295959472656)
X,Completely Locked,06/22/2020 10:10:59 AM,X010,X010-12,,Active,Yes,Level 4: Accessible Playgrounds with Transfer Platforms and Ground Level Play Features,"Fulton Ave, E 173 - E 174 Sts",Bathgate Playground,Adults Allowed,X010-CPA-0009,03/31/2020,06/21/2020,203,X-03,40.84089279174805,-73.89752960205078,POINT (-73.89752960205078 40.84089279174805)
X,Completely Locked,06/22/2020 09:50:34 AM,X115,X115,,Active,Yes,Level 4: Accessible Playgrounds with Transfer Platforms and Ground Level Play Features,Morris Av bet. Mc Clellan St and E 166 St,Mott Playground,Adults Allowed,X115-CPA-0001,03/31/2020,06/21/2020,204,X-04,40.83107376098633,-73.91483306884766,POINT (-73.91483306884766 40.83107376098633)
M,Partially Locked,06/22/2020 03:12:58 PM,M237,M237,,Active,Yes,Level 2: Accessible Playgrounds with Ramped Play Equipment and Universally Accessible Swings,Hudson St. bet. Gansevoort St. and Horatio St.,Corporal John A. Seravalli Playground,Adults Allowed,M237-CPA-0001,03/31/2020,06/21/2020,102,M-02,40.73898696899414,-74.00447082519531,POINT (-74.00447082519531 40.73898696899414)
M,Completely Locked,06/22/2020 03:14:35 PM,M395,M395,,Active,No,Not Applicable,La Guardia Pl. bet. W. 3 St. and Bleecker St.,Fiorello La Guardia Park,Adults not allowed in some locations,M395-CPA-0001,03/31/2020,06/21/2020,102,M-02,40.72885513305664,-73.99807739257812,POINT (-73.99807739257812 40.72885513305664)
X,Not Lockable,06/04/2020 04:16:17 PM,X148H2,X148H2,,,,,Prospect Ave. bet. N/B Cross Bronx Exwy. and Fairmount Pl.,Fairmount Playground,,,03/31/2020,,206,X-06,40.84278106689453,-73.88958740234375,POINT (-73.88958740234375 40.84278106689453)
R,Completely Locked,06/22/2020 04:48:41 PM,R025,R025,,Active,Yes,Level 4: Accessible Playgrounds with Transfer Platforms and Ground Level Play Features,"Beechwood Ave., Crescent Ave. and Jersey St.",Mahoney Playground,Adults not allowed in some locations,R025-CPA-0002,03/31/2020,06/22/2020,501,R-01,40.64319610595703,-74.08539581298828,POINT (-74.08539581298828 40.64319610595703)
M,Partially Locked,06/22/2020 04:25:26 PM,M208D,M208D,Yes,,,,,Each One Teach One,,,03/31/2020,06/21/2020,111,M-11,40.80715560913086,-73.9345703125,POINT (-73.9345703125 40.80715560913086)
Q,Completely Locked,06/21/2020 02:55:40 PM,Q094,Q094-01,,Active,Yes,Level 4: Accessible Playgrounds with Transfer Platforms and Ground Level Play Features,"Bet 81-82 Sts, N Conduit Ave",Addabbo Playground,Adults Allowed,Q094-CPA-0001,03/31/2020,06/21/2020,410,Q-10,40.67327880859375,-73.85462188720703,POINT (-73.85462188720703 40.67327880859375)
Q,Completely Locked,06/21/2020 03:03:32 PM,Q405,Q405,,Active,Yes,Level 4: Accessible Playgrounds with Transfer Platforms and Ground Level Play Features,Hollis Ave. bet. 204 St. and 205 St.,Hollis Playground,Adults Allowed,Q405-CPA-0001,03/31/2020,06/21/2020,412,Q-12,40.70659255981445,-73.75318145751953,POINT (-73.75318145751953 40.70659255981445)
M,Completely Locked,06/22/2020 01:09:52 PM,M230,M230,,Active,No,Not Applicable,E. 109 St. bet. 2 Ave. and 3 Ave.,Poor Richard's Playground,Adults Allowed,M230-CPA-0001,03/31/2020,06/21/2020,111,M-11,40.79312515258789,-73.94313049316406,POINT (-73.94313049316406 40.79312515258789)
X,Completely Locked,06/22/2020 09:51:44 AM,X032,X032,,Active,Yes,Level 4: Accessible Playgrounds with Transfer Platforms and Ground Level Play Features,Coutlandt Av bet. E 161 St and E 162 St,Railroad Park,Adults not allowed in some locations,X032-CPA-0001,03/31/2020,06/21/2020,203,X-03,40.82513427734375,-73.91507720947266,POINT (-73.91507720947266 40.82513427734375)
M,Partially Locked,06/19/2020 11:00:50 AM,M017,M017,,Active,Yes,Level 4: Accessible Playgrounds with Transfer Platforms and Ground Level Play Features,"Jackson St, Cherry St, FDR Drive",Corlears Hook Park,Adults Allowed,M017-CPA-0001,03/31/2020,06/19/2020,103,M-03,40.711421966552734,-73.97940063476562,POINT (-73.97940063476562 40.711421966552734)
X,Completely Locked,06/22/2020 11:02:37 AM,X205,X205,,Active,No,Not Applicable,"Watson Ave., Blackrock Ave. bet. Virginia Ave., Pugsley Ave.",Black Rock Playground,Adults not allowed in some locations,X205-CPA-0001,03/31/2020,06/21/2020,209,X-09,40.828372955322266,-73.8580093383789,POINT (-73.8580093383789 40.828372955322266)
X,Completely Locked,06/22/2020 10:00:53 AM,X284,X284,,Active,No,Not Applicable,Hoe Av bet. Aldus St and Westchester Av,Printers Park,Adults not allowed in some locations,X284-CPA-0002,03/31/2020,06/21/2020,202,X-02,40.82335662841797,-73.89073181152344,POINT (-73.89073181152344 40.82335662841797)
M,Completely Locked,06/22/2020 11:09:39 AM,M010,M010-089,,Active,No,Not Applicable,68 St & Central Park West (W),Adventure Playground,Unknown,M010-CPA-0004,03/31/2020,06/21/2020,164,M-13,40.77327346801758,-73.97752380371094,POINT (-73.97752380371094 40.77327346801758)
B,Completely Locked,06/24/2020 11:34:35 AM,B292,B292,,Active,Yes,Level 2: Accessible Playgrounds with Ramped Play Equipment and Universally Accessible Swings,Willoughby Ave. between Stuben St. and Emerson Pl.,Pratt Playground,Adults Allowed,B292-CPA-0001,03/31/2020,06/23/2020,302,B-02,40.69252014160156,-73.9625015258789,POINT (-73.9625015258789 40.69252014160156)
Q,Partially Locked,06/23/2020 11:07:29 AM,Q021C,Q021C,,Active,Yes,Level 2: Accessible Playgrounds with Ramped Play Equipment and Universally Accessible Swings,"210 St., Oceania St. bet. the Long Island Exwy. and 64 Ave.",Seven Gables Playground,Adults Allowed,Q021C-CPA-0001,03/31/2020,06/23/2020,411,Q-11,40.74386978149414,-73.76610565185547,POINT (-73.76610565185547 40.74386978149414)
Q,Completely Locked,06/19/2020 01:41:21 PM,Q483,Q483,,Active,No,Not Applicable,"Corona Ave. bet. 104 St. and 106 St., 50 Av.",Corona Health Sanctuary,Adults not allowed in some locations,Q483-CPA-0001,03/31/2020,06/19/2020,404,Q-04,40.74376678466797,-73.85830688476562,POINT (-73.85830688476562 40.74376678466797)
Q,Completely Locked,06/21/2020 06:41:49 PM,Q131,Q131-01,,Active,Yes,Level 2: Accessible Playgrounds with Ramped Play Equipment and Universally Accessible Swings,"Center Of Pk, LIE Svce Rd, 54 Ave Between 63 And 61 Sts",Virginia Principe Playground,Adults not allowed in some locations,Q131-CPA-0001,03/31/2020,06/21/2020,405,Q-05,40.72716522216797,-73.9040298461914,POINT (-73.9040298461914 40.72716522216797)
Q,Completely Locked,06/21/2020 04:56:36 PM,Q394,Q394,,Active,Yes,Level 4: Accessible Playgrounds with Transfer Platforms and Ground Level Play Features,Beach 49 St. bet. Elizabeth Ave. and Beach Channel Dr.,Conch Playground,Unknown,Q394-CPA-0001,03/31/2020,06/21/2020,414,Q-14,40.595603942871094,-73.78059387207031,POINT (-73.78059387207031 40.595603942871094)
X,Partially Locked,06/22/2020 10:46:38 AM,X092,X092-06,,Active,Yes,Level 3: Accessible Playgrounds with Universally Accessible Swings,"W 239 St, Van Cortlandt East",Woodlawn Plgd,Unknown,X092-CPA-0002,03/31/2020,06/21/2020,226,X-13,40.90020751953125,-73.87213134765625,POINT (-73.87213134765625 40.90020751953125)
M,Completely Locked,06/22/2020 11:11:06 AM,M010,M010-207,,Active,Yes,Level 3: Accessible Playgrounds with Universally Accessible Swings,108 St & Fifth Ave,Bernard Plgd,Unknown,M010-CPA-0018,03/31/2020,06/21/2020,164,M-13,40.795711517333984,-73.95040893554688,POINT (-73.95040893554688 40.795711517333984)
Q,Partially Locked,06/21/2020 10:11:32 AM,Q356,Q356,,Active,No,Not Applicable,67 Ave. bet. 230 St. and 233 St.,Alley Park,Adults Allowed,Q356-CPA-0001,03/31/2020,06/21/2020,411,Q-07A,40.746986389160156,-73.7459716796875,POINT (-73.7459716796875 40.746986389160156)
M,Completely Locked,06/19/2020 10:08:33 AM,M064,M064,Yes,,,,,Lillian D Wald Playground,,,03/31/2020,06/19/2020,103,M-03,40.71200180053711,-73.98430633544922,POINT (-73.98430633544922 40.71200180053711)
B,Completely Locked,06/22/2020 03:20:48 PM,B127,B127,,,,,Scholes St. bet. Manhattan Ave. and Graham Ave.,Martinez Playground,,,03/31/2020,06/21/2020,301,B-01,40.70907211303711,-73.9446029663086,POINT (-73.9446029663086 40.70907211303711)
B,Completely Locked,06/23/2020 12:09:48 PM,B223NC,B223NC,,Active,No,Not Applicable,"Penn St., Wythe Ave., Williamsburg St. E.",Penn Triangle,Adults Allowed,B223NC-CPA-0001,03/31/2020,,301,B-01,40.70084762573242,-73.96077728271484,POINT (-73.96077728271484 40.70084762573242)
Q,Completely Locked,06/22/2020 01:27:46 PM,Q298,Q298,,Active,Yes,Level 2: Accessible Playgrounds with Ramped Play Equipment and Universally Accessible Swings,20 Ave. bet. 47 St. and 48 St.,Paul Raimonda Playground,Adults Allowed,Q298-CPA-0001,03/31/2020,06/22/2020,401,Q-01,40.772579193115234,-73.8975830078125,POINT (-73.8975830078125 40.772579193115234)
Q,Completely Locked,06/22/2020 01:28:56 PM,Q429,Q429,,Active,Yes,Level 4: Accessible Playgrounds with Transfer Platforms and Ground Level Play Features,36 Ave bet. 9 St. and 10 St.,Spirit Playground,Adults Allowed,Q429-CPA-0001,03/31/2020,06/22/2020,401,Q-01,40.7612190246582,-73.94124603271484,POINT (-73.94124603271484 40.7612190246582)
M,Completely Locked,06/22/2020 11:02:38 AM,M063,M063,Yes,,,,,Gertrude Ederle Playground,,,03/31/2020,06/21/2020,107,M-07,40.771270751953125,-73.98860168457031,POINT (-73.98860168457031 40.771270751953125)
M,Completely Locked,06/22/2020 03:15:47 PM,M120B,M120B,,Active,Yes,Level 4: Accessible Playgrounds with Transfer Platforms and Ground Level Play Features,"S/s W. Houston St., Ave. of Americas",Playground of the Americas,Adults not allowed in some locations,M120B-CPA-0001,03/31/2020,06/22/2020,102,M-02,40.72799301147461,-74.00273132324219,POINT (-74.00273132324219 40.72799301147461)
B,Completely Locked,06/22/2020 04:37:15 PM,B021,B021-01,,Active,Yes,Level 4: Accessible Playgrounds with Transfer Platforms and Ground Level Play Features,"Nassau St, Flushing Ave, Navy St, N. Elliot Pl",Commodore Barry Park Playground,Adults Allowed,B021-CPA-0001,03/31/2020,06/22/2020,302,B-02,40.6977424621582,-73.97872924804688,POINT (-73.97872924804688 40.6977424621582)
B,Completely Locked,06/22/2020 01:40:56 PM,B248,B248,,Active,No,Not Applicable,Ave. H between E. 54 St. to E. 55 St.,Fox Playground,Adults Allowed,B248-CPA-0001,03/31/2020,06/22/2020,318,B-18,40.63288879394531,-73.92402648925781,POINT (-73.92402648925781 40.63288879394531)
X,Completely Locked,06/22/2020 10:07:36 AM,X273,X273,,Active,No,Not Applicable,Longfellow Av bet. E 173 St and E 174 St,Rock Garden Park,Adults Allowed,X273-CPA-0001,03/31/2020,06/21/2020,203,X-03,40.83522033691406,-73.88518524169922,POINT (-73.88518524169922 40.83522033691406)
M,Completely Locked,06/22/2020 03:17:05 PM,M098,M098-02,,Active,No,Not Applicable,"Washington Sq N, West Of 5th Ave",Washington Square Park,Adults not allowed in some locations,M098-CPA-0003,03/31/2020,06/21/2020,102,M-02,40.73152160644531,-73.9975814819336,POINT (-73.9975814819336 40.73152160644531)
B,Not Lockable,06/22/2020 04:19:50 PM,B077,B077-01,,Active,Yes,Level 4: Accessible Playgrounds with Transfer Platforms and Ground Level Play Features,"King, Richards & Dwight Sts",Coffey Park Playground,Adults not allowed in some locations,B077-CPA-0001,03/31/2020,06/22/2020,306,B-06,40.67690658569336,-74.00872039794922,POINT (-74.00872039794922 40.67690658569336)
M,Completely Locked,06/22/2020 01:04:22 PM,M058,M058-07,,Active,Yes,Level 4: Accessible Playgrounds with Transfer Platforms and Ground Level Play Features,124 St Btwn 5 Ave And Mt Morris Park West,Marcus Garvey Memorial Park,Unknown,M058-CPA-0004,03/31/2020,06/21/2020,111,M-11,40.805870056152344,-73.9435043334961,POINT (-73.9435043334961 40.805870056152344)
Q,Completely Locked,06/21/2020 04:56:36 PM,Q163,Q163-02,,,,,,Sandpiper Playground,,,03/31/2020,06/21/2020,414,Q-14,40.58013916015625,-73.82769012451172,POINT (-73.82769012451172 40.58013916015625)
Q,Completely Locked,06/21/2020 06:41:49 PM,Q305,Q305,,Active,No,Not Applicable,65 Pl. bet. Shaler Ave. and the rail yards,Mafera Park,Adults Allowed,Q305-CPA-0001,03/31/2020,06/21/2020,405,Q-05,40.705753326416016,-73.89118194580078,POINT (-73.89118194580078 40.705753326416016)
B,Completely Locked,06/23/2020 10:08:49 AM,B212,B212,,Active,Yes,Level 4: Accessible Playgrounds with Transfer Platforms and Ground Level Play Features,Campus Rd. bet. E. 21 St. and Ocean Ave.,Hot Spot Tot Lot,Adults not allowed in some locations,B212-CPA-0001,03/31/2020,06/22/2020,314,B-14,40.63102340698242,-73.95674896240234,POINT (-73.95674896240234 40.63102340698242)
X,Not Lockable,06/22/2020 10:39:13 AM,X080,X080-02,,Active,Yes,Level 2: Accessible Playgrounds with Ramped Play Equipment and Universally Accessible Swings,Independence Ave & W 227 St,Henry Hudson Pk (North),Adults not allowed in some locations,X080-CPA-0002,03/31/2020,06/21/2020,208,X-08,40.8821907043457,-73.91799926757812,POINT (-73.91799926757812 40.8821907043457)
Q,Completely Locked,06/21/2020 06:41:49 PM,Q291,Q291,,Active,Yes,Level 4: Accessible Playgrounds with Transfer Platforms and Ground Level Play Features,Onderdonk Ave. bet. Starr St. and Willoughby Ave.,Starr Playground,Adults Allowed,Q291-CPA-0001,03/31/2020,06/21/2020,405,Q-05,40.70994186401367,-73.91769409179688,POINT (-73.91769409179688 40.70994186401367)
R,Partially Locked,06/22/2020 02:47:42 PM,R071,R071,,Active,Yes,Level 4: Accessible Playgrounds with Transfer Platforms and Ground Level Play Features,"Hillcrest Ave., N/o Highmount Rd.",Great Kills Veterans Playground,Adults Allowed,R071-CPA-0001,03/31/2020,06/22/2020,503,R-03,40.546905517578125,-74.15162658691406,POINT (-74.15162658691406 40.546905517578125)
M,Completely Locked,06/22/2020 01:07:47 PM,M183,M183,,Active,Yes,Level 4: Accessible Playgrounds with Transfer Platforms and Ground Level Play Features,Park Ave. bet. E 108 St. and E. 109 St.,Peter Minuit Playground,Adults Allowed,M183-CPA-0001,03/31/2020,06/21/2020,111,M-11,40.79460525512695,-73.9473876953125,POINT (-73.9473876953125 40.79460525512695)
Q,Completely Locked,06/22/2020 06:25:37 PM,Q004,Q004-01,,Active,No,Not Applicable,Shore Blvd Opp 23 Ave,Charybdis Playground,Adults Allowed,Q004-CPA-0001,03/31/2020,,401,Q-01,40.779815673828125,-73.92243957519531,POINT (-73.92243957519531 40.779815673828125)
X,Completely Locked,06/22/2020 09:54:26 AM,X235,X235,,Active,Yes,Level 4: Accessible Playgrounds with Transfer Platforms and Ground Level Play Features,E 158 st bet. Eagle Av and Caildwell Av,Grove Hill Playground,Adults Allowed,X235-CPA-0001,03/31/2020,06/21/2020,201,X-01,40.8199577331543,-73.90876770019531,POINT (-73.90876770019531 40.8199577331543)
X,Partially Locked,06/22/2020 09:31:25 AM,X041,X041,,Active,No,Not Applicable,Bruckner Blvd. bet. Willis Ave. and Brown Pl.,Pulaski Park,Adults Allowed,X041-CPA-0001,03/31/2020,06/21/2020,201,X-01,40.80500411987305,-73.92395782470703,POINT (-73.92395782470703 40.80500411987305)
B,Completely Locked,06/22/2020 03:45:07 PM,B157,B157,,Active,Yes,Level 4: Accessible Playgrounds with Transfer Platforms and Ground Level Play Features,"Ave. S, Morre Pl. bet. E. 16 St. and E. 17 St.",Kelly Park Playground,Adults Allowed,B157-CPA-0001,03/31/2020,06/22/2020,315,B-15,40.604679107666016,-73.95646667480469,POINT (-73.95646667480469 40.604679107666016)
M,Partially Locked,06/22/2020 03:25:31 PM,M071,M071-03,,Active,No,Not Applicable,W 74 St,Classic Plgd,Unknown,M071-CPA-0003,03/31/2020,06/21/2020,107,M-14,40.78337097167969,-73.98619842529297,POINT (-73.98619842529297 40.78337097167969)
M,Completely Locked,06/22/2020 04:11:41 PM,M257,M257,,Active,Yes,Level 4: Accessible Playgrounds with Transfer Platforms and Ground Level Play Features,W. 22 St. and 10 Ave.,Clement Clarke Moore Park,Adults not allowed in some locations,M257-CPA-0001,03/31/2020,06/21/2020,104,M-04,40.746524810791016,-74.00421905517578,POINT (-74.00421905517578 40.746524810791016)
B,Completely Locked,06/22/2020 02:28:42 PM,B332,B332,,Active,Yes,Level 4: Accessible Playgrounds with Transfer Platforms and Ground Level Play Features,Decatur St. to Schaefer St. between Bushwick Ave. and Evergreen Ave.,Evergreen Playground,Adults Allowed,B332-CPA-0001,03/31/2020,06/22/2020,304,B-04,40.68597412109375,-73.91096496582031,POINT (-73.91096496582031 40.68597412109375)
X,Completely Locked,06/22/2020 10:22:15 AM,X108,X108,,Active,Yes,Level 4: Accessible Playgrounds with Transfer Platforms and Ground Level Play Features,E 182 St bet. Belmont Av and Croton Av,Belmont Playground,Adults Allowed,X108-CPA-0001,03/31/2020,06/21/2020,206,X-06,40.850643157958984,-73.88776397705078,POINT (-73.88776397705078 40.850643157958984)
B,Completely Locked,06/22/2020 01:36:07 PM,B018,B018-02,,,,,,Canarsie Playground,,,03/31/2020,06/22/2020,318,B-18,40.62675094604492,-73.89952087402344,POINT (-73.89952087402344 40.62675094604492)
M,Completely Locked,06/22/2020 01:14:41 PM,M308,M308,,Active,Yes,Level 4: Accessible Playgrounds with Transfer Platforms and Ground Level Play Features,Chambers St. bet. Greenwich St. and West St.,Washington Market Park,Adults not allowed in some locations,M308-CPA-0001,03/31/2020,06/21/2020,101,M-01,40.7170524597168,-74.01104736328125,POINT (-74.01104736328125 40.7170524597168)
B,Completely Locked,06/22/2020 03:28:45 PM,B192,B192,,Active,Yes,Level 2: Accessible Playgrounds with Ramped Play Equipment and Universally Accessible Swings,Colonial Rd. from 83 St. to 85 St.,Russell Pedersen Playground,Adults Allowed,B192-CPA-0001,03/31/2020,06/22/2020,310,B-10,40.62677001953125,-74.0360336303711,POINT (-74.0360336303711 40.62677001953125)
B,Completely Locked,06/24/2020 11:34:44 AM,B293,B293,,Active,Yes,Level 4: Accessible Playgrounds with Transfer Platforms and Ground Level Play Features,Lafayette Ave. and Classon Ave.,Classon Playground,Adults Allowed,B293-CPA-0001,03/31/2020,06/23/2020,302,B-02,40.68927764892578,-73.96046447753906,POINT (-73.96046447753906 40.68927764892578)
M,Completely Locked,06/22/2020 11:49:53 AM,M037,M037-09,,Active,Yes,Level 4: Accessible Playgrounds with Transfer Platforms and Ground Level Play Features,"Ft George, St Nicholas Aves",Ft George Plgd,Adults not allowed in some locations,M037-CPA-0005,03/31/2020,06/21/2020,112,M-12A,40.8583869934082,-73.92623901367188,POINT (-73.92623901367188 40.8583869934082)
X,Partially Locked,06/22/2020 11:15:16 AM,X161,X161,,Active,Yes,Level 4: Accessible Playgrounds with Transfer Platforms and Ground Level Play Features,Magenta St. bet. Holland Ave. and Cruger Ave.,Gun Hill Playground,Adults Allowed,X161-CPA-0001,03/31/2020,06/21/2020,212,X-12,40.874671936035156,-73.86534881591797,POINT (-73.86534881591797 40.874671936035156)
B,Completely Locked,06/22/2020 04:19:50 PM,B111,B111,,Active,Yes,Level 4: Accessible Playgrounds with Transfer Platforms and Ground Level Play Features,"3 St., 4 St. bet. 4 Ave. and 5 Ave.",J.J. Byrne Playground,Adults Allowed,B111-CPA-0001,03/31/2020,06/22/2020,306,B-06,40.67280578613281,-73.98412322998047,POINT (-73.98412322998047 40.67280578613281)
Q,Completely Locked,06/22/2020 04:58:40 PM,Q099,Q099-01,,Active,No,Not Applicable,62nd Drive And Grand Central Pkwy Service Rd,World's Fair Playground,Unknown,Q099-CPA-0001,03/31/2020,,406,Q-06,40.73674011230469,-73.84568786621094,POINT (-73.84568786621094 40.73674011230469)
R,Completely Locked,06/23/2020 10:15:20 AM,R016,R016-01,,Active,No,Not Applicable,"Cedar Grove Ave, New Dorp Ln, Neptune St",Corporal Allan F. Kivlehan Park,Adults Allowed,R016-CPA-0001,03/31/2020,06/22/2020,595,R-03,40.5638542175293,-74.09771728515625,POINT (-74.09771728515625 40.5638542175293)
B,Completely Locked,06/22/2020 01:55:05 PM,B252,B252,,Active,Yes,Level 2: Accessible Playgrounds with Ramped Play Equipment and Universally Accessible Swings,Ave. Z between W. 1 St. and West St.,West Playground,Adults Allowed,B252-CPA-0001,03/31/2020,06/22/2020,313,B-13,40.58673858642578,-73.97015380859375,POINT (-73.97015380859375 40.58673858642578)
Q,Completely Locked,06/22/2020 06:34:41 PM,Q045,Q045,,Active,Yes,Level 2: Accessible Playgrounds with Ramped Play Equipment and Universally Accessible Swings,49 Ave. bet. 5 St. and Vernon Blvd.,Andrews Grove,Adults Allowed,Q045-CPA-0001,03/31/2020,06/22/2020,402,Q-02,40.74332809448242,-73.95467376708984,POINT (-73.95467376708984 40.74332809448242)
Q,Completely Locked,06/22/2020 02:22:02 PM,Q360J,Q360J,,Active,Yes,Level 4: Accessible Playgrounds with Transfer Platforms and Ground Level Play Features,"Queens Midtown Exwy., 57 Ave. bet. 84 St. and 82 St.",Crowley Playground,Unknown,Q360J-CPA-0001,03/31/2020,06/22/2020,404,Q-04,40.729454040527344,-73.88011932373047,POINT (-73.88011932373047 40.729454040527344)
X,Partially Locked,06/22/2020 10:33:49 AM,X136,X136-01,,Active,No,Not Applicable,Bedford Pk Blvd W And Paul Ave,Harris Playground,Adults Allowed,X136-CPA-0001,03/31/2020,06/21/2020,207,X-07,40.87507629394531,-73.89228820800781,POINT (-73.89228820800781 40.87507629394531)
Q,Completely Locked,06/23/2020 12:29:08 PM,Q375,Q375,,Active,Yes,Level 4: Accessible Playgrounds with Transfer Platforms and Ground Level Play Features,166 St. bet. 16 Ave. and 16 Rd.,Willets Point Playground,Adults Allowed,Q375-CPA-0001,03/31/2020,06/23/2020,407,Q-07,40.78371047973633,-73.79658508300781,POINT (-73.79658508300781 40.78371047973633)
M,Completely Locked,06/19/2020 10:05:15 AM,M270,M270,,Active,Yes,Level 4: Accessible Playgrounds with Transfer Platforms and Ground Level Play Features,"Szold Pl., E. 10 St., Ave. D",Dry Dock Playground,Adults Allowed,M270-CPA-0001,03/31/2020,06/19/2020,103,M-03,40.72560119628906,-73.97540283203125,POINT (-73.97540283203125 40.72560119628906)
Q,Not Lockable,06/23/2020 11:45:24 AM,Q333,Q333,,Active,No,Not Applicable,21 St. bet. 34 Ave. and 35 Ave.,Ravenswood Playground,Adults Allowed,Q333-CPA-0001,03/31/2020,06/23/2020,401,Q-01,40.762237548828125,-73.93585968017578,POINT (-73.93585968017578 40.762237548828125)
Q,Completely Locked,06/22/2020 02:46:20 PM,Q024,Q024-03,,Active,Yes,Level 4: Accessible Playgrounds with Transfer Platforms and Ground Level Play Features,Booth Memorial Ave & 160 St,Four Winds Playground,Unknown,Q024-CPA-0002,03/31/2020,06/22/2020,407,Q-07,40.7426643371582,-73.80818176269531,POINT (-73.80818176269531 40.7426643371582)
Q,Completely Locked,06/23/2020 11:10:39 AM,Q327,Q327,,Active,No,Not Applicable,Little Neck Pkwy. bet. 72 Ave. and 73 Ave.,Castlewood Playground,Adults Allowed,Q327-CPA-0001,03/31/2020,06/23/2020,413,Q-13,40.749996185302734,-73.72063446044922,POINT (-73.72063446044922 40.749996185302734)
M,Completely Locked,06/22/2020 03:57:31 PM,M321,M321,,Active,No,Not Applicable,"E. 12 St., E. 11 St. bet. 1 Ave. and Ave. A",Lower East Side Playground,Unknown,M321-CPA-0001,03/31/2020,06/19/2020,103,M-03,40.72929763793945,-73.98307800292969,POINT (-73.98307800292969 40.72929763793945)
B,Completely Locked,06/22/2020 04:19:50 PM,B210H,B210H,,,,,Hamitlon Ave. ber. Van Brunt St. and Woodull St.,Harold Ickes Playground,,,03/31/2020,06/22/2020,306,B-06,40.682559967041016,-74.0062255859375,POINT (-74.0062255859375 40.682559967041016)
Q,Completely Locked,06/22/2020 01:32:02 PM,Q174A,Q174A,,Active,No,Not Applicable,"30 Ave. To 31 Ave. and Boody St., BQE",St. Michael's Playground,Unknown,Q174A-CPA-0001,03/31/2020,06/22/2020,401,Q-01,40.7581901550293,-73.90042114257812,POINT (-73.90042114257812 40.7581901550293)
Q,Completely Locked,06/22/2020 05:10:38 PM,Q370,Q370,,Active,Yes,Level 4: Accessible Playgrounds with Transfer Platforms and Ground Level Play Features,"Vleigh Pl., Main St. bet. 73 Ter. and 76 Ave.",Freedom Square Playground,Adults not allowed in some locations,Q370-CPA-0001,03/31/2020,06/22/2020,408,Q-08,40.723175048828125,-73.82023620605469,POINT (-73.82023620605469 40.723175048828125)
X,Not Lockable,06/22/2020 10:40:09 AM,X201,X201-01,,Active,No,Not Applicable,W 235 St & Douglas Ave,Seton Park Playground,Adults not allowed in some locations,X201-CPA-0001,03/31/2020,06/21/2020,208,X-08,40.8867073059082,-73.91708374023438,POINT (-73.91708374023438 40.8867073059082)
Q,Not Lockable,06/19/2020 01:38:58 PM,Q085,Q085,,Active,No,Not Applicable,"30 Ave., 25 Ave. bet. 84 St. and 85 St.",Gorman Playground,Adults Allowed,Q085-CPA-0001,03/31/2020,06/19/2020,403,Q-03,40.76170349121094,-73.88423156738281,POINT (-73.88423156738281 40.76170349121094)
B,Completely Locked,06/22/2020 01:55:05 PM,B272,B272,,Active,Yes,Level 4: Accessible Playgrounds with Transfer Platforms and Ground Level Play Features,W. 11 St. at Ave. W,Marlboro Playground,Adults Allowed,B272-CPA-0001,03/31/2020,06/22/2020,313,B-13,40.591461181640625,-73.9808120727539,POINT (-73.9808120727539 40.591461181640625)
Q,Completely Locked,06/21/2020 06:55:59 PM,Q401,Q401,,Active,Yes,Level 4: Accessible Playgrounds with Transfer Platforms and Ground Level Play Features,Queens Blvd. bet. 62 Ave. and 62 Rd.,Lost Battalion Hall Recreation Center,Adults not allowed in some locations,Q401-CPA-0001,03/31/2020,06/21/2020,406,Q-06,40.73251724243164,-73.86492919921875,POINT (-73.86492919921875 40.73251724243164)
B,Completely Locked,06/22/2020 04:19:50 PM,B145,B145,,Active,Yes,Level 4: Accessible Playgrounds with Transfer Platforms and Ground Level Play Features,"Nevins St., 3 Ave., bet. De Graw St. and Douglas St.",Thomas Greene Playground,Adults not allowed in some locations,B145-CPA-0001,03/31/2020,06/22/2020,306,B-06,40.68021774291992,-73.98477935791016,POINT (-73.98477935791016 40.68021774291992)
Q,Completely Locked,06/25/2020 11:28:47 AM,Q302,Q302,,Active,Yes,Level 4: Accessible Playgrounds with Transfer Platforms and Ground Level Play Features,St Felix Ave. bet. Seneca Ave. and 60 Pl.,Evergreen Park,Unknown,Q302-CPA-0001,03/31/2020,06/25/2020,405,Q-05,40.6972541809082,-73.89694213867188,POINT (-73.89694213867188 40.6972541809082)
X,Completely Locked,06/22/2020 10:05:06 AM,X026,X026,,Active,Yes,Level 4: Accessible Playgrounds with Transfer Platforms and Ground Level Play Features,Fulton Av to Franklin Av bet. E 167 St and E 166 St,Hines Park,Adults not allowed in some locations,X026-CPA-0001,03/31/2020,06/21/2020,203,X-03,40.82868194580078,-73.90555572509766,POINT (-73.90555572509766 40.82868194580078)
M,Completely Locked,06/19/2020 12:40:26 PM,M107,M107-01,,Active,Yes,Level 4: Accessible Playgrounds with Transfer Platforms and Ground Level Play Features,West Of Hell Gate Bridge,Scylla Playground,Unknown,M107-CPA-0001,03/31/2020,06/19/2020,111,M-11R,40.78395080566406,-73.92559814453125,POINT (-73.92559814453125 40.78395080566406)
Q,Partially Locked,06/21/2020 11:27:34 AM,Q338,Q338,,Active,Yes,Level 4: Accessible Playgrounds with Transfer Platforms and Ground Level Play Features,Little Neck Pkwy. bet. 42 Ave. and 43 Ave.,Admiral Playground,Unknown,Q338-CPA-0001,03/31/2020,06/21/2020,411,Q-11,40.77104568481445,-73.73760986328125,POINT (-73.73760986328125 40.77104568481445)
X,Completely Locked,07/06/2020 12:44:05 PM,X186,X186,,,,,Hudson Manor Ter bet. W 237 St and W 236 St,Riverdale Playground,,,03/31/2020,07/06/2020,208,X-08,40.88760757446289,-73.91477966308594,POINT (-73.91477966308594 40.88760757446289)
X,Completely Locked,06/22/2020 10:06:20 AM,X222,X222,,Active,Yes,Level 2: Accessible Playgrounds with Ramped Play Equipment and Universally Accessible Swings,3 Av bet. E 170 St and St Paul's Pl,Gouverneur Playground,Adults Allowed,X222-CPA-0001,03/31/2020,06/21/2020,203,X-03,40.836002349853516,-73.90328979492188,POINT (-73.90328979492188 40.836002349853516)
Q,Partially Locked,06/21/2020 03:03:32 PM,Q448,Q448-01,,Active,No,Not Applicable,"Merrick Blvd., Baisley Blvd. 120 Ave.",Nautilus Playground,Unknown,Q448-CPA-0001,03/31/2020,06/21/2020,412,Q-12,40.68452072143555,-73.77015686035156,POINT (-73.77015686035156 40.68452072143555)
Q,Partially Locked,06/19/2020 12:50:42 PM,Q015,Q015-08,,Active,Yes,Level 3: Accessible Playgrounds with Universally Accessible Swings,80 St & Myrtle Ave,Dry Harbor Playground,Unknown,Q015-CPA-0005,03/31/2020,06/19/2020,405,Q-16,40.702457427978516,-73.86763000488281,POINT (-73.86763000488281 40.702457427978516)
Q,Completely Locked,06/22/2020 02:25:20 PM,Q450,Q450,,Active,Yes,Level 4: Accessible Playgrounds with Transfer Platforms and Ground Level Play Features,"109 St., 111 St. bet. 46 Ave. and 47 Ave.",Corona Golf Playground,Adults Allowed,Q450-CPA-0001,03/31/2020,06/22/2020,404,Q-04,40.747676849365234,-73.85408020019531,POINT (-73.85408020019531 40.747676849365234)
Q,Completely Locked,06/23/2020 12:29:08 PM,Q343,Q343,,Active,Yes,Level 4: Accessible Playgrounds with Transfer Platforms and Ground Level Play Features,"11 Ave., 12 Ave. bet. 152 St. and 154 St.",Whitestone Playground,Adults Allowed,Q343-CPA-0001,03/31/2020,06/23/2020,407,Q-07,40.7918815612793,-73.80809783935547,POINT (-73.80809783935547 40.7918815612793)
M,Completely Locked,06/22/2020 11:04:20 AM,M233,M233,,Active,Yes,Level 1: Playgrounds for All Children,W. 70 St. bet. W. End Ave. and Amsterdam Ave.,Matthew P. Sapolin Playground,Adults Allowed,M233-CPA-0001,03/31/2020,06/21/2020,107,M-07,40.77750015258789,-73.98389434814453,POINT (-73.98389434814453 40.77750015258789)
X,Completely Locked,06/22/2020 11:00:28 AM,X221,X221,,Active,Yes,Level 2: Accessible Playgrounds with Ramped Play Equipment and Universally Accessible Swings,Lafayette Ave. bet. Bolton Ave. and Underhill Ave.,Space Time Playground,Adults Allowed,X221-CPA-0001,03/31/2020,06/21/2020,209,X-09,40.82204055786133,-73.85979461669922,POINT (-73.85979461669922 40.82204055786133)
B,Completely Locked,06/22/2020 04:20:06 PM,B255J,B255J,Yes,,,,,Seeley Park,,,03/31/2020,06/22/2020,307,B-07,40.653438568115234,-73.97789001464844,POINT (-73.97789001464844 40.653438568115234)
X,Completely Locked,06/22/2020 11:02:56 AM,X148L,X148L,,Active,Yes,Level 4: Accessible Playgrounds with Transfer Platforms and Ground Level Play Features,McGraw Av bet. White Plains Rd and Virginia Av,Virginia Playground,Adults Allowed,X148L-CPA-0001,03/31/2020,06/21/2020,209,X-09,40.834259033203125,-73.86225128173828,POINT (-73.86225128173828 40.834259033203125)
Q,Completely Locked,06/21/2020 06:55:59 PM,Q425,Q425,,Active,Yes,Level 4: Accessible Playgrounds with Transfer Platforms and Ground Level Play Features,Yellowstone Blvd. bet. 68 Ave. and 68 Rd.,Yellowstone Park,Adults Allowed,Q425-CPA-0001,03/31/2020,06/21/2020,406,Q-06,40.72616958618164,-73.84793090820312,POINT (-73.84793090820312 40.72616958618164)
B,Completely Locked,06/22/2020 04:20:06 PM,B087,B087-01,,Active,No,Not Applicable,6 Ave Bet 41 & 44 Sts,Sunset Park Playground,Unknown,B087-CPA-0001,03/31/2020,06/22/2020,307,B-07,40.64767837524414,-74.00457763671875,POINT (-74.00457763671875 40.64767837524414)
X,Completely Locked,06/22/2020 10:56:11 AM,X159,X159,,Active,No,Not Applicable,E. 174 St. bet. Bronx River Ave. and E. 173 St.,Playground 174,Adults Allowed,X159-CPA-0001,03/31/2020,,209,X-09,40.83438491821289,-73.87801361083984,POINT (-73.87801361083984 40.83438491821289)
B,Completely Locked,06/24/2020 10:45:14 AM,B207,B207,,Active,Yes,Level 4: Accessible Playgrounds with Transfer Platforms and Ground Level Play Features,"E. 38 St., Ave. M, Flatlands Ave.",Sarsfield Playground,Adults Allowed,B207-CPA-0001,03/31/2020,06/23/2020,318,B-18,40.620113372802734,-73.93756103515625,POINT (-73.93756103515625 40.620113372802734)
X,Completely Locked,06/22/2020 11:00:58 AM,X262,X262,,Active,Yes,Level 2: Accessible Playgrounds with Ramped Play Equipment and Universally Accessible Swings,Bolton Ave. bet. O'Brien Ave. and G St.,Harding Park,Adults Allowed,X262-CPA-0001,03/31/2020,06/21/2020,209,X-09,40.809776306152344,-73.8566665649414,POINT (-73.8566665649414 40.809776306152344)
Q,Not Lockable,06/21/2020 02:55:40 PM,Q118,Q118,,Active,Yes,Level 4: Accessible Playgrounds with Transfer Platforms and Ground Level Play Features,Liberty Ave. bet. 101 St. and 102 St.,Police Officer Nicholas Demutiis Park,Adults Allowed,Q118-CPA-0001,03/31/2020,06/21/2020,410,Q-10,40.68162536621094,-73.8394546508789,POINT (-73.8394546508789 40.68162536621094)
B,Completely Locked,06/22/2020 03:28:45 PM,B066,B066-01,,Active,Yes,Level 2: Accessible Playgrounds with Ramped Play Equipment and Universally Accessible Swings,"67 St & Colonial Rd, North Of B066-02",Owls Head Park,Unknown,B066-CPA-0001,03/31/2020,06/22/2020,310,B-10,40.64002990722656,-74.03047180175781,POINT (-74.03047180175781 40.64002990722656)
R,Completely Locked,06/22/2020 02:59:17 PM,R065,R065-02,,Active,Yes,Level 4: Accessible Playgrounds with Transfer Platforms and Ground Level Play Features,Drumgoole Rd E & Woodhull Ave,Woodhull Playground,Unknown,R065-CPA-0002,03/31/2020,06/22/2020,503,R-03,40.53215026855469,-74.19792938232422,POINT (-74.19792938232422 40.53215026855469)
M,Completely Locked,06/22/2020 03:32:35 PM,M071,M071-37,,Active,Yes,Level 3: Accessible Playgrounds with Universally Accessible Swings,"W 112-113 Sts, Riverside Dr",Tot Lot One Hundred And Twelve,Unknown,M071-CPA-0011,03/31/2020,06/21/2020,109,M-14,40.806217193603516,-73.96804809570312,POINT (-73.96804809570312 40.806217193603516)
Q,Partially Locked,06/21/2020 01:03:44 PM,Q006,Q006-01,,Active,Yes,Level 4: Accessible Playgrounds with Transfer Platforms and Ground Level Play Features,"29 And 32 Aves, 158 To 159 Sts",Bowne Playground,Adults Allowed,Q006-CPA-0001,03/31/2020,06/21/2020,407,Q-07,40.770503997802734,-73.805908203125,POINT (-73.805908203125 40.770503997802734)
Q,Completely Locked,06/22/2020 06:28:03 PM,Q226,Q226-02,,Active,No,Not Applicable,"1 St, E River, Hallets Cove",Hallets Point Playground (area B),Unknown,Q226-CPA-0002,03/31/2020,06/22/2020,401,Q-01,40.774192810058594,-73.93757629394531,POINT (-73.93757629394531 40.774192810058594)
Q,Completely Locked,06/25/2020 11:28:00 AM,Q516,Q516,,,,,,Lt. Michael R. Davidson Playground,,,03/31/2020,06/25/2020,402,Q-02,40.7486572265625,-73.91351318359375,POINT (-73.91351318359375 40.7486572265625)
B,Completely Locked,06/22/2020 01:55:05 PM,B106A,B106A,,Active,No,Not Applicable,"W. 13 St., Stillwell Ave. bet. Ave. U and Ave. V",Scarangella Park,Unknown,B106A-CPA-0001,03/31/2020,06/22/2020,313,B-13,40.593929290771484,-73.98418426513672,POINT (-73.98418426513672 40.593929290771484)
B,Completely Locked,06/22/2020 01:44:24 PM,B206,B206,,Active,Yes,Level 4: Accessible Playgrounds with Transfer Platforms and Ground Level Play Features,Avenue H bet. Kings Hwy. and E. 49 St.,Sunners Playground,Adults not allowed in some locations,B206-CPA-0001,03/31/2020,06/22/2020,318,B-18,40.63252258300781,-73.92958068847656,POINT (-73.92958068847656 40.63252258300781)
M,Completely Locked,06/22/2020 11:45:00 AM,M042,M042-01,,Active,Yes,Level 4: Accessible Playgrounds with Transfer Platforms and Ground Level Play Features,Payson & Dyckman Sts,Payson Plgd,Adults Allowed,M042-CPA-0001,03/31/2020,06/21/2020,112,M-12,40.8671760559082,-73.9287109375,POINT (-73.9287109375 40.8671760559082)
B,Completely Locked,06/22/2020 02:29:16 PM,B307,B307,,Active,Yes,Level 2: Accessible Playgrounds with Ramped Play Equipment and Universally Accessible Swings,Evergreen Ave. between Eldert St. and Covert St.,Tiger Playground,Adults Allowed,B307-CPA-0001,03/31/2020,06/22/2020,304,B-04,40.6879997253418,-73.9108657836914,POINT (-73.9108657836914 40.6879997253418)
B,Completely Locked,06/22/2020 03:29:41 PM,B152,B152,,Active,Yes,Level 4: Accessible Playgrounds with Transfer Platforms and Ground Level Play Features,Ft. Hamilton Pkwy. bet. 52 St. and 53 St.,Rappaport Playground,Adults Allowed,B152-CPA-0001,03/31/2020,06/22/2020,312,B-12,40.637168884277344,-74.00111389160156,POINT (-74.00111389160156 40.637168884277344)
B,Completely Locked,06/23/2020 10:08:49 AM,B316,B316,,Active,Yes,Level 2: Accessible Playgrounds with Ramped Play Equipment and Universally Accessible Swings,Ave. F bet. McDonald Ave. and E. 2 St.,DiGilio Playground,Unknown,B316-CPA-0001,03/31/2020,06/22/2020,314,B-14,40.632911682128906,-73.97726440429688,POINT (-73.97726440429688 40.632911682128906)
R,Completely Locked,06/23/2020 09:54:54 AM,R097,R097,,Active,Yes,Level 4: Accessible Playgrounds with Transfer Platforms and Ground Level Play Features,"Drumgoole Rd. E., N. Railroad St., Ida Ct.",Ida Court,Adults not allowed in some locations,R097-CPA-0001,03/31/2020,06/22/2020,503,R-03,40.538509368896484,-74.18669128417969,POINT (-74.18669128417969 40.538509368896484)
B,Completely Locked,06/22/2020 12:42:38 PM,B008,B008-03,,Active,Yes,Level 1: Playgrounds for All Children,Dumont Ave & Bristol St,Imagination Playground at Betsy Head,Adults not allowed in some locations,B008-CPA-0001,03/31/2020,06/20/2020,316,B-16,40.6640739440918,-73.91184997558594,POINT (-73.91184997558594 40.6640739440918)
X,Partially Locked,06/22/2020 10:04:14 AM,X166,X166,,Active,Yes,Level 4: Accessible Playgrounds with Transfer Platforms and Ground Level Play Features,Tinton Av bet. E 166 St and E 165 St,Behagen Playground,Adults Allowed,X166-CPA-0001,03/31/2020,06/21/2020,203,X-03,40.825340270996094,-73.90119171142578,POINT (-73.90119171142578 40.825340270996094)
B,Completely Locked,06/23/2020 10:01:04 AM,B347,B347,,Active,Yes,Level 4: Accessible Playgrounds with Transfer Platforms and Ground Level Play Features,Sumpter St. to Marion St. between Howard Ave. and Ralph Ave.,Carver Playground,Adults Allowed,B347-CPA-0001,03/31/2020,06/22/2020,303,B-03,40.68044662475586,-73.9203109741211,POINT (-73.9203109741211 40.68044662475586)
Q,Completely Locked,06/21/2020 06:55:59 PM,Q319,Q319,,Active,Yes,Level 4: Accessible Playgrounds with Transfer Platforms and Ground Level Play Features,Yellowstone Blvd. bet. 64 Rd. and 65 Ave.,Annadale Playground,Adults Allowed,Q319-CPA-0001,03/31/2020,06/21/2020,406,Q-06,40.73113250732422,-73.85157775878906,POINT (-73.85157775878906 40.73113250732422)
M,Completely Locked,06/19/2020 10:12:30 AM,M067,M067,,Active,Yes,Level 2: Accessible Playgrounds with Ramped Play Equipment and Universally Accessible Swings,"Henry St., Market St., E. Broadway",Sophie Irene Loeb,Adults not allowed in some locations,M067-CPA-0001,03/31/2020,06/19/2020,103,M-03,40.713260650634766,-73.99431610107422,POINT (-73.99431610107422 40.713260650634766)
X,Completely Locked,06/22/2020 10:27:54 AM,X001A,X001A-01,,Active,Yes,Level 2: Accessible Playgrounds with Ramped Play Equipment and Universally Accessible Swings,Morton Pl & University Ave,Morton Plgd,Adults Allowed,X001A-CPA-0001,03/31/2020,06/21/2020,205,X-05,40.85120391845703,-73.91423034667969,POINT (-73.91423034667969 40.85120391845703)
B,Completely Locked,06/22/2020 04:20:06 PM,B265,B265,,Active,Yes,Level 4: Accessible Playgrounds with Transfer Platforms and Ground Level Play Features,6 Ave. bet. 55 St. and 56 St.,Rainbow Playground,Adults Allowed,B265-CPA-0001,03/31/2020,06/22/2020,307,B-07,40.64041519165039,-74.0111312866211,POINT (-74.0111312866211 40.64041519165039)
Q,Completely Locked,06/21/2020 10:11:32 AM,Q012,Q012-01,,Active,Yes,Level 4: Accessible Playgrounds with Transfer Platforms and Ground Level Play Features,34 Ave & 214 Pl,Buz O'Rourke Playground,Unknown,Q012-CPA-0001,03/31/2020,06/21/2020,411,Q-07A,40.77100372314453,-73.77144622802734,POINT (-73.77144622802734 40.77100372314453)
M,Completely Locked,06/22/2020 11:12:54 AM,M010,M010-176,,Active,Yes,Level 4: Accessible Playgrounds with Transfer Platforms and Ground Level Play Features,"96 St, W/o Fifth Ave",East 96th St Plgd,Unknown,M010-CPA-0012,03/31/2020,06/21/2020,164,M-13,40.787776947021484,-73.95660400390625,POINT (-73.95660400390625 40.787776947021484)
X,Completely Locked,06/22/2020 10:13:25 AM,X155,X155,,Active,No,Not Applicable,E. 148 St. bet. Morris Ave. and College Ave.,Patterson Playground,Adults not allowed in some locations,X155-CPA-0001,03/31/2020,,201,X-01,40.81581115722656,-73.92323303222656,POINT (-73.92323303222656 40.81581115722656)
Q,Partially Locked,06/19/2020 02:01:03 PM,Q052,Q052-01,,Active,Yes,Level 4: Accessible Playgrounds with Transfer Platforms and Ground Level Play Features,85 Ave & 165 St,Captain Tilly Playground,Adults not allowed in some locations,Q052-CPA-0001,03/31/2020,06/19/2020,408,Q-08,40.71257781982422,-73.7991943359375,POINT (-73.7991943359375 40.71257781982422)
Q,Partially Locked,06/21/2020 11:27:34 AM,Q346,Q346,,Active,Yes,Level 2: Accessible Playgrounds with Ramped Play Equipment and Universally Accessible Swings,251 St. bet. 61 Ave. and 63 Ave.,Challenge Playground,Adults Allowed,Q346-CPA-0001,03/31/2020,06/21/2020,411,Q-11,40.75709533691406,-73.72806549072266,POINT (-73.72806549072266 40.75709533691406)
R,Completely Locked,06/22/2020 01:46:45 PM,R036,R036,,Active,Yes,Level 4: Accessible Playgrounds with Transfer Platforms and Ground Level Play Features,Harbor Rd. at Richmond Terr.,Mariners Harbor Playground,Adults Allowed,R036-CPA-0001,03/31/2020,06/22/2020,501,R-01,40.636600494384766,-74.16047668457031,POINT (-74.16047668457031 40.636600494384766)
M,Completely Locked,06/19/2020 01:01:40 PM,M113,M113,,Active,Yes,Level 4: Accessible Playgrounds with Transfer Platforms and Ground Level Play Features,E. 12 St. bet. Ave. A and Ave. B,Joseph C. Sauer Park,Adults not allowed in some locations,M113-CPA-0001,03/31/2020,,103,M-03,40.72821807861328,-73.97991943359375,POINT (-73.97991943359375 40.72821807861328)
Q,Completely Locked,06/23/2020 10:56:08 AM,Q099,Q099-18,,Active,Yes,Level 1: Playgrounds for All Children,111 St & Saultell & 56 Aves,Playground For All Children,Unknown,Q099-CPA-0005,03/31/2020,06/23/2020,481,Q-15,40.741188049316406,-73.84895324707031,POINT (-73.84895324707031 40.741188049316406)
Q,Partially Locked,06/23/2020 09:23:48 AM,Q363,Q363,,Active,Yes,Level 4: Accessible Playgrounds with Transfer Platforms and Ground Level Play Features,Northern Blvd. bet. 93 St. and 94 St.,Northern Playground,Adults Allowed,Q363-CPA-0001,03/31/2020,06/23/2020,403,Q-03,40.75627899169922,-73.87437438964844,POINT (-73.87437438964844 40.75627899169922)
X,Completely Locked,06/22/2020 10:11:54 AM,X138,X138,,,,,E. 133 St. and Bruckner Blvd. bet. St Ann's Pl. and Cypress Ave.,Playground One Thirty Four CXXXIV,,,03/31/2020,,201,X-01,40.803585052490234,-73.91822052001953,POINT (-73.91822052001953 40.803585052490234)
Q,Not Lockable,06/22/2020 03:11:32 PM,Q031,Q031,,Active,Yes,Level 4: Accessible Playgrounds with Transfer Platforms and Ground Level Play Features,"52 St., Woodside Ave. bet. 39 Rd. and 39 Dr.",Lawrence Virgilio Playground,Adults Allowed,Q031-CPA-0001,03/31/2020,06/22/2020,402,Q-02,40.74746322631836,-73.91036987304688,POINT (-73.91036987304688 40.74746322631836)
X,Completely Locked,06/22/2020 09:56:39 AM,X179,X179,,Active,Yes,Level 4: Accessible Playgrounds with Transfer Platforms and Ground Level Play Features,Kelly St bet. Av St John and Leggett Av,Playground 52 LII,Unknown,X179-CPA-0001,03/31/2020,06/21/2020,202,X-02,40.81543731689453,-73.90108489990234,POINT (-73.90108489990234 40.81543731689453)
R,Completely Locked,06/22/2020 02:48:54 PM,R053,R053,,Active,Yes,Level 4: Accessible Playgrounds with Transfer Platforms and Ground Level Play Features,"Foste Rd., Carlton Ave., Drumgoole Rd. W.",Carlton Park,Unknown,R053-CPA-0001,03/31/2020,06/22/2020,503,R-03,40.53334045410156,-74.2022476196289,POINT (-74.2022476196289 40.53334045410156)
R,Completely Locked,06/22/2020 02:51:05 PM,R106,R106-01,,Active,No,Not Applicable,"Ramona Ave, Lenevar Ave",Bloomingdale Playground,Adults not allowed in some locations,R106-CPA-0001,03/31/2020,06/22/2020,503,R-03,40.53517532348633,-74.20878601074219,POINT (-74.20878601074219 40.53517532348633)
Q,Completely Locked,06/21/2020 04:56:36 PM,Q162J,Q162J,,Active,No,Not Applicable,Seagirt Blvd bet. B. 17 St. and B. 12 St.,Beach 17 Playground,Adults not allowed in some locations,Q162J-CPA-0001,03/31/2020,06/21/2020,414,Q-14,40.5947151184082,-73.74980926513672,POINT (-73.74980926513672 40.5947151184082)
Q,Partially Locked,06/23/2020 11:10:39 AM,Q352,Q352,,Active,Yes,Level 4: Accessible Playgrounds with Transfer Platforms and Ground Level Play Features,82 Ave. bet. 256 St. and 257 St.,Hillside Playground,Adults Allowed,Q352-CPA-0001,03/31/2020,06/23/2020,413,Q-13,40.7407341003418,-73.71296691894531,POINT (-73.71296691894531 40.7407341003418)
X,Not Lockable,06/22/2020 09:49:02 AM,X114,X114,,Active,Yes,Level 4: Accessible Playgrounds with Transfer Platforms and Ground Level Play Features,Goble Pl bet. Inwood Av and Macombs Rd,Goble Playground,Adults Allowed,X114-CPA-0001,03/31/2020,06/21/2020,204,X-04,40.843780517578125,-73.91720581054688,POINT (-73.91720581054688 40.843780517578125)
X,Completely Locked,06/22/2020 09:48:44 AM,X148A2,X148A2,,Active,Yes,Level 3: Accessible Playgrounds with Universally Accessible Swings,Plimpton Ave. bet. W. 172 St. and  Edward L Grant Hwy.,Plimpton Playground,Adults Allowed,X148A2-CPA-0001,03/31/2020,06/21/2020,204,X-04,40.84394073486328,-73.92247009277344,POINT (-73.92247009277344 40.84394073486328)
B,Completely Locked,06/22/2020 03:19:08 PM,B405,B405,,Active,Yes,Level 4: Accessible Playgrounds with Transfer Platforms and Ground Level Play Features,Berry St. between S. 9 St. and S. 10 St.,Epiphany Playground,Adults Allowed,B405-CPA-0001,03/31/2020,06/21/2020,301,B-01,40.70871353149414,-73.96559143066406,POINT (-73.96559143066406 40.70871353149414)
M,Completely Locked,06/22/2020 01:08:13 PM,M148,M148,,Active,Yes,Level 3: Accessible Playgrounds with Universally Accessible Swings,E. 105 St. To E. 106 St. bet. Lexington Ave. and 3 Ave.,White Playground,Adults Allowed,M148-CPA-0001,03/31/2020,06/21/2020,111,M-11,40.79150390625,-73.94599151611328,POINT (-73.94599151611328 40.79150390625)
X,Completely Locked,06/22/2020 10:58:24 AM,X118,X118-02,Yes,,,,,Soundview Playground,,,03/31/2020,06/21/2020,209,X-09,40.81819152832031,-73.87053680419922,POINT (-73.87053680419922 40.81819152832031)
Q,Completely Locked,06/22/2020 03:13:13 PM,Q471,Q471-02,,,,,,Hunter's Point South Playground (South),,,03/31/2020,06/22/2020,402,Q-02,40.74010467529297,-73.96029663085938,POINT (-73.96029663085938 40.74010467529297)
Q,Partially Locked,06/21/2020 01:17:39 PM,Q300,Q300-03,,Active,Yes,Level 4: Accessible Playgrounds with Transfer Platforms and Ground Level Play Features,Colden St & Geranium Ave,Silent Springs Playground,Unknown,Q300-CPA-0002,03/31/2020,06/21/2020,407,Q-07,40.74980926513672,-73.82286834716797,POINT (-73.82286834716797 40.74980926513672)
M,Partially Locked,06/22/2020 05:24:10 PM,M192,M192,,Active,No,Not Applicable,"FDR Dr., E. 95 St. To E. 97 St.",Stanley Isaacs Playground,Adults Allowed,M192-CPA-0001,03/31/2020,06/21/2020,108,M-08,40.78266906738281,-73.94485473632812,POINT (-73.94485473632812 40.78266906738281)
Q,Completely Locked,06/19/2020 10:42:13 AM,Q015,Q015-05,,Active,Yes,Level 4: Accessible Playgrounds with Transfer Platforms and Ground Level Play Features,"Myrtle Ave, Woodhaven Blvd",Greenhouse Playground,Unknown,Q015-CPA-0003,03/31/2020,06/19/2020,482,Q-16,40.70127487182617,-73.85604095458984,POINT (-73.85604095458984 40.70127487182617)
M,Partially Locked,06/22/2020 12:54:15 PM,M198,M198,,Active,Yes,Level 1: Playgrounds for All Children,"Lenox Ave, W. 113 St. To W. 114 St.","Martin Luther King, Jr. Playground",Unknown,M198-CPA-0001,03/31/2020,06/21/2020,110,M-10,40.80045700073242,-73.95023345947266,POINT (-73.95023345947266 40.80045700073242)
X,Not Lockable,06/22/2020 10:09:56 AM,X010,X010-07,,Active,Yes,Level 4: Accessible Playgrounds with Transfer Platforms and Ground Level Play Features,"Crotona E-Claremont, Charlotte",Carter Plgd (7),Adults Allowed,X010-CPA-0006,03/31/2020,06/21/2020,203,X-03,40.83689880371094,-73.89446258544922,POINT (-73.89446258544922 40.83689880371094)
X,Completely Locked,06/22/2020 01:12:24 PM,X185,X185,,,,,"E 161 St, Trinity Av, E 163 St, Cauldwel",Dunbar Playground,,,03/31/2020,06/21/2020,203,X-03,40.8230094909668,-73.90644073486328,POINT (-73.90644073486328 40.8230094909668)
Q,Completely Locked,06/22/2020 06:33:20 PM,Q321,Q321,,Active,No,Not Applicable,21 St. bet. 29 Ave. and 30 Ave.,Van Alst Playground,Adults Allowed,Q321-CPA-0001,03/31/2020,06/22/2020,401,Q-01,40.77040100097656,-73.9282455444336,POINT (-73.9282455444336 40.77040100097656)
B,Completely Locked,06/22/2020 12:29:03 PM,B056,B056,,Active,Yes,Level 4: Accessible Playgrounds with Transfer Platforms and Ground Level Play Features,"Dumont Ave., Blake Ave. bet. Bradford St. and Miller Ave.",Martin Luther King Jr. Playground,Adults Allowed,B056-CPA-0001,03/31/2020,06/20/2020,305,B-05,40.66725158691406,-73.89032745361328,POINT (-73.89032745361328 40.66725158691406)
B,Completely Locked,06/22/2020 04:39:23 PM,B220,B220,,Active,Yes,Level 4: Accessible Playgrounds with Transfer Platforms and Ground Level Play Features,Park Ave. bet. Washington Ave. and Hall St.,Washington Hall Park,Adults Allowed,B220-CPA-0001,03/31/2020,06/22/2020,302,B-02,40.69524383544922,-73.96661376953125,POINT (-73.96661376953125 40.69524383544922)
B,Partially Locked,06/22/2020 12:39:21 PM,B343,B343,,Active,Yes,Level 4: Accessible Playgrounds with Transfer Platforms and Ground Level Play Features,"Linden Blvd., Osborn St., Rockaway Ave., Hegeman Ave.",Osborn Playground,Adults Allowed,B343-CPA-0001,03/31/2020,06/20/2020,316,B-16,40.65616989135742,-73.906005859375,POINT (-73.906005859375 40.65616989135742)
B,Completely Locked,06/23/2020 10:09:07 AM,B073,B073-02D,,Active,Yes,Level 3: Accessible Playgrounds with Universally Accessible Swings,West Drive opp Garfield Pl,Garfield Tot Lot,Unknown,B073-CPA-0002,03/31/2020,06/22/2020,355,B-19,40.66973114013672,-73.97196197509766,POINT (-73.97196197509766 40.66973114013672)
X,Not Lockable,06/22/2020 10:31:37 AM,X040,X040,,Active,Yes,Level 4: Accessible Playgrounds with Transfer Platforms and Ground Level Play Features,Grand Concourse bet. E. 192 St. and E. K,Poe Park,Adults not allowed in some locations,X040-CPA-0001,03/31/2020,06/21/2020,207,X-07,40.864803314208984,-73.89452362060547,POINT (-73.89452362060547 40.864803314208984)
Q,Not Lockable,06/23/2020 11:01:33 AM,Q005,Q005-12,,Active,No,Not Applicable,150th St & Rockaway Blvd,Rockaway Blvd Playground,Unknown,Q005-CPA-0005,03/31/2020,06/23/2020,412,Q-12,40.67263412475586,-73.78771209716797,POINT (-73.78771209716797 40.67263412475586)
Q,Completely Locked,06/22/2020 06:35:50 PM,QT06,QT06,,Active,No,Not Applicable,"51 Ave. bet. Jackson Ave., Vernon Blvd. and 11 St.",Old Hickory Playground,Adults Allowed,QT06-CPA-0001,03/31/2020,06/22/2020,402,Q-02,40.74175262451172,-73.95355224609375,POINT (-73.95355224609375 40.74175262451172)
B,Completely Locked,06/22/2020 01:05:59 PM,B363,B363,,Active,Yes,Level 3: Accessible Playgrounds with Universally Accessible Swings,Glenmore Ave. between Powell St. and Sackman St.,Houston Playground,Adults Allowed,B363-CPA-0001,03/31/2020,06/20/2020,316,B-16,40.67216491699219,-73.90510559082031,POINT (-73.90510559082031 40.67216491699219)
B,Completely Locked,06/23/2020 12:09:27 PM,B167A,B167A,,,,,"S. 5 St., Broadway, Havemeyer St.",La Guardia Playground,,,03/31/2020,,301,B-01,40.70991516113281,-73.95917510986328,POINT (-73.95917510986328 40.70991516113281)
X,Completely Locked,06/22/2020 09:34:10 AM,X103,X103,,Active,No,Not Applicable,E. 141 St. bet. Brook Ave. and St Ann's Ave.,People's Park,Adults Allowed,X103-CPA-0001,03/31/2020,06/21/2020,201,X-01,40.80967712402344,-73.91715240478516,POINT (-73.91715240478516 40.80967712402344)
Q,Completely Locked,06/22/2020 06:25:15 PM,Q123,Q123,,Active,Yes,Level 4: Accessible Playgrounds with Transfer Platforms and Ground Level Play Features,14 St. bet. 31 Ave. and 31 Dr.,Astoria Health Playground,Adults Allowed,Q123-CPA-0001,03/31/2020,06/22/2020,401,Q-01,40.76797866821289,-73.93270874023438,POINT (-73.93270874023438 40.76797866821289)
B,Completely Locked,06/22/2020 03:45:07 PM,B235,B235,,Active,Yes,Level 4: Accessible Playgrounds with Transfer Platforms and Ground Level Play Features,Ave. V between Nostrand Ave. and Batchelder St.,Herman Dolgon Playground,Adults Allowed,B235-CPA-0001,03/31/2020,06/22/2020,315,B-15,40.59817886352539,-73.93949127197266,POINT (-73.93949127197266 40.59817886352539)
Q,Partially Locked,06/22/2020 01:03:22 PM,Q379,Q379,,Active,Yes,Level 4: Accessible Playgrounds with Transfer Platforms and Ground Level Play Features,148 St. bet. 85 Ave. and 85 Rd.,Briarwood Playground,Adults not allowed in some locations,Q379-CPA-0001,03/31/2020,06/21/2020,408,Q-08,40.71065139770508,-73.81080627441406,POINT (-73.81080627441406 40.71065139770508)
B,Completely Locked,06/24/2020 10:50:20 AM,B402,B402,,Active,Yes,Level 4: Accessible Playgrounds with Transfer Platforms and Ground Level Play Features,Wyona St. to Vermont St. between Fulton St. and Jamaica Ave.,George Walker Jr. Park,Adults Allowed,B402-CPA-0001,03/31/2020,06/23/2020,305,B-05,40.678497314453125,-73.8951416015625,POINT (-73.8951416015625 40.678497314453125)
B,Completely Locked,06/24/2020 11:35:12 AM,B026,B026,,Active,Yes,Level 4: Accessible Playgrounds with Transfer Platforms and Ground Level Play Features,"Carlton Ave., Fulton St., Green Ave.",Cuyler Gore Park,Adults not allowed in some locations,B026-CPA-0001,03/31/2020,06/23/2020,302,B-02,40.68555450439453,-73.9719009399414,POINT (-73.9719009399414 40.68555450439453)
M,Completely Locked,06/22/2020 01:06:47 PM,M273,M273-01,,Active,No,Not Applicable,E 124 St Bet 1 & 2 Aves,Othmar Ammann Playground,Unknown,M273-CPA-0001,03/31/2020,06/21/2020,111,M-11,40.8017463684082,-73.93248748779297,POINT (-73.93248748779297 40.8017463684082)
B,Completely Locked,06/22/2020 04:33:34 PM,B222,B222,,Active,Yes,Level 4: Accessible Playgrounds with Transfer Platforms and Ground Level Play Features,"bet. Pierrepont Pl., Pierrepont St. and the BQE",Pierrepont Playground,Adults Allowed,B222-CPA-0001,03/31/2020,06/22/2020,302,B-02,40.696170806884766,-73.9974594116211,POINT (-73.9974594116211 40.696170806884766)
M,Partially Locked,06/22/2020 05:18:42 PM,M076,M076,,Active,Yes,Level 4: Accessible Playgrounds with Transfer Platforms and Ground Level Play Features,"1 Ave.,2 Ave., bet. E. 35 St. and E. 36 St.",St. Vartan Park,Unknown,M076-CPA-0001,03/31/2020,06/21/2020,106,M-06,40.74503707885742,-73.9736328125,POINT (-73.9736328125 40.74503707885742)
X,Completely Locked,06/22/2020 11:05:37 AM,X093,X093,,,,,,Van Nest Park,,,03/31/2020,06/21/2020,211,X-11,40.843482971191406,-73.8658447265625,POINT (-73.8658447265625 40.843482971191406)
Q,Partially Locked,06/22/2020 01:06:49 PM,Q220G,Q220G,,Active,No,Not Applicable,"Manton St. bet. 83 Ave., 134 St. and Main St.",Hoover - Manton Playgrounds,Unknown,Q220G-CPA-0001,03/31/2020,06/21/2020,408,Q-08,40.71044921875,-73.8201675415039,POINT (-73.8201675415039 40.71044921875)
Q,Partially Locked,06/21/2020 04:56:36 PM,Q162H,Q162H,,Active,Yes,Level 3: Accessible Playgrounds with Universally Accessible Swings,Rockaway Boardwalk bet. B. 32 St and B. 28 St.,Beach 30th Street Playground,Adults not allowed in some locations,Q162H-CPA-0001,03/31/2020,06/21/2020,414,Q-14,40.592559814453125,-73.76165008544922,POINT (-73.76165008544922 40.592559814453125)
X,Not Lockable,06/22/2020 10:08:43 AM,X010,X010-01,,Active,Yes,Level 4: Accessible Playgrounds with Transfer Platforms and Ground Level Play Features,"Crotona Ave, Crotona Pk N",Crotona Playground (1),Adults not allowed in some locations,X010-CPA-0001,03/31/2020,06/21/2020,203,X-03,40.84211349487305,-73.89476013183594,POINT (-73.89476013183594 40.84211349487305)
Q,Completely Locked,06/21/2020 06:41:49 PM,Q102,Q102-03,,Active,Yes,Level 3: Accessible Playgrounds with Universally Accessible Swings,"72 St, 74st, Juniper Blvd South",Juniper South Playground,Unknown,Q102-CPA-0002,03/31/2020,06/21/2020,405,Q-05,40.71845626831055,-73.88275909423828,POINT (-73.88275909423828 40.71845626831055)
X,Partially Locked,06/22/2020 10:07:22 AM,X147A,X147A-01,,Active,No,Not Applicable,"Sheridan Exwy, Bronx River, S/o E 174 St Bridge",Starlight Park Playground,Adults not allowed in some locations,X147A-CPA-0001,03/31/2020,06/21/2020,209,X-14,40.834373474121094,-73.88203430175781,POINT (-73.88203430175781 40.834373474121094)
X,Completely Locked,06/22/2020 10:05:28 AM,X206,X206,,Active,Yes,Level 4: Accessible Playgrounds with Transfer Platforms and Ground Level Play Features,E 168 St bet.  Park Av and Washington Av,Morgan Playground,Adults Allowed,X206-CPA-0001,03/31/2020,06/21/2020,203,X-03,40.83207321166992,-73.90752410888672,POINT (-73.90752410888672 40.83207321166992)
B,Partially Locked,06/22/2020 12:46:52 PM,B228,B228,,Active,No,Not Applicable,Mother Gaston Blvd. and Sutter Ave.,Dr. Green Playground,Adults Allowed,B228-CPA-0001,03/31/2020,06/20/2020,316,B-16,40.667274475097656,-73.90791320800781,POINT (-73.90791320800781 40.667274475097656)
M,Completely Locked,06/22/2020 10:48:33 AM,M190,M190,,Active,Yes,Level 4: Accessible Playgrounds with Transfer Platforms and Ground Level Play Features,"W. 126 St. to W. 129 St., Amsterdam Ave. to Old Broadway",Sheltering Arms Playground,Unknown,M190-CPA-0001,03/31/2020,06/21/2020,109,M-09,40.81458282470703,-73.955810546875,POINT (-73.955810546875 40.81458282470703)
X,Completely Locked,06/22/2020 10:26:49 AM,X274,X274,,Active,Yes,Level 4: Accessible Playgrounds with Transfer Platforms and Ground Level Play Features,Creston Ave. bet. E. Burnside Ave. and E,Mount Hope Garden,Adults not allowed in some locations,X274-CPA-0001,03/31/2020,06/21/2020,205,X-05,40.8525505065918,-73.90536499023438,POINT (-73.90536499023438 40.8525505065918)
Q,Completely Locked,06/21/2020 04:59:09 PM,Q389,Q389,,Active,Yes,Level 4: Accessible Playgrounds with Transfer Platforms and Ground Level Play Features,Beach Channel Dr. bet. Beach 104 St. and Seaside Ave.,Bayside Playground,Adults Allowed,Q389-CPA-0001,03/31/2020,,414,Q-14,40.584983825683594,-73.82489776611328,POINT (-73.82489776611328 40.584983825683594)
B,Completely Locked,06/22/2020 03:45:07 PM,B251,B251-04,,Active,Yes,Level 2: Accessible Playgrounds with Ramped Play Equipment and Universally Accessible Swings,Falmouth St & Oriental Ave,Pat Parlato Plgd,Unknown,B251-CPA-0001,03/31/2020,06/22/2020,315,B-15,40.57704544067383,-73.94673156738281,POINT (-73.94673156738281 40.57704544067383)
M,Completely Locked,06/19/2020 10:02:29 AM,M116,M116,,Active,Yes,Level 2: Accessible Playgrounds with Ramped Play Equipment and Universally Accessible Swings,"Essex St., Norfolk St. and Houston St.",ABC Playground,Adults not allowed in some locations,M116-CPA-0001,03/31/2020,06/19/2020,103,M-03,40.72187042236328,-73.98604583740234,POINT (-73.98604583740234 40.72187042236328)
Q,Completely Locked,06/21/2020 05:04:09 PM,Q443,Q443,,Active,Yes,Level 4: Accessible Playgrounds with Transfer Platforms and Ground Level Play Features,"Beach 65 St. to Beach 66 St., Beach Channel Dr.",Almeda Playground,Adults Allowed,Q443-CPA-0001,03/31/2020,06/21/2020,414,Q-14,40.59320068359375,-73.79471588134766,POINT (-73.79471588134766 40.59320068359375)
B,Completely Locked,06/22/2020 03:29:41 PM,B042,B042,,Active,Yes,Level 2: Accessible Playgrounds with Ramped Play Equipment and Universally Accessible Swings,"18 Ave., 19 Ave., bet. 55 St. and 58 St.",Gravesend Park,Adults not allowed in some locations,B042-CPA-0001,03/31/2020,06/22/2020,312,B-12,40.62359619140625,-73.98503875732422,POINT (-73.98503875732422 40.62359619140625)
B,Completely Locked,06/23/2020 10:09:07 AM,B073,B073-02,,Active,Yes,Level 3: Accessible Playgrounds with Universally Accessible Swings,4 St & Prospect Pk W,Third St Plgd,Unknown,B073-CPA-0001,03/31/2020,06/22/2020,355,B-19,40.667198181152344,-73.97288513183594,POINT (-73.97288513183594 40.667198181152344)
X,Completely Locked,06/22/2020 01:12:50 PM,X282,X282,,,,,Southern Blvd bet. E 174 St and E 173 St,Seabury Playground,,,03/31/2020,06/21/2020,203,X-03,40.83648681640625,-73.88787078857422,POINT (-73.88787078857422 40.83648681640625)
R,Completely Locked,06/19/2020 01:54:41 PM,R046,R046-07,,Active,Yes,Level 4: Accessible Playgrounds with Transfer Platforms and Ground Level Play Features,"Bet Graham Blvd, Jefferson Ave, Father Capodanno Blvd.",Midland Beach Playground,Adults Allowed,R046-CPA-0001,03/31/2020,06/19/2020,595,R-02B,40.57443618774414,-74.08451080322266,POINT (-74.08451080322266 40.57443618774414)
M,Completely Locked,06/22/2020 11:58:32 AM,M010,M010-143,,Active,No,Not Applicable,79 St & 5 Av,Pat Hoffman Friedman Plgd,Unknown,M010-CPA-0007,03/31/2020,06/23/2020,164,M-13,40.777713775634766,-73.96403503417969,POINT (-73.96403503417969 40.777713775634766)
Q,Completely Locked,06/22/2020 02:22:02 PM,Q492,Q492,,Active,No,Not Applicable,"Grand Ave., 57 Ave. bet. 74 St. and 80 St.",Elmhurst Park,Adults not allowed in some locations,Q492-CPA-0001,03/31/2020,06/22/2020,404,Q-04,40.73014450073242,-73.88496398925781,POINT (-73.88496398925781 40.73014450073242)
X,Completely Locked,06/22/2020 10:42:18 AM,X092,X092-09,,Active,Yes,Level 4: Accessible Playgrounds with Transfer Platforms and Ground Level Play Features,W 240 St & Broadway,Southwest Plgd,Unknown,X092-CPA-0003,03/31/2020,06/21/2020,226,X-13,40.886722564697266,-73.89835357666016,POINT (-73.89835357666016 40.886722564697266)
X,Not Lockable,06/22/2020 10:10:46 AM,X010,X010-10,,Active,Yes,Level 4: Accessible Playgrounds with Transfer Platforms and Ground Level Play Features,"Fulton Ave Bet St Paul, E171",Playground Of The Stars,Adults Allowed,X010-CPA-0008,03/31/2020,06/21/2020,203,X-03,40.835933685302734,-73.90007781982422,POINT (-73.90007781982422 40.835933685302734)
Q,Partially Locked,06/19/2020 02:02:20 PM,Q129,Q129,,Active,No,Not Applicable,"Atlantic Ave., 95 Ave. bet. 127 St. and 125 St.","Phil ""Scooter"" Rizzuto Park",Unknown,Q129-CPA-0001,03/31/2020,06/19/2020,409,Q-09,40.69425582885742,-73.82194519042969,POINT (-73.82194519042969 40.69425582885742)
Q,Completely Locked,06/21/2020 04:56:36 PM,Q407,Q407,,Active,Yes,Level 3: Accessible Playgrounds with Universally Accessible Swings,Lanett Ave. bet. Beach 9 St. and Beach 8 St.,Lanett Playground,Adults not allowed in some locations,Q407-CPA-0001,03/31/2020,06/21/2020,414,Q-14,40.599510192871094,-73.74435424804688,POINT (-73.74435424804688 40.599510192871094)
Q,Completely Locked,06/21/2020 11:39:53 AM,Q133,Q133,,Active,No,Not Applicable,"Hempstead Ave., 225 St. and 224 St. Cross Island Parkway Exit at 225 St.",Pat Williams Playground,Adults Allowed,Q133-CPA-0001,03/31/2020,06/21/2020,413,Q-13,40.71292495727539,-73.72954559326172,POINT (-73.72954559326172 40.71292495727539)
B,Completely Locked,06/22/2020 04:19:50 PM,B390,B390,,Active,Yes,Level 2: Accessible Playgrounds with Ramped Play Equipment and Universally Accessible Swings,President St. and Van Brunt St.,Mother Cabrini Park,Adults not allowed in some locations,B390-CPA-0001,03/31/2020,06/22/2020,306,B-06,40.68440628051758,-74.00470733642578,POINT (-74.00470733642578 40.68440628051758)
X,Completely Locked,06/22/2020 10:01:56 AM,X190,X190,,Active,Yes,Level 2: Accessible Playgrounds with Ramped Play Equipment and Universally Accessible Swings,Fox St to Tiffany St bet. E 167 St and E 165 St,Tiffany Playground,Adults Allowed,X190-CPA-0001,03/31/2020,06/21/2020,202,X-02,40.824546813964844,-73.89415740966797,POINT (-73.89415740966797 40.824546813964844)
B,Completely Locked,06/23/2020 10:01:04 AM,B088,B088-02,,Active,Yes,Level 3: Accessible Playgrounds with Universally Accessible Swings,N/o Greene Ave,Herbert Von King Park,Adults Allowed,B088-CPA-0001,03/31/2020,06/22/2020,303,B-03,40.689552307128906,-73.94588470458984,POINT (-73.94588470458984 40.689552307128906)
X,Not Lockable,07/06/2020 12:48:59 PM,X148A3,X148A3,,,,,,Bridge Playground,,,03/31/2020,07/06/2020,204,X-04,40.84431076049805,-73.92411804199219,POINT (-73.92411804199219 40.84431076049805)
B,Completely Locked,06/22/2020 12:23:58 PM,B366,B366,,Active,No,Not Applicable,New Jersey Ave. between Blake Ave. and Dumont Ave.,Duke Park,Unknown,B366-CPA-0001,03/31/2020,06/22/2020,305,B-05,40.666831970214844,-73.89319610595703,POINT (-73.89319610595703 40.666831970214844)
B,Completely Locked,06/22/2020 03:18:53 PM,B264,B264,,Active,Yes,Level 4: Accessible Playgrounds with Transfer Platforms and Ground Level Play Features,Lee Ave. between Wilson St. and Taylor St.,Roebling Playground,Adults Allowed,B264-CPA-0001,03/31/2020,06/21/2020,301,B-01,40.706111907958984,-73.9622802734375,POINT (-73.9622802734375 40.706111907958984)
Q,Completely Locked,06/22/2020 03:15:05 PM,Q067A,Q067A,,Active,Yes,Level 4: Accessible Playgrounds with Transfer Platforms and Ground Level Play Features,"Broadway, 37 Ave. bet. 65 St. and 69 St.",General Hart Playground,Adults Allowed,Q067A-CPA-0001,03/31/2020,,402,Q-02,40.74878692626953,-73.89746856689453,POINT (-73.89746856689453 40.74878692626953)
B,Completely Locked,06/22/2020 01:55:05 PM,B337,B337,,Active,No,Not Applicable,W. Brighton Ave. between W. 2 St. and W. 3 St.,Century Playground,Adults not allowed in some locations,B337-CPA-0002,03/31/2020,06/22/2020,313,B-13,40.577171325683594,-73.97115325927734,POINT (-73.97115325927734 40.577171325683594)
B,Completely Locked,06/22/2020 03:28:45 PM,B052,B052-01,,Active,Yes,Level 2: Accessible Playgrounds with Ramped Play Equipment and Universally Accessible Swings,"66-67 Sts, 5th Ave",Millennium Playground,Unknown,B052-CPA-0001,03/31/2020,06/22/2020,310,B-10,40.6356086730957,-74.01952362060547,POINT (-74.01952362060547 40.6356086730957)
M,Completely Locked,06/22/2020 04:11:41 PM,M154,M154,,Active,Yes,Level 3: Accessible Playgrounds with Universally Accessible Swings,W. 45 St. bet. 9 Ave. and 10 Ave.,Mathews-Palmer Playground,Adults Allowed,M154-CPA-0001,03/31/2020,06/21/2020,104,M-04,40.76129150390625,-73.99285888671875,POINT (-73.99285888671875 40.76129150390625)
Q,Completely Locked,06/22/2020 01:28:32 PM,Q332,Q332,,Active,Yes,Level 4: Accessible Playgrounds with Transfer Platforms and Ground Level Play Features,20 Ave. bet. 37 St. and 38 St.,Woodtree Playground,Adults Allowed,Q332-CPA-0001,03/31/2020,06/22/2020,401,Q-01,40.777347564697266,-73.90254974365234,POINT (-73.90254974365234 40.777347564697266)
B,Completely Locked,06/22/2020 11:36:38 AM,B103,B103,,Active,Yes,Level 4: Accessible Playgrounds with Transfer Platforms and Ground Level Play Features,Euclid Ave. bet. Dumont Ave. and Blake Ave.,Cypress Hills Playground,Adults Allowed,B103-CPA-0001,03/31/2020,06/20/2020,305,B-05,40.67070007324219,-73.87120056152344,POINT (-73.87120056152344 40.67070007324219)
M,Completely Locked,06/19/2020 10:11:14 AM,M105,M105-04,,Active,Yes,Level 2: Accessible Playgrounds with Ramped Play Equipment and Universally Accessible Swings,Rivington St,Rivington St Plgd,Adults Allowed,M105-CPA-0002,03/31/2020,06/19/2020,103,M-03,40.721336364746094,-73.99176788330078,POINT (-73.99176788330078 40.721336364746094)
B,Completely Locked,06/22/2020 03:08:09 PM,B025,B025-01,,Active,Yes,Level 4: Accessible Playgrounds with Transfer Platforms and Ground Level Play Features,"Sharon & Olive Sts, Morgan Ave",Carnegie Plgd,Adults not allowed in some locations,B025-CPA-0001,03/31/2020,06/21/2020,301,B-01,40.71596145629883,-73.93740844726562,POINT (-73.93740844726562 40.71596145629883)
M,Completely Locked,06/22/2020 04:02:37 PM,M386,M386,,Active,No,Not Applicable,"Front St., John St., and South St.",Imagination Playground,Adults Allowed,M386-CPA-0001,03/31/2020,06/21/2020,101,M-01,40.70635223388672,-74.00431823730469,POINT (-74.00431823730469 40.70635223388672)
X,Partially Locked,06/22/2020 09:57:37 AM,X164,X164,,Active,Yes,Level 4: Accessible Playgrounds with Transfer Platforms and Ground Level Play Features,Rogers Pl. at Dawson St.,Dawson Playground,Adults Allowed,X164-CPA-0001,03/31/2020,06/21/2020,202,X-02,40.81945037841797,-73.8983383178711,POINT (-73.8983383178711 40.81945037841797)
M,Partially Locked,06/22/2020 03:30:27 PM,M087,M087,,Active,Yes,Level 4: Accessible Playgrounds with Transfer Platforms and Ground Level Play Features,"Riverside Dr., Claremont Ave. To W. 122 St.",Sakura Park,Adults not allowed in some locations,M087-CPA-0001,03/31/2020,06/21/2020,109,M-14,40.81291580200195,-73.96253967285156,POINT (-73.96253967285156 40.81291580200195)
B,Completely Locked,06/22/2020 12:22:58 PM,B078,B078,,Active,Yes,Level 4: Accessible Playgrounds with Transfer Platforms and Ground Level Play Features,Vermont St. bet. Pitkin Ave. and Belmont Ave.,Grace Playground,Adults Allowed,B078-CPA-0001,03/31/2020,06/20/2020,305,B-05,40.67188262939453,-73.89450073242188,POINT (-73.89450073242188 40.67188262939453)
Q,Partially Locked,06/23/2020 09:23:48 AM,Q122,Q122,,Active,Yes,Level 4: Accessible Playgrounds with Transfer Platforms and Ground Level Play Features,34 Ave. bet. 96 St. and Junction Blvd.,Junction Playground,Adults Allowed,Q122-CPA-0001,03/31/2020,06/23/2020,403,Q-03,40.75470733642578,-73.87214660644531,POINT (-73.87214660644531 40.75470733642578)
M,Completely Locked,06/22/2020 11:20:25 AM,M010,M010-188,,Active,Yes,Level 3: Accessible Playgrounds with Universally Accessible Swings,93 St & Central Park West,Wild West Plgd,Unknown,M010-CPA-0014,03/31/2020,06/21/2020,164,M-13,40.789886474609375,-73.96543884277344,POINT (-73.96543884277344 40.789886474609375)
Q,Partially Locked,06/21/2020 11:31:08 AM,Q293,Q293,,Active,Yes,Level 4: Accessible Playgrounds with Transfer Platforms and Ground Level Play Features,56 Ave. bet. 201 St. and 202 St.,Saul Weprin Playground,Adults Allowed,Q293-CPA-0001,03/31/2020,06/21/2020,411,Q-11,40.748497009277344,-73.77632141113281,POINT (-73.77632141113281 40.748497009277344)
R,Completely Locked,06/22/2020 02:36:21 PM,R085,R085,,Active,Yes,Level 4: Accessible Playgrounds with Transfer Platforms and Ground Level Play Features,Edith Ave. at Irvington St.,E.M.T. Christopher J. Prescott Playground,Adults Allowed,R085-CPA-0001,03/31/2020,,503,R-03,40.522342681884766,-74.18595123291016,POINT (-74.18595123291016 40.522342681884766)
B,Completely Locked,06/23/2020 10:01:04 AM,B216,B216,,Active,Yes,Level 4: Accessible Playgrounds with Transfer Platforms and Ground Level Play Features,Marcus Garvey Blvd. bet. Monore St. and Madison St.,Raymond Bush Playground,Adults Allowed,B216-CPA-0001,03/31/2020,06/22/2020,303,B-03,40.686485290527344,-73.93895721435547,POINT (-73.93895721435547 40.686485290527344)
Q,Partially Locked,06/21/2020 03:03:32 PM,Q413,Q413-02,,Active,Yes,Level 1: Playgrounds for All Children,Nr Guy Brewer Blvd & 134 Ave,Rochdale Park Playground,Adults not allowed in some locations,Q413-CPA-0001,03/31/2020,06/21/2020,412,Q-12,40.67417907714844,-73.77532196044922,POINT (-73.77532196044922 40.67417907714844)
Q,Completely Locked,06/21/2020 06:41:49 PM,Q002,Q002,,Active,No,Not Applicable,Stanhope St. bet. Fairvier Ave. and Grandview Ave.,Grover Cleveland Playground,Adults not allowed in some locations,Q002-CPA-0001,03/31/2020,06/21/2020,405,Q-05,40.71146011352539,-73.91102600097656,POINT (-73.91102600097656 40.71146011352539)
M,Completely Locked,06/22/2020 04:31:37 PM,M225,M225,,,,,E. 120 St. bet. 1 Ave. and 2 Ave.,Wagner Playground,,,03/31/2020,,111,M-11,40.799774169921875,-73.93492126464844,POINT (-73.93492126464844 40.799774169921875)
M,Completely Locked,06/22/2020 11:05:46 AM,M244,M244,,Active,Yes,Level 4: Accessible Playgrounds with Transfer Platforms and Ground Level Play Features,"Columbus Ave., W. 91 St. To W. 92 St., Central Park W.",Sol Bloom Playground,Adults Allowed,M244-CPA-0001,03/31/2020,06/21/2020,107,M-07,40.7897834777832,-73.96878814697266,POINT (-73.96878814697266 40.7897834777832)
M,Completely Locked,06/22/2020 11:48:07 AM,M037,M037-03,,Active,Yes,Level 4: Accessible Playgrounds with Transfer Platforms and Ground Level Play Features,W 180 St & Amsterdam Ave,Quisqueya Plgd,Adults Allowed,M037-CPA-0001,03/31/2020,06/21/2020,112,M-12A,40.847129821777344,-73.93116760253906,POINT (-73.93116760253906 40.847129821777344)
B,Completely Locked,06/22/2020 03:45:07 PM,B306,B306,,Active,Yes,Level 2: Accessible Playgrounds with Ramped Play Equipment and Universally Accessible Swings,Ave. Y between Brown St. and Haring St.,Playground 286,Adults Allowed,B306-CPA-0001,03/31/2020,06/22/2020,315,B-15,40.59073257446289,-73.93833923339844,POINT (-73.93833923339844 40.59073257446289)
X,Completely Locked,06/22/2020 09:47:28 AM,X153,X153-02,,Active,Yes,Level 4: Accessible Playgrounds with Transfer Platforms and Ground Level Play Features,"Merriam & Ogden Aves, W 168 St, University",Merriam Plgd (Lower),Adults not allowed in some locations,X153-CPA-0002,03/31/2020,06/21/2020,204,X-04,40.839210510253906,-73.92620086669922,POINT (-73.92620086669922 40.839210510253906)
R,Completely Locked,06/22/2020 04:52:16 PM,R144,R144,,Active,No,Not Applicable,"Bowen St., Vanderbilt Ave., Targee St.",Sobel Court Park,Adults not allowed in some locations,R144-CPA-0001,03/31/2020,06/22/2020,501,R-01,40.61479949951172,-74.0832290649414,POINT (-74.0832290649414 40.61479949951172)
B,Completely Locked,06/22/2020 01:39:23 PM,B236,B236,,Active,Yes,Level 4: Accessible Playgrounds with Transfer Platforms and Ground Level Play Features,Ralph Ave. and Farragut Rd.,Glenwood Playground,Adults Allowed,B236-CPA-0001,03/31/2020,06/22/2020,318,B-18,40.63650894165039,-73.92019653320312,POINT (-73.92019653320312 40.63650894165039)
Q,Partially Locked,06/23/2020 12:29:08 PM,Q399,Q399,,Active,Yes,Level 4: Accessible Playgrounds with Transfer Platforms and Ground Level Play Features,23 Ave. bet. 212 St. and Bell Blvd.,Bay Terrace Playground,Adults Allowed,Q399-CPA-0001,03/31/2020,06/23/2020,407,Q-07,40.78252029418945,-73.7773666381836,POINT (-73.7773666381836 40.78252029418945)
M,Completely Locked,06/19/2020 10:07:19 AM,M228,M228,Yes,,,,,Henry M Jackson Playground,,,03/31/2020,06/19/2020,103,M-03,40.71395492553711,-73.98168182373047,POINT (-73.98168182373047 40.71395492553711)
M,Completely Locked,06/22/2020 10:46:26 AM,M056,M056-02,,Active,Yes,Level 2: Accessible Playgrounds with Ramped Play Equipment and Universally Accessible Swings,W 117 St & Morningside Ave,Morningside Plgd,Unknown,M056-CPA-0002,03/31/2020,06/21/2020,109,M-09,40.807037353515625,-73.95775604248047,POINT (-73.95775604248047 40.807037353515625)
Q,Completely Locked,06/22/2020 04:52:33 PM,Q051,Q051-01,,Active,No,Not Applicable,174 St & 113 Ave,174 St Playground,Adults not allowed in some locations,Q051-CPA-0001,03/31/2020,,412,Q-12,40.693580627441406,-73.77799987792969,POINT (-73.77799987792969 40.693580627441406)
B,Partially Locked,06/22/2020 03:29:41 PM,B128,B128,,Active,No,Not Applicable,Ave. P bet. E. 4 St. and Ocean Pkwy.,Colonel David Marcus Playground,Adults Allowed,B128-CPA-0001,03/31/2020,06/22/2020,312,B-12,40.61026382446289,-73.96878051757812,POINT (-73.96878051757812 40.61026382446289)
B,Completely Locked,06/22/2020 03:10:08 PM,B223R,B223R,,Active,Yes,Level 3: Accessible Playgrounds with Universally Accessible Swings,"Hope St., Marcy Ave., Metropolitan Ave.",Jaime Campiz Playground,Adults Allowed,B223R-CPA-0001,03/31/2020,06/21/2020,301,B-01,40.71372985839844,-73.95420837402344,POINT (-73.95420837402344 40.71372985839844)
Q,Completely Locked,06/23/2020 09:27:35 AM,Q361,Q361,,Active,No,Not Applicable,"Broadway., 82 St., 45 Ave.",Moore Homestead Playground,Adults Allowed,Q361-CPA-0001,03/31/2020,,404,Q-04,40.7421760559082,-73.88274383544922,POINT (-73.88274383544922 40.7421760559082)
R,Completely Locked,06/22/2020 04:54:45 PM,R035,R035,,Active,No,Not Applicable,"Tompkins Ave., bet. Chestnut St. and Shaughnessy La.",De Matti Park,Unknown,R035-CPA-0001,03/31/2020,06/22/2020,501,R-01,40.61492919921875,-74.07342529296875,POINT (-74.07342529296875 40.61492919921875)
X,Partially Locked,06/22/2020 09:37:49 AM,X217,X217,,Active,Yes,Level 4: Accessible Playgrounds with Transfer Platforms and Ground Level Play Features,E 141 St to E 140 St bet. Willis Av and Alexander Av,Willis Playground,Adults Allowed,X217-CPA-0001,03/31/2020,06/21/2020,201,X-01,40.81107711791992,-73.9224624633789,POINT (-73.9224624633789 40.81107711791992)
Q,Completely Locked,06/22/2020 06:27:29 PM,Q226,Q226-01,,Active,Yes,Level 4: Accessible Playgrounds with Transfer Platforms and Ground Level Play Features,"Vernon Blvd, Main Ave",Hallets Cove Playground (area A),Adults Allowed,Q226-CPA-0001,03/31/2020,06/22/2020,401,Q-01,40.771820068359375,-73.9344482421875,POINT (-73.9344482421875 40.771820068359375)
B,Completely Locked,06/22/2020 01:31:48 PM,B247,B247-01,,Active,Yes,Level 4: Accessible Playgrounds with Transfer Platforms and Ground Level Play Features,Louisiana & Flatlands Ave,Breukelen Plgd,Unknown,B247-CPA-0001,03/31/2020,06/22/2020,318,B-18,40.653629302978516,-73.8939208984375,POINT (-73.8939208984375 40.653629302978516)
X,Completely Locked,06/22/2020 09:31:44 AM,X131,X131,,Active,Yes,Level 4: Accessible Playgrounds with Transfer Platforms and Ground Level Play Features,E 135 St bet. Alexander Av and Willis Av,Lozada Playground,Adults Allowed,X131-CPA-0001,03/31/2020,06/21/2020,201,X-01,40.807769775390625,-73.92500305175781,POINT (-73.92500305175781 40.807769775390625)
M,Completely Locked,06/22/2020 03:15:31 PM,M125B,M125B,,Active,No,Not Applicable,"Minetta Lane, W. 3 St. and Ave. of Americas",Minetta Playground,Adults not allowed in some locations,M125B-CPA-0001,03/31/2020,,102,M-02,40.730796813964844,-74.00126647949219,POINT (-74.00126647949219 40.730796813964844)
X,Not Lockable,07/06/2020 12:51:06 PM,X264,X264,Yes,,,,,Fields of Dream Park,,,03/31/2020,07/06/2020,202,X-02,40.82658386230469,-73.89228057861328,POINT (-73.89228057861328 40.82658386230469)
X,Completely Locked,06/22/2020 10:30:43 AM,X013,X013-01,,Active,Yes,Level 4: Accessible Playgrounds with Transfer Platforms and Ground Level Play Features,"University Ave & Fr Zeiser Pl, Near W 188 St",Devoe Park,Adults Allowed,X013-CPA-0001,03/31/2020,06/21/2020,207,X-05,40.86396026611328,-73.9046401977539,POINT (-73.9046401977539 40.86396026611328)
B,Completely Locked,06/22/2020 03:29:41 PM,B162,B162,,Active,Yes,Level 4: Accessible Playgrounds with Transfer Platforms and Ground Level Play Features,"10 Ave., New Utrecht Ave. bet. 43 St. and 42 St.",Brizzi Playground,Adults Allowed,B162-CPA-0001,03/31/2020,06/22/2020,312,B-12,40.64229202270508,-73.9945297241211,POINT (-73.9945297241211 40.64229202270508)
X,Partially Locked,07/06/2020 12:50:06 PM,X228,X228,Yes,,,,,I Am Park,,,03/31/2020,07/06/2020,201,X-01,40.81131362915039,-73.9102554321289,POINT (-73.9102554321289 40.81131362915039)
X,Partially Locked,06/22/2020 10:02:38 AM,X211,X211,,,,,,Stebbins Playground,,,03/31/2020,06/21/2020,202,X-02,40.82276916503906,-73.89851379394531,POINT (-73.89851379394531 40.82276916503906)
B,Completely Locked,06/22/2020 03:35:50 PM,B284,B284,,Active,Yes,Level 4: Accessible Playgrounds with Transfer Platforms and Ground Level Play Features,"Sterling St., Empire Blvd., New York Ave., Nostrand Ave.",Marc And Jason's Playground,Adults Allowed,B284-CPA-0001,03/31/2020,06/22/2020,309,B-09,40.66352081298828,-73.94999694824219,POINT (-73.94999694824219 40.66352081298828)
B,Completely Locked,06/22/2020 03:22:18 PM,B358,B358,,Active,Yes,Level 3: Accessible Playgrounds with Universally Accessible Swings,Harrison Ave. between Walton St. and Lorimer St.,De Hostos Playground,Adults Allowed,B358-CPA-0001,03/31/2020,06/21/2020,301,B-01,40.70249557495117,-73.9492416381836,POINT (-73.9492416381836 40.70249557495117)
R,Completely Locked,06/22/2020 02:05:24 PM,R073,R073,,Active,Yes,Level 4: Accessible Playgrounds with Transfer Platforms and Ground Level Play Features,"Targee St, Stanwich St. Rome Ave.",Naples Playground,Unknown,R073-CPA-0001,03/31/2020,06/22/2020,502,R-02,40.6021842956543,-74.09066009521484,POINT (-74.09066009521484 40.6021842956543)
X,Completely Locked,06/22/2020 10:01:11 AM,X284,X284,,Active,No,Not Applicable,Hoe Av bet. Aldus St and Westchester Av,Printers Park,Adults not allowed in some locations,X284-CPA-0001,03/31/2020,06/21/2020,202,X-02,40.824127197265625,-73.89073944091797,POINT (-73.89073944091797 40.824127197265625)
M,Completely Locked,06/22/2020 01:38:21 PM,M165,M165,,Active,Yes,Level 4: Accessible Playgrounds with Transfer Platforms and Ground Level Play Features,Corner of Baruch Pl. and Mangin St.,Baruch Playground,Adults Allowed,M165-CPA-0001,03/31/2020,,103,M-03,40.71683883666992,-73.97679138183594,POINT (-73.97679138183594 40.71683883666992)
B,Completely Locked,06/22/2020 01:55:05 PM,B125,B125-01,,Active,Yes,Level 4: Accessible Playgrounds with Transfer Platforms and Ground Level Play Features,Bay 46 & Cropsey Ave,Calvert Vaux Park Playground,Unknown,B125-CPA-0001,03/31/2020,06/22/2020,313,B-13,40.5878791809082,-73.99063110351562,POINT (-73.99063110351562 40.5878791809082)
Q,Not Lockable,06/21/2020 12:57:52 PM,Q445,Q445-01,,Active,Yes,Level 4: Accessible Playgrounds with Transfer Platforms and Ground Level Play Features,136 St & 14 Rd,136 St Playground,Adults Allowed,Q445-CPA-0001,03/31/2020,06/21/2020,407,Q-07,40.78484344482422,-73.83304595947266,POINT (-73.83304595947266 40.78484344482422)
M,Partially Locked,06/22/2020 10:41:26 AM,M077,M077-03,,Active,Yes,Level 4: Accessible Playgrounds with Transfer Platforms and Ground Level Play Features,W 140 St & St Nicholas Ave,Arlington Edinboro Playground,Adults Allowed,M077-CPA-0002,03/31/2020,06/21/2020,109,M-09,40.820648193359375,-73.94677734375,POINT (-73.94677734375 40.820648193359375)
X,Completely Locked,06/22/2020 09:33:09 AM,X238,X238,,Active,Yes,Level 4: Accessible Playgrounds with Transfer Platforms and Ground Level Play Features,E. 139 St. bet. Brook Ave. and Willis Ave.,Saw Mill Playground,Adults Allowed,X238-CPA-0001,03/31/2020,06/21/2020,201,X-01,40.80876159667969,-73.91918182373047,POINT (-73.91918182373047 40.80876159667969)
X,Completely Locked,06/22/2020 10:27:08 AM,X257,X257,,Active,Yes,Level 4: Accessible Playgrounds with Transfer Platforms and Ground Level Play Features,E. 177 St. at Walton Ave.,Mount Hope Playground,Adults not allowed in some locations,X257-CPA-0001,03/31/2020,06/21/2020,205,X-05,40.85020446777344,-73.9095230102539,POINT (-73.9095230102539 40.85020446777344)
B,Completely Locked,06/23/2020 10:01:04 AM,B298,B298,,Active,Yes,Level 4: Accessible Playgrounds with Transfer Platforms and Ground Level Play Features,"Park Ave., Martin Luther King Pl., Marcy Ave.",Stockton Playground,Unknown,B298-CPA-0001,03/31/2020,06/22/2020,303,B-03,40.697200775146484,-73.94819641113281,POINT (-73.94819641113281 40.697200775146484)
M,Completely Locked,06/22/2020 03:31:59 PM,M071,M071-37,,Active,Yes,Level 3: Accessible Playgrounds with Universally Accessible Swings,"W 112-113 Sts, Riverside Dr",Tot Lot One Hundred And Twelve,Unknown,M071-CPA-0001,03/31/2020,06/21/2020,109,M-14,40.806461334228516,-73.96793365478516,POINT (-73.96793365478516 40.806461334228516)
M,Partially Locked,06/22/2020 11:06:31 AM,M219,M219,,Active,Yes,Level 3: Accessible Playgrounds with Universally Accessible Swings,W. 78 St. and Amsterdam Ave.,Tecumseh Playground,Adults Allowed,M219-CPA-0001,03/31/2020,06/21/2020,107,M-07,40.78194046020508,-73.9788818359375,POINT (-73.9788818359375 40.78194046020508)
B,Completely Locked,06/23/2020 11:19:11 AM,B110,B110,,Active,Yes,Level 4: Accessible Playgrounds with Transfer Platforms and Ground Level Play Features,Hopkinson Ave. bet. Marion St. and Chauncey St.,Marion Hopkinson Playground,Adults Allowed,B110-CPA-0001,03/31/2020,06/20/2020,316,B-16,40.6817626953125,-73.91328430175781,POINT (-73.91328430175781 40.6817626953125)
Q,Not Lockable,06/19/2020 08:13:43 AM,Q107,Q107-01,,Active,Yes,Level 4: Accessible Playgrounds with Transfer Platforms and Ground Level Play Features,147 Ave & 184 St,Springfield Playground,Unknown,Q107-CPA-0001,03/31/2020,06/19/2020,413,Q-13,40.660072326660156,-73.76225280761719,POINT (-73.76225280761719 40.660072326660156)
B,Completely Locked,06/22/2020 01:35:43 PM,B018,B018-01,,Active,Yes,Level 4: Accessible Playgrounds with Transfer Platforms and Ground Level Play Features,"Seaview Ave, E 92 St",Dinapoli Plgd,Unknown,B018-CPA-0001,03/31/2020,,318,B-18,40.63092803955078,-73.89282989501953,POINT (-73.89282989501953 40.63092803955078)
B,Completely Locked,06/23/2020 10:01:04 AM,B317,B317,,Active,Yes,Level 4: Accessible Playgrounds with Transfer Platforms and Ground Level Play Features,Lafayette Ave. and Franklin Ave.,Lafayette Gardens Playground,Adults Allowed,B317-CPA-0001,03/31/2020,06/22/2020,303,B-03,40.68967056274414,-73.95756530761719,POINT (-73.95756530761719 40.68967056274414)
Q,Not Lockable,06/23/2020 11:00:50 AM,Q448,Q448-99,,Active,Yes,Level 2: Accessible Playgrounds with Ramped Play Equipment and Universally Accessible Swings,"Near The Recreation Building, Off Baisley Blvd",Roy Wilkins Park Playground,Unknown,Q448-CPA-0002,03/31/2020,06/23/2020,412,Q-12,40.68585205078125,-73.77040100097656,POINT (-73.77040100097656 40.68585205078125)
M,Completely Locked,06/22/2020 11:09:18 AM,M010,M010-241,,Active,Yes,Level 3: Accessible Playgrounds with Universally Accessible Swings,110 St & Cathedral Pkwy,110th St Plgd,Unknown,M010-CPA-0019,03/31/2020,06/21/2020,164,M-13,40.799781799316406,-73.95704650878906,POINT (-73.95704650878906 40.799781799316406)
Q,Completely Locked,06/22/2020 02:27:14 PM,Q013,Q013,,Active,No,Not Applicable,"Whitney Ave., 43 Ave., bet. Judge St. and Ketcham St.",Veterans Grove,Adults not allowed in some locations,Q013-CPA-0001,03/31/2020,06/22/2020,404,Q-04,40.74272155761719,-73.87754821777344,POINT (-73.87754821777344 40.74272155761719)
B,Not Lockable,06/22/2020 03:28:45 PM,B060,B060-01,,Active,Yes,Level 2: Accessible Playgrounds with Ramped Play Equipment and Universally Accessible Swings,"74-75 Sts, Ft Hamilton Pkwy",McKinley Park Playground,Adults not allowed in some locations,B060-CPA-0001,03/31/2020,06/22/2020,310,B-10,40.62654113769531,-74.0171127319336,POINT (-74.0171127319336 40.62654113769531)
Q,Completely Locked,06/22/2020 03:16:30 PM,Q340,Q340,,Active,Yes,Level 4: Accessible Playgrounds with Transfer Platforms and Ground Level Play Features,Skillman Ave. bet. 41 St. and 43 St.,Torsney Playground,Adults not allowed in some locations,Q340-CPA-0001,03/31/2020,06/22/2020,402,Q-02,40.74735641479492,-73.9225082397461,POINT (-73.9225082397461 40.74735641479492)
M,Completely Locked,06/22/2020 05:19:45 PM,M203D,M203D,,Active,No,Not Applicable,E. 42 St. bet. 1 Ave. and 2 Ave.,Mary O'Connor Playground,Adults not allowed in some locations,M203D-CPA-0001,03/31/2020,06/21/2020,106,M-06,40.74953842163086,-73.9708023071289,POINT (-73.9708023071289 40.74953842163086)
B,Completely Locked,06/22/2020 12:20:00 PM,B149A,B149A,,Active,No,Not Applicable,Elton St. bet. New Lots Ave. and Hegeman Ave.,Elton Playground,Adults Allowed,B149A-CPA-0001,03/31/2020,06/20/2020,305,B-05,40.66619873046875,-73.88101196289062,POINT (-73.88101196289062 40.66619873046875)
Q,Partially Locked,06/23/2020 11:06:50 AM,Q300A,Q300A-01,,Active,Yes,Level 2: Accessible Playgrounds with Ramped Play Equipment and Universally Accessible Swings,Peck Ave & 188 St,Underhill Playground,Unknown,Q300A-CPA-0001,03/31/2020,06/23/2020,411,Q-11,40.74478530883789,-73.78789520263672,POINT (-73.78789520263672 40.74478530883789)
M,Completely Locked,06/22/2020 11:14:47 AM,M010,M010-031,,Active,Yes,Level 2: Accessible Playgrounds with Ramped Play Equipment and Universally Accessible Swings,"62 St, Bet West & Center Drs",Heckscher Plgd,Unknown,M010-CPA-0001,03/31/2020,06/21/2020,164,M-13,40.76862716674805,-73.977294921875,POINT (-73.977294921875 40.76862716674805)
B,Completely Locked,06/22/2020 01:42:16 PM,B353,B353,,Active,Yes,Level 4: Accessible Playgrounds with Transfer Platforms and Ground Level Play Features,E. 71 St. between Ave. N and Ave. T,Bergen Beach Playground,Adults Allowed,B353-CPA-0001,03/31/2020,06/22/2020,318,B-18,40.62224578857422,-73.90968322753906,POINT (-73.90968322753906 40.62224578857422)
B,Completely Locked,06/22/2020 01:55:05 PM,B268,B268,,Active,Yes,Level 4: Accessible Playgrounds with Transfer Platforms and Ground Level Play Features,"Public Beach, W. 29 St. and W. 32 St.",Nautilus Playground,Adults Allowed,B268-CPA-0001,03/31/2020,06/22/2020,313,B-13,40.571693420410156,-73.99566650390625,POINT (-73.99566650390625 40.571693420410156)
Q,Not Lockable,06/21/2020 03:03:32 PM,Q220B,Q220B,,Active,Yes,Level 4: Accessible Playgrounds with Transfer Platforms and Ground Level Play Features,"Van Wyck Exwy. Sr. Rd. E., 142 St., 106 Ave.",Norelli-Hargreaves Playground,Adults Allowed,Q220B-CPA-0001,03/31/2020,06/21/2020,412,Q-12,40.690616607666016,-73.80909729003906,POINT (-73.80909729003906 40.690616607666016)
B,Completely Locked,06/23/2020 10:08:49 AM,B287,B287,,,,,,Andries Playground,,,03/31/2020,06/22/2020,314,B-14,40.622833251953125,-73.94645690917969,POINT (-73.94645690917969 40.622833251953125)
X,Completely Locked,06/22/2020 10:03:39 AM,X116,X116,,Active,Yes,Level 3: Accessible Playgrounds with Universally Accessible Swings,Rev James Polite Av to Interval Av bet. E 167 St and Home St,Rev J Polite Playground,Adults Allowed,X116-CPA-0001,03/31/2020,06/21/2020,202,X-02,40.82677459716797,-73.89749908447266,POINT (-73.89749908447266 40.82677459716797)
M,Completely Locked,06/22/2020 04:11:41 PM,M277,M277,,Active,Yes,Level 4: Accessible Playgrounds with Transfer Platforms and Ground Level Play Features,10 Ave. bet. W. 47 St. and W. 48 St.,Hell's Kitchen Park,Adults Allowed,M277-CPA-0001,03/31/2020,06/21/2020,104,M-04,40.76294708251953,-73.99261474609375,POINT (-73.99261474609375 40.76294708251953)
X,Completely Locked,06/22/2020 10:49:18 AM,X002,X002-08,,Active,Yes,Level 4: Accessible Playgrounds with Transfer Platforms and Ground Level Play Features,"E 204 St, W/s Bronx Park",French Charley Plgd,Adults not allowed in some locations,X002-CPA-0005,03/31/2020,06/21/2020,227,X-14,40.869937896728516,-73.87626647949219,POINT (-73.87626647949219 40.869937896728516)
M,Completely Locked,06/22/2020 03:16:53 PM,M098,M098-01,,Active,Yes,Level 2: Accessible Playgrounds with Ramped Play Equipment and Universally Accessible Swings,"Washington Sq N, Washington Sq E",Washington Square Park,Adults not allowed in some locations,M098-CPA-0002,03/31/2020,06/21/2020,102,M-02,40.730770111083984,-73.99664306640625,POINT (-73.99664306640625 40.730770111083984)
Q,Partially Locked,06/21/2020 10:11:32 AM,Q001A,Q001A-01,,Active,Yes,Level 4: Accessible Playgrounds with Transfer Platforms and Ground Level Play Features,"Winchester Blvd, Union Tpke",Alley Athletic Playground,Unknown,Q001A-CPA-0001,03/31/2020,06/21/2020,413,Q-07A,40.739402770996094,-73.73432159423828,POINT (-73.73432159423828 40.739402770996094)
Q,Completely Locked,06/21/2020 11:32:45 AM,Q317,Q317,,Active,Yes,Level 4: Accessible Playgrounds with Transfer Platforms and Ground Level Play Features,64 Ave. bet. 218 St. and 219 St.,Tall Oak Playground,Adults Allowed,Q317-CPA-0001,03/31/2020,06/21/2020,411,Q-11,40.74629592895508,-73.7580795288086,POINT (-73.7580795288086 40.74629592895508)
R,Completely Locked,06/22/2020 02:46:25 PM,R026,R026,,Active,No,Not Applicable,Mill Rd. to Weed Ave. bet. Tysens La. and Isernia Ave.,Gerard P. Dugan Playground,Adults Allowed,R026-CPA-0001,03/31/2020,06/22/2020,503,R-03,40.56187057495117,-74.11141967773438,POINT (-74.11141967773438 40.56187057495117)
M,Completely Locked,06/22/2020 11:46:50 AM,M042,M042-03,,Active,Yes,Level 4: Accessible Playgrounds with Transfer Platforms and Ground Level Play Features,W 214 St & Seaman Ave,Indian Road Plgd,Adults not allowed in some locations,M042-CPA-0003,03/31/2020,06/21/2020,112,M-12,40.87167739868164,-73.9198989868164,POINT (-73.9198989868164 40.87167739868164)
X,Completely Locked,06/22/2020 10:31:15 AM,X044,X044-01,,Active,Yes,Level 4: Accessible Playgrounds with Transfer Platforms and Ground Level Play Features,E 193 St & Jerome Ave,St James Park Playground,Adults not allowed in some locations,X044-CPA-0001,03/31/2020,06/21/2020,207,X-07,40.86595153808594,-73.89823150634766,POINT (-73.89823150634766 40.86595153808594)
M,Completely Locked,06/22/2020 03:25:52 PM,M071,M071-16,,Active,Yes,Level 4: Accessible Playgrounds with Transfer Platforms and Ground Level Play Features,W 97 St & Riverside Dr,Dinosaur Plgd,Unknown,M071-CPA-0007,03/31/2020,06/21/2020,107,M-14,40.796932220458984,-73.97502136230469,POINT (-73.97502136230469 40.796932220458984)
Q,Completely Locked,06/21/2020 02:55:40 PM,Q096E,Q096E,,Active,No,Not Applicable,N. Conduit Ave. bet. Lefferts Blvd. and 122 St.,Lefferts Playground,Unknown,Q096E-CPA-0001,03/31/2020,06/21/2020,410,Q-10,40.66547393798828,-73.82130432128906,POINT (-73.82130432128906 40.66547393798828)
Q,Completely Locked,06/21/2020 01:40:45 PM,Q041,Q041,,Active,Yes,Level 4: Accessible Playgrounds with Transfer Platforms and Ground Level Play Features,"56 Ave., 92 St.",Newtown Playground,Adults Allowed,Q041-CPA-0001,03/31/2020,06/21/2020,404,Q-04,40.736236572265625,-73.8693618774414,POINT (-73.8693618774414 40.736236572265625)
X,Completely Locked,06/22/2020 10:55:47 AM,X004,X004-04,,Active,No,Not Applicable,E 174 & Bronx River Pkwy,Metcalf Playground,Adults not allowed in some locations,X004-CPA-0004,03/31/2020,06/21/2020,209,X-09,40.83462905883789,-73.87359619140625,POINT (-73.87359619140625 40.83462905883789)
B,Completely Locked,06/23/2020 10:08:49 AM,B150,B150,,Active,Yes,Level 3: Accessible Playgrounds with Universally Accessible Swings,Ave. L bet. E. 17 St. and E. 18 St.,Kolbert Playground,Adults Allowed,B150-CPA-0001,03/31/2020,06/22/2020,314,B-14,40.620216369628906,-73.9582290649414,POINT (-73.9582290649414 40.620216369628906)
Q,Completely Locked,06/21/2020 06:41:49 PM,Q290,Q290,,Active,Yes,Level 4: Accessible Playgrounds with Transfer Platforms and Ground Level Play Features,Central Ave. bet. 70 St. and 71 St.,"""Uncle"" Vito F. Maranzano Glendale Playground",Adults Allowed,Q290-CPA-0001,03/31/2020,06/21/2020,405,Q-05,40.70469284057617,-73.88172912597656,POINT (-73.88172912597656 40.70469284057617)
M,Partially Locked,06/22/2020 01:13:49 PM,M015,M015,,Active,No,Not Applicable,"Baxter St, Mulberry St, Bayard St and Park",Columbus Park,Adults not allowed in some locations,M015-CPA-0001,03/31/2020,06/21/2020,103,M-01,40.71458435058594,-74.00003051757812,POINT (-74.00003051757812 40.71458435058594)
Q,Completely Locked,06/22/2020 03:14:24 PM,Q205A,Q205A,,Active,No,Not Applicable,Laurel Hill Blvd. bet. 61 St. and 64 St.,Big Bush Playground,Adults Allowed,Q205A-CPA-0001,03/31/2020,06/22/2020,402,Q-02,40.74026870727539,-73.90209197998047,POINT (-73.90209197998047 40.74026870727539)
B,Completely Locked,06/22/2020 03:28:45 PM,B210P,B210P,,Active,Yes,Level 4: Accessible Playgrounds with Transfer Platforms and Ground Level Play Features,7 Ave. bet. 81 St. and 82 St.,Dan Ross Playground,Adults Allowed,B210P-CPA-0001,03/31/2020,06/22/2020,310,B-10,40.62267303466797,-74.02172088623047,POINT (-74.02172088623047 40.62267303466797)
R,Completely Locked,06/22/2020 04:58:12 PM,R114,R114,,Active,Yes,Level 1: Playgrounds for All Children,"Jules Dr., Elson Ct., Regis Dr.",Jennifer's Playground,Adults Allowed,R114-CPA-0001,03/31/2020,06/22/2020,501,R-01,40.620182037353516,-74.16338348388672,POINT (-74.16338348388672 40.620182037353516)
B,Completely Locked,06/22/2020 01:34:45 PM,B274,B274,,Active,Yes,Level 3: Accessible Playgrounds with Universally Accessible Swings,Seaview Ave. between E. 99 St. and E. 101 St.,Bayview Playground,Adults Allowed,B274-CPA-0001,03/31/2020,06/22/2020,318,B-18,40.634803771972656,-73.88739776611328,POINT (-73.88739776611328 40.634803771972656)
Q,Completely Locked,06/19/2020 08:01:22 AM,Q430,Q430,,Active,Yes,Level 4: Accessible Playgrounds with Transfer Platforms and Ground Level Play Features,253 St. bet. 149 Ave. and 149 Rd.,Sunrise Playground,Adults Allowed,Q430-CPA-0001,03/31/2020,06/19/2020,413,Q-13,40.65252685546875,-73.73650360107422,POINT (-73.73650360107422 40.65252685546875)
Q,Completely Locked,06/21/2020 03:11:39 PM,Q301,Q301,,Active,Yes,Level 4: Accessible Playgrounds with Transfer Platforms and Ground Level Play Features,"Union Hall St., 160 St. bet. 110 Ave. and 109 Ave.",Jamaica Playground,Adults Allowed,Q301-CPA-0001,03/31/2020,06/21/2020,412,Q-12,40.693199157714844,-73.790283203125,POINT (-73.790283203125 40.693199157714844)
B,Completely Locked,06/22/2020 02:31:52 PM,B139,B139,,Active,Yes,Level 3: Accessible Playgrounds with Universally Accessible Swings,Linden St. bet. Central Ave. and Wilson Ave.,Heckscher Playground,Adults not allowed in some locations,B139-CPA-0001,03/31/2020,06/22/2020,304,B-04,40.69486618041992,-73.91852569580078,POINT (-73.91852569580078 40.69486618041992)
M,Completely Locked,06/22/2020 04:12:16 PM,M288,M288,,Active,Yes,Level 3: Accessible Playgrounds with Universally Accessible Swings,47 St. bet. 8 Ave. and 9 Ave.,Ramon Aponte Park,Adults Allowed,M288-CPA-0001,03/31/2020,06/21/2020,104,M-04,40.76140594482422,-73.98947143554688,POINT (-73.98947143554688 40.76140594482422)
X,Partially Locked,06/22/2020 10:43:21 AM,X033,X033-04,,Active,Yes,Level 4: Accessible Playgrounds with Transfer Platforms and Ground Level Play Features,"W Mosholue Pkwy N, Gates Pl",Knox-Gates Playground,Adults not allowed in some locations,X033-CPA-0002,03/31/2020,06/21/2020,207,X-07,40.88188171386719,-73.88520050048828,POINT (-73.88520050048828 40.88188171386719)
Q,Completely Locked,06/21/2020 02:55:40 PM,Q421,Q421,,Active,No,Not Applicable,160 Ave. bet. 88 St. and 89 St.,Walter Ward Playground,Adults Allowed,Q421-CPA-0001,03/31/2020,06/21/2020,410,Q-10,40.657135009765625,-73.8437271118164,POINT (-73.8437271118164 40.657135009765625)
Q,Partially Locked,06/19/2020 01:59:08 PM,Q021,Q021-01,,Active,Yes,Level 4: Accessible Playgrounds with Transfer Platforms and Ground Level Play Features,193rd St And Radnor Road,Upper Playground,Unknown,Q021-CPA-0001,03/31/2020,06/19/2020,408,Q-08,40.72635269165039,-73.77546691894531,POINT (-73.77546691894531 40.72635269165039)
B,Completely Locked,06/22/2020 03:12:44 PM,B223PD,B223PD,,,,,"Rodney St., S. 3 St., Borniquen Pl.",Rodney Playground Center,,,03/31/2020,06/21/2020,301,B-01,40.71025466918945,-73.95557403564453,POINT (-73.95557403564453 40.71025466918945)
B,Completely Locked,06/22/2020 03:23:55 PM,B311,B311,,Active,Yes,Level 4: Accessible Playgrounds with Transfer Platforms and Ground Level Play Features,Scholes St bet. Bushwick Av and Waterbury St,Ten Eyck Playground,Unknown,B311-CPA-0001,03/31/2020,06/21/2020,301,B-01,40.708900451660156,-73.93856048583984,POINT (-73.93856048583984 40.708900451660156)
B,Completely Locked,06/22/2020 01:08:16 PM,B325,B325,,Active,Yes,Level 3: Accessible Playgrounds with Universally Accessible Swings,Fulton St. between Saratoga Ave. and Hopkinson Ave.,Fish Playground,Adults Allowed,B325-CPA-0001,03/31/2020,06/20/2020,316,B-16,40.678096771240234,-73.91417694091797,POINT (-73.91417694091797 40.678096771240234)
B,Partially Locked,06/22/2020 01:13:48 PM,B218,B218,,,,,,Paerdegat Park,,,03/31/2020,06/22/2020,317,B-17,40.63835906982422,-73.93834686279297,POINT (-73.93834686279297 40.63835906982422)
Q,Partially Locked,06/23/2020 11:09:23 AM,Q307,Q307,,Active,Yes,Level 4: Accessible Playgrounds with Transfer Platforms and Ground Level Play Features,121 Ave. bet. 235 St. and 237 St.,Delphin H. Greene Playground,Adults Allowed,Q307-CPA-0001,03/31/2020,06/23/2020,413,Q-13,40.68440246582031,-73.72908782958984,POINT (-73.72908782958984 40.68440246582031)
X,Completely Locked,06/22/2020 11:03:24 AM,X148M1,X148M1,,Active,Yes,Level 4: Accessible Playgrounds with Transfer Platforms and Ground Level Play Features,"N/B Cross Bronx Exwy Service Rd, Watson Av, Havemeyer Ave",Havemeyer Playground,Adults Allowed,X148M1-CPA-0001,03/31/2020,06/21/2020,209,X-09,40.829891204833984,-73.84796905517578,POINT (-73.84796905517578 40.829891204833984)
X,Completely Locked,06/22/2020 11:20:28 AM,X039,X039-01,,Active,No,Not Applicable,"Bruckner Exwy, Buhre Ave",Playground For All Children,Adults Allowed,X039-CPA-0001,03/31/2020,06/21/2020,228,X-15,40.84874725341797,-73.82549285888672,POINT (-73.82549285888672 40.84874725341797)
X,Not Lockable,06/22/2020 11:12:25 AM,X172,X172,,Active,Yes,Level 4: Accessible Playgrounds with Transfer Platforms and Ground Level Play Features,Allerton Ave. bet. Throop Ave. and Bouck Ave.,Allerton Playground,Adults Allowed,X172-CPA-0001,03/31/2020,06/21/2020,211,X-11,40.86558532714844,-73.85050964355469,POINT (-73.85050964355469 40.86558532714844)
X,Not Lockable,06/22/2020 09:59:07 AM,X307,X307,,Active,No,Not Applicable,Viele Ave. bet. Tiffany St. and Barretto St.,Barretto Point Park,Adults not allowed in some locations,X307-CPA-0001,03/31/2020,06/21/2020,202,X-02,40.805999755859375,-73.88796997070312,POINT (-73.88796997070312 40.805999755859375)
Q,Completely Locked,06/21/2020 06:58:29 PM,Q360G,Q360G,,Active,No,Not Applicable,"55 Dr., Hamilton Pl., Perry Ave.",Whitefish Triangle,Adults not allowed in some locations,Q360G-CPA-0001,03/31/2020,06/21/2020,405,Q-05,40.725093841552734,-73.8989028930664,POINT (-73.8989028930664 40.725093841552734)
B,Completely Locked,06/22/2020 04:36:51 PM,B223JB,B223JB,,Active,No,Not Applicable,"Prospect St., York St. bet. Jay St. and Bridge St.",Bridge Park,Adults Allowed,B223JB-CPA-0001,03/31/2020,06/22/2020,302,B-02,40.70082092285156,-73.9853515625,POINT (-73.9853515625 40.70082092285156)
B,Partially Locked,06/23/2020 10:01:04 AM,B258,B258,,Active,Yes,Level 4: Accessible Playgrounds with Transfer Platforms and Ground Level Play Features,Ralph Ave. bet. Chauncey St. and Sumpter St.,Brevoort Playground,Adults Allowed,B258-CPA-0001,03/31/2020,06/22/2020,303,B-03,40.68084716796875,-73.92280578613281,POINT (-73.92280578613281 40.68084716796875)
B,Completely Locked,06/22/2020 01:05:46 PM,B156,B156,,Active,Yes,Level 4: Accessible Playgrounds with Transfer Platforms and Ground Level Play Features,Sackman To Powell Sts bet. Glenmore and Pit,Powell Playground,Unknown,B156-CPA-0001,03/31/2020,06/20/2020,316,B-16,40.67121124267578,-73.90478515625,POINT (-73.90478515625 40.67121124267578)
M,Completely Locked,06/22/2020 11:42:55 AM,M028,M028-02,,Active,Yes,Level 4: Accessible Playgrounds with Transfer Platforms and Ground Level Play Features,"W 162 St, E/o Riverside Dr",Lily Brown Playground,Adults Allowed,M028-CPA-0001,03/31/2020,06/21/2020,112,M-12,40.83885955810547,-73.94613647460938,POINT (-73.94613647460938 40.83885955810547)
M,Partially Locked,06/22/2020 10:56:50 AM,M238,M238,,Active,Yes,Level 4: Accessible Playgrounds with Transfer Platforms and Ground Level Play Features,"Amsterdam Ave., W. 104 St. and W. 105 St.",Bloomingdale Playground,Adults Allowed,M238-CPA-0001,03/31/2020,06/21/2020,107,M-07,40.7992057800293,-73.96623992919922,POINT (-73.96623992919922 40.7992057800293)
X,Completely Locked,06/22/2020 11:04:07 AM,X160,X160,,Active,Yes,Level 4: Accessible Playgrounds with Transfer Platforms and Ground Level Play Features,St. Raymond's Ave. bet. Odell St. and Purdy St.,Caserta Playground,Adults Allowed,X160-CPA-0002,03/31/2020,06/21/2020,209,X-09,40.83730697631836,-73.85364532470703,POINT (-73.85364532470703 40.83730697631836)
M,Not Lockable,06/22/2020 11:21:27 AM,M010,M010-151,,,,,,Great Lawn Plgd,,,03/31/2020,06/22/2020,164,M-13,40.78247833251953,-73.96444702148438,POINT (-73.96444702148438 40.78247833251953)
Q,Partially Locked,06/19/2020 01:40:13 PM,Q373,Q373,,Active,No,Not Applicable,"100 St., 98 St. bet. 24 Ave. and 25 Ave.",East Elmhurst Playground,Adults Allowed,Q373-CPA-0001,03/31/2020,06/19/2020,403,Q-03,40.76572799682617,-73.87163543701172,POINT (-73.87163543701172 40.76572799682617)
Q,Completely Locked,06/22/2020 01:02:41 PM,Q021,Q021-02,,Active,Yes,Level 4: Accessible Playgrounds with Transfer Platforms and Ground Level Play Features,193 St & Aberdeen Rd,Redwood Playground,Unknown,Q021-CPA-0002,03/31/2020,06/21/2020,408,Q-08,40.72690963745117,-73.77561950683594,POINT (-73.77561950683594 40.72690963745117)
X,Completely Locked,06/22/2020 09:51:06 AM,X219,X219,,Active,Yes,Level 4: Accessible Playgrounds with Transfer Platforms and Ground Level Play Features,E 164 St bet. Teller Av and Clay Av at Park Ave,Arcilla Playground,Adults Allowed,X219-CPA-0001,03/31/2020,06/21/2020,204,X-04,40.827293395996094,-73.9145278930664,POINT (-73.9145278930664 40.827293395996094)
B,Completely Locked,06/22/2020 03:45:07 PM,B208,B208,,Active,Yes,Level 4: Accessible Playgrounds with Transfer Platforms and Ground Level Play Features,Nostrand Ave. bet. Kings Hwy. and Ave. P,Pfc Norton Playground,Adults Allowed,B208-CPA-0001,03/31/2020,06/22/2020,315,B-15,40.6146354675293,-73.9449691772461,POINT (-73.9449691772461 40.6146354675293)
Q,Completely Locked,06/19/2020 01:26:18 PM,Q015,Q015-10,,Active,No,Not Applicable,79 St & Park Lane South,Mary Whalen Playground,Unknown,Q015-CPA-0007,03/31/2020,06/19/2020,482,Q-16,40.69569396972656,-73.86511993408203,POINT (-73.86511993408203 40.69569396972656)
X,Not Lockable,06/22/2020 11:17:24 AM,X193,X193,,Active,Yes,Level 4: Accessible Playgrounds with Transfer Platforms and Ground Level Play Features,Crawford Ave. at Baychester Ave.,Stars & Stripes Playground,Adults Allowed,X193-CPA-0001,03/31/2020,06/21/2020,212,X-12,40.88534164428711,-73.83895111083984,POINT (-73.83895111083984 40.88534164428711)
X,Completely Locked,06/22/2020 10:18:37 AM,X010A,X010A-02,,Active,No,Not Applicable,E 175 St & Arthur Ave,Tremont Plgd (2),Adults Allowed,X010A-CPA-0002,03/31/2020,06/21/2020,206,X-06,40.84443664550781,-73.89456939697266,POINT (-73.89456939697266 40.84443664550781)
X,Completely Locked,06/22/2020 10:43:47 AM,X180,X180,,,,,Perry Ave. bet. E. 205 St. and E. 208 St,Whalen Playground,,,03/31/2020,06/21/2020,207,X-07,40.87434387207031,-73.87774658203125,POINT (-73.87774658203125 40.87434387207031)
Q,Completely Locked,06/22/2020 10:24:42 AM,Q326,Q326,,Active,Yes,Level 4: Accessible Playgrounds with Transfer Platforms and Ground Level Play Features,40 Rd. bet. Prince St. and Main St.,Bland Playground,Adults not allowed in some locations,Q326-CPA-0001,03/31/2020,06/21/2020,407,Q-07,40.758201599121094,-73.83129119873047,POINT (-73.83129119873047 40.758201599121094)
Q,Completely Locked,06/21/2020 01:11:59 PM,Q390,Q390,,Active,No,Not Applicable,Clintonville St. bet. 17 Ave. and 17 Rd.,Clintonville Playground,Adults Allowed,Q390-CPA-0001,03/31/2020,06/21/2020,407,Q-07,40.78305435180664,-73.80648040771484,POINT (-73.80648040771484 40.78305435180664)
B,Completely Locked,06/24/2020 10:49:36 AM,B362,B362,,Active,Yes,Level 3: Accessible Playgrounds with Universally Accessible Swings,Chester St. to Bristol St. between Sutter Ave. and Pitkin Ave.,Chester Playground,Adults Allowed,B362-CPA-0001,03/31/2020,06/23/2020,316,B-16,40.66877746582031,-73.91219329833984,POINT (-73.91219329833984 40.66877746582031)
X,Completely Locked,06/22/2020 10:38:24 AM,X080,X080-01,,Active,No,Not Applicable,Kappock St & Independence Ave,Paul's Playground,Adults not allowed in some locations,X080-CPA-0001,03/31/2020,06/21/2020,208,X-08,40.880741119384766,-73.91987609863281,POINT (-73.91987609863281 40.880741119384766)
R,Completely Locked,06/23/2020 01:21:02 PM,R067,R067,,Active,No,Not Applicable,Dongan Hills Ave. and Jefferson St.,Gen. Douglas MacArthur Park,Adults Allowed,R067-CPA-0001,03/31/2020,06/23/2020,502,R-02,40.585670471191406,-74.10115814208984,POINT (-74.10115814208984 40.585670471191406)
M,Completely Locked,06/22/2020 11:03:54 AM,M229,M229,,Active,Yes,Level 4: Accessible Playgrounds with Transfer Platforms and Ground Level Play Features,W. 97 St. and Amsterdam Ave.,Happy Warrior Playground,Unknown,M229-CPA-0001,03/31/2020,06/21/2020,107,M-07,40.79557800292969,-73.9679946899414,POINT (-73.9679946899414 40.79557800292969)
X,Completely Locked,06/22/2020 10:13:42 AM,X106,X106,,Active,No,Not Applicable,E 146 St bet. Walton Av and Grand Concourse,Garrison Playground,Unknown,X106-CPA-0001,03/31/2020,,201,X-01,40.817386627197266,-73.92819213867188,POINT (-73.92819213867188 40.817386627197266)
R,Completely Locked,06/22/2020 02:37:38 PM,R072,R072,,,,,"Adelaide Ave., Clawson St.",Clawson Playground,,,03/31/2020,,503,R-03,40.56060791015625,-74.12384033203125,POINT (-74.12384033203125 40.56060791015625)
B,Completely Locked,06/24/2020 02:55:35 PM,B291,B291,,Active,Yes,Level 4: Accessible Playgrounds with Transfer Platforms and Ground Level Play Features,Ave. N between E. 49 St. and Utica Ave.,Power Playground,Adults Allowed,B291-CPA-0001,03/31/2020,06/24/2020,318,B-18,40.618534088134766,-73.92718505859375,POINT (-73.92718505859375 40.618534088134766)
Q,Completely Locked,06/21/2020 06:41:49 PM,Q289,Q289,,Active,Yes,Level 4: Accessible Playgrounds with Transfer Platforms and Ground Level Play Features,"74 St., 75 St. bet. Cooper Ave. and 78 Ave.",Pinocchio Playground,Adults Allowed,Q289-CPA-0001,03/31/2020,06/21/2020,405,Q-05,40.705772399902344,-73.8753662109375,POINT (-73.8753662109375 40.705772399902344)
M,Completely Locked,06/22/2020 05:25:04 PM,M108G,M108G,,Active,Yes,Level 4: Accessible Playgrounds with Transfer Platforms and Ground Level Play Features,FDR Dr. bet. E. 102 St. and E. 106 St.,Playground 103 CIII,Unknown,M108G-CPA-0001,03/31/2020,06/21/2020,111,M-15,40.786861419677734,-73.93916320800781,POINT (-73.93916320800781 40.786861419677734)
X,Completely Locked,06/22/2020 10:41:10 AM,X224,X224,,Active,Yes,Level 4: Accessible Playgrounds with Transfer Platforms and Ground Level Play Features,Greystone Av bet. W 236 St and W 240 St,MacLaughlin Playground,Adults not allowed in some locations,X224-CPA-0001,03/31/2020,06/21/2020,208,X-08,40.887855529785156,-73.90536499023438,POINT (-73.90536499023438 40.887855529785156)
M,Completely Locked,06/22/2020 11:10:00 AM,M010,M010-090,,Active,No,Not Applicable,68 St & Central Park West (E),The Tarr-Coyne Tots Playground,Unknown,M010-CPA-0005,03/31/2020,06/21/2020,164,M-13,40.77332305908203,-73.97706604003906,POINT (-73.97706604003906 40.77332305908203)
B,Completely Locked,06/22/2020 01:55:05 PM,B129,B129-01,,,,,,Leon S Kaiser Playground,,,03/31/2020,06/22/2020,313,B-13,40.57819747924805,-73.99535369873047,POINT (-73.99535369873047 40.57819747924805)
Q,Partially Locked,06/21/2020 11:31:25 AM,Q103,Q103,,Active,No,Not Applicable,"32 Ave., 33 Ave. bet. Corporal Kennedy St. and 210 St.",Kennedy Playground,Adults not allowed in some locations,Q103-CPA-0001,03/31/2020,06/21/2020,411,Q-11,40.770965576171875,-73.77943420410156,POINT (-73.77943420410156 40.770965576171875)
X,Completely Locked,06/22/2020 10:17:24 AM,X258,X258,,Active,Yes,Level 2: Accessible Playgrounds with Ramped Play Equipment and Universally Accessible Swings,Anthony Av bet. Prospect Pl and Ittner Pl,Cleopatra Playground,Adults Allowed,X258-CPA-0001,03/31/2020,06/21/2020,205,X-05,40.84556579589844,-73.90422058105469,POINT (-73.90422058105469 40.84556579589844)
B,Completely Locked,06/22/2020 04:41:30 PM,B407,B407,,Active,Yes,Level 4: Accessible Playgrounds with Transfer Platforms and Ground Level Play Features,S. Oxford St. bet. Commos and Atlantic Ave.,South Oxford Park,Adults not allowed in some locations,B407-CPA-0001,03/31/2020,06/22/2020,302,B-02,40.68339157104492,-73.97256469726562,POINT (-73.97256469726562 40.68339157104492)
B,Completely Locked,06/23/2020 10:01:04 AM,B294,B294,,Active,No,Not Applicable,Malcom X Blvd. between Chauncey St. and Marion St.,Jackie Robinson Park Playground,Adults Allowed,B294-CPA-0001,03/31/2020,06/22/2020,303,B-03,40.68022155761719,-73.92755126953125,POINT (-73.92755126953125 40.68022155761719)
B,Completely Locked,06/22/2020 03:35:31 PM,B012,B012-02,,Active,Yes,Level 2: Accessible Playgrounds with Ramped Play Equipment and Universally Accessible Swings,Brooklyn Ave & Prospect Pl,Brower Park,Adults not allowed in some locations,B012-CPA-0001,03/31/2020,06/22/2020,308,B-08,40.67350769042969,-73.94355010986328,POINT (-73.94355010986328 40.67350769042969)
B,Completely Locked,06/23/2020 10:01:04 AM,B348,B348,,Active,Yes,Level 4: Accessible Playgrounds with Transfer Platforms and Ground Level Play Features,"Tompkins Ave., Willoughby Ave., Vernon Ave.",Willoughby Playground,Adults Allowed,B348-CPA-0001,03/31/2020,06/22/2020,303,B-03,40.69444274902344,-73.94645690917969,POINT (-73.94645690917969 40.69444274902344)
X,Not Lockable,06/22/2020 10:34:06 AM,X038,X038-01,,Active,Yes,Level 2: Accessible Playgrounds with Ramped Play Equipment and Universally Accessible Swings,"Strong St, Reservoir Ave",Strong Street Plgd,Adults not allowed in some locations,X038-CPA-0001,03/31/2020,06/21/2020,208,X-08,40.87142562866211,-73.89814758300781,POINT (-73.89814758300781 40.87142562866211)
Q,Partially Locked,06/19/2020 08:09:49 AM,Q008,Q008-02,,Active,Yes,Level 4: Accessible Playgrounds with Transfer Platforms and Ground Level Play Features,"Brookville Blvd, 144 Ave &  Caney Rd.",Brookville Park Playground,Unknown,Q008-CPA-0001,03/31/2020,06/19/2020,413,Q-13,40.66206359863281,-73.74208068847656,POINT (-73.74208068847656 40.66206359863281)
M,Completely Locked,06/19/2020 10:12:47 AM,M206,M206,,Active,Yes,Level 2: Accessible Playgrounds with Ramped Play Equipment and Universally Accessible Swings,"Cherry St. To Water St., W. Catherine Slip To Market Slip",Tanahey Playground,Adults not allowed in some locations,M206-CPA-0001,03/31/2020,06/19/2020,103,M-03,40.71010971069336,-73.99589538574219,POINT (-73.99589538574219 40.71010971069336)
M,Completely Locked,06/22/2020 11:50:14 AM,M199,M199,,Active,Yes,Level 3: Accessible Playgrounds with Universally Accessible Swings,W. 204 St. bet. 10 Ave. and Nagle Ave.,Monsignor Kett Playground,Adults Allowed,M199-CPA-0001,03/31/2020,06/21/2020,112,M-12A,40.862632751464844,-73.92066955566406,POINT (-73.92066955566406 40.862632751464844)
B,Completely Locked,06/22/2020 12:21:00 PM,B312,B312,,Active,Yes,Level 4: Accessible Playgrounds with Transfer Platforms and Ground Level Play Features,Stanley Ave. between Autumn Ave. and Hemlock St.,Woodruff Playground,Adults Allowed,B312-CPA-0001,03/31/2020,06/20/2020,305,B-05,40.66549301147461,-73.86602020263672,POINT (-73.86602020263672 40.66549301147461)
B,Completely Locked,06/22/2020 03:09:11 PM,B124,B124,,Active,No,Not Applicable,Wythe Ave. bet. Grand St. and S. 1 St.,William Sheridan Playground,Adults Allowed,B124-CPA-0001,03/31/2020,06/21/2020,301,B-01,40.715309143066406,-73.96390533447266,POINT (-73.96390533447266 40.715309143066406)
Q,Completely Locked,06/22/2020 01:04:37 PM,Q342,Q342,,Active,Yes,Level 4: Accessible Playgrounds with Transfer Platforms and Ground Level Play Features,164 St. bet. 65 Ave. and 67 Ave.,Electric Playground,Adults Allowed,Q342-CPA-0001,03/31/2020,06/21/2020,408,Q-08,40.735618591308594,-73.80545043945312,POINT (-73.80545043945312 40.735618591308594)
X,Completely Locked,06/22/2020 10:13:12 AM,X155,X155,,Active,No,Not Applicable,E. 148 St. bet. Morris Ave. and College Ave.,Patterson Playground,Adults Allowed,X155-CPA-0002,03/31/2020,,201,X-01,40.81597137451172,-73.92162322998047,POINT (-73.92162322998047 40.81597137451172)
Q,Completely Locked,06/23/2020 11:09:51 AM,Q096C,Q096C,,,,,N. Conduit Ave. bet. 230 Pl. and the Belt Pkwy.,Mentone Playground,,,03/31/2020,06/23/2020,413,Q-13,40.666229248046875,-73.74288177490234,POINT (-73.74288177490234 40.666229248046875)
B,Completely Locked,06/22/2020 01:47:40 PM,B057,B057-03,,Active,Yes,Level 3: Accessible Playgrounds with Universally Accessible Swings,"Fillmore Ave, Madison Pl",PS 278 Plgd,Unknown,B057-CPA-0001,03/31/2020,06/22/2020,318,B-18,40.60725021362305,-73.93836212158203,POINT (-73.93836212158203 40.60725021362305)
Q,Completely Locked,06/23/2020 12:26:47 PM,Q347,Q347,,Active,Yes,Level 4: Accessible Playgrounds with Transfer Platforms and Ground Level Play Features,Union St. bet. 31 Rd. and 31 Dr.,Colden Playground,Adults Allowed,Q347-CPA-0001,03/31/2020,06/23/2020,407,Q-07,40.77014923095703,-73.82699584960938,POINT (-73.82699584960938 40.77014923095703)
M,Completely Locked,06/22/2020 05:17:26 PM,M263,M263,,Active,Yes,Level 3: Accessible Playgrounds with Universally Accessible Swings,"E. 26 St. To E. 28 St., 2 Ave.",Bellevue South Park,Adults Allowed,M263-CPA-0001,03/31/2020,06/21/2020,106,M-06,40.74020004272461,-73.9779052734375,POINT (-73.9779052734375 40.74020004272461)
Q,Partially Locked,06/21/2020 03:03:32 PM,Q426,Q426,,Active,Yes,Level 4: Accessible Playgrounds with Transfer Platforms and Ground Level Play Features,Baisley Blvd. 168 St. and Bedell St.,North Rochdale Playground,Adults Allowed,Q426-CPA-0001,03/31/2020,06/21/2020,412,Q-12,40.68015670776367,-73.77499389648438,POINT (-73.77499389648438 40.68015670776367)
M,Completely Locked,06/22/2020 03:28:33 PM,M353,M353-01,,Active,No,Not Applicable,67th To 68th Sts Along Riverside Dr,Little Engine Playground,Adults not allowed in some locations,M353-CPA-0001,03/31/2020,06/21/2020,107,M-14,40.777854919433594,-73.98899841308594,POINT (-73.98899841308594 40.777854919433594)
Q,Partially Locked,06/21/2020 11:31:08 AM,Q364,Q364,,Active,Yes,Level 2: Accessible Playgrounds with Ramped Play Equipment and Universally Accessible Swings,"46 Ave., 46 Rd. bet. Oceania St. and 211 St.",Marie Curie Playground,Adults Allowed,Q364-CPA-0001,03/31/2020,06/21/2020,411,Q-11,40.75724411010742,-73.77149963378906,POINT (-73.77149963378906 40.75724411010742)
M,Completely Locked,06/22/2020 03:43:53 PM,M193,M193,,Active,Yes,Level 2: Accessible Playgrounds with Ramped Play Equipment and Universally Accessible Swings,5 Ave. and E. 135 St.,Abraham Lincoln Playground,Adults Allowed,M193-CPA-0001,03/31/2020,,111,M-11,40.81199645996094,-73.93684387207031,POINT (-73.93684387207031 40.81199645996094)
Q,Completely Locked,06/21/2020 04:56:36 PM,Q163,Q163-21,,Active,Yes,Level 4: Accessible Playgrounds with Transfer Platforms and Ground Level Play Features,Shorefront Parkway And Beach 74 St,Rockaway Beach Playground,Unknown,Q163-CPA-0003,03/31/2020,06/21/2020,414,Q-14,40.58638381958008,-73.80184173583984,POINT (-73.80184173583984 40.58638381958008)
M,Completely Locked,06/19/2020 10:10:08 AM,M255,M255,Yes,,,,,McKinley Playground,,,03/31/2020,06/19/2020,103,M-03,40.724300384521484,-73.9857406616211,POINT (-73.9857406616211 40.724300384521484)
Q,Completely Locked,06/21/2020 06:41:49 PM,Q038,Q038,,Active,Yes,Level 4: Accessible Playgrounds with Transfer Platforms and Ground Level Play Features,Madison St. bet. 60 Pl. and Fresh Pond Rd.,Benninger Playground,Adults Allowed,Q038-CPA-0001,03/31/2020,06/21/2020,405,Q-05,40.70710372924805,-73.8984603881836,POINT (-73.8984603881836 40.70710372924805)
X,Completely Locked,06/22/2020 10:24:39 AM,X174,X174,,Active,Yes,Level 4: Accessible Playgrounds with Transfer Platforms and Ground Level Play Features,E. 188 St. bet. Webster Ave. and Park Ave.,Webster Playground,Adults Allowed,X174-CPA-0001,03/31/2020,06/21/2020,206,X-06,40.859397888183594,-73.89308166503906,POINT (-73.89308166503906 40.859397888183594)
R,Not Lockable,06/22/2020 04:56:40 PM,R109,R109-01,,Active,No,Not Applicable,"Broadway, Wayne St",Corporal Thompson Playground,Adults not allowed in some locations,R109-CPA-0001,03/31/2020,06/22/2020,501,R-01,40.63894271850586,-74.11804962158203,POINT (-74.11804962158203 40.63894271850586)
Q,Completely Locked,06/21/2020 04:56:36 PM,Q371,Q371-01,,Active,Yes,Level 4: Accessible Playgrounds with Transfer Platforms and Ground Level Play Features,B 54 St & Almeda Ave,Rockaway Community Playground,Unknown,Q371-CPA-0001,03/31/2020,06/21/2020,414,Q-14,40.59840774536133,-73.78462982177734,POINT (-73.78462982177734 40.59840774536133)
Q,Partially Locked,06/21/2020 04:56:36 PM,Q353,Q353,,Active,Yes,Level 2: Accessible Playgrounds with Ramped Play Equipment and Universally Accessible Swings,"Grassmere Terr., Briar Pl. bet. Hanson Ct. and Brookhaven Ave.",Grassmere Playground,Unknown,Q353-CPA-0001,03/31/2020,06/21/2020,414,Q-14,40.599525451660156,-73.75927734375,POINT (-73.75927734375 40.599525451660156)
Q,Not Lockable,06/23/2020 12:26:47 PM,Q086,Q086-01,,Active,Yes,Level 4: Accessible Playgrounds with Transfer Platforms and Ground Level Play Features,149 St & 25 Ave,Leonardo Ingravallo Playground,Adults Allowed,Q086-CPA-0001,03/31/2020,06/23/2020,407,Q-07,40.776126861572266,-73.8173828125,POINT (-73.8173828125 40.776126861572266)
X,Completely Locked,06/22/2020 11:03:50 AM,X160,X160,,Active,Yes,Level 4: Accessible Playgrounds with Transfer Platforms and Ground Level Play Features,St. Raymond's Ave. bet. Odell St. and Purdy St.,Caserta Playground,Adults Allowed,X160-CPA-0001,03/31/2020,06/21/2020,209,X-09,40.83746337890625,-73.85405731201172,POINT (-73.85405731201172 40.83746337890625)
M,Completely Locked,06/22/2020 03:29:27 PM,M072,M072-03,,Active,Yes,Level 4: Accessible Playgrounds with Transfer Platforms and Ground Level Play Features,W 148 St & Riverside Dr,Palisades Playground,Unknown,M072-CPA-0002,03/31/2020,06/21/2020,109,M-14,40.82905578613281,-73.95063781738281,POINT (-73.95063781738281 40.82905578613281)
B,Completely Locked,06/22/2020 01:55:05 PM,B331,B331,,Active,Yes,Level 4: Accessible Playgrounds with Transfer Platforms and Ground Level Play Features,W. 12 St. between Neptune Ave. and Surf Ave.,Neptune Playground,Adults Allowed,B331-CPA-0001,03/31/2020,06/22/2020,313,B-13,40.578189849853516,-73.98064422607422,POINT (-73.98064422607422 40.578189849853516)
Q,Partially Locked,06/23/2020 11:11:01 AM,Q339,Q339,,Active,No,Not Applicable,"Francis Lewis Blvd., 121 Ave. bet. 219 St. and 222 St.",Cambria Playground,Adults Allowed,Q339-CPA-0001,03/31/2020,06/23/2020,413,Q-13,40.688533782958984,-73.74223327636719,POINT (-73.74223327636719 40.688533782958984)
B,Completely Locked,06/23/2020 10:04:35 AM,B269,B269,,Active,Yes,Level 4: Accessible Playgrounds with Transfer Platforms and Ground Level Play Features,Lafayette Ave. bet. Stuyvesant Ave. and Malcom X Blvd.,Jesse Owens Playground,Unknown,B269-CPA-0001,03/31/2020,06/23/2020,303,B-03,40.691829681396484,-73.93213653564453,POINT (-73.93213653564453 40.691829681396484)
M,Completely Locked,06/25/2020 02:00:34 PM,M303,M303,,Active,Yes,Level 4: Accessible Playgrounds with Transfer Platforms and Ground Level Play Features,W. 139 St. bet. Adam C Powell Blvd. and Lenox Ave.,Abyssinian Tot Lot,Adults Allowed,M303-CPA-0001,03/31/2020,06/25/2020,110,M-10,40.817138671875,-73.94093322753906,POINT (-73.94093322753906 40.817138671875)
B,Completely Locked,06/22/2020 03:35:31 PM,B161,B161,,Active,Yes,Level 4: Accessible Playgrounds with Transfer Platforms and Ground Level Play Features,Underhill Ave. bet. Prospect Pl. and Park Pl.,Underhill Playground,Adults Allowed,B161-CPA-0001,03/31/2020,06/22/2020,308,B-08,40.676612854003906,-73.96578979492188,POINT (-73.96578979492188 40.676612854003906)
X,Completely Locked,06/22/2020 10:49:43 AM,X002,X002-14,,Active,Yes,Level 4: Accessible Playgrounds with Transfer Platforms and Ground Level Play Features,Bronx River Pkwy & Rosewood St,Rosewood Playground,Adults Allowed,X002-CPA-0006,03/31/2020,06/21/2020,212,X-14,40.873069763183594,-73.87088775634766,POINT (-73.87088775634766 40.873069763183594)
R,Completely Locked,06/22/2020 04:54:45 PM,R012,R012,,Active,No,Not Applicable,"High St., Lyman Ave., Bay St. and Summer St.",White Park,Adults not allowed in some locations,R012-CPA-0001,03/31/2020,06/22/2020,501,R-01,40.607391357421875,-74.06298065185547,POINT (-74.06298065185547 40.607391357421875)
Q,Completely Locked,06/22/2020 10:23:18 AM,Q300,Q300-02,,Active,Yes,Level 4: Accessible Playgrounds with Transfer Platforms and Ground Level Play Features,146 St & 56 Rd,Playground 146,Unknown,Q300-CPA-0001,03/31/2020,06/22/2020,407,Q-07,40.74616241455078,-73.82120513916016,POINT (-73.82120513916016 40.74616241455078)
Q,Completely Locked,06/19/2020 12:56:58 PM,Q015,Q015-09,,Active,Yes,Level 4: Accessible Playgrounds with Transfer Platforms and Ground Level Play Features,"Freedom Dr, Pk Lane S, 102 St",Giovanelli Playground,Unknown,Q015-CPA-0006,03/31/2020,06/19/2020,482,Q-16,40.69891357421875,-73.84761047363281,POINT (-73.84761047363281 40.69891357421875)
X,Completely Locked,06/22/2020 09:47:00 AM,X168,X168,,Active,Yes,Level 4: Accessible Playgrounds with Transfer Platforms and Ground Level Play Features,W 166 St bet. Woodycrest Av and Nelson Av,Nelson Playground,Adults Allowed,X168-CPA-0001,03/31/2020,06/21/2020,204,X-04,40.8350830078125,-73.92668151855469,POINT (-73.92668151855469 40.8350830078125)
M,Completely Locked,06/22/2020 04:22:46 PM,M041,M041,,Active,Yes,Level 4: Accessible Playgrounds with Transfer Platforms and Ground Level Play Features,"Hamilton Pl., W. 140 St. To W. 141 St.",Alexander Hamilton Playground,Adults Allowed,M041-CPA-0001,03/31/2020,06/21/2020,109,M-09,40.82309341430664,-73.95116424560547,POINT (-73.95116424560547 40.82309341430664)
B,Completely Locked,06/22/2020 01:55:05 PM,B169B,B169B,,Active,Yes,Level 4: Accessible Playgrounds with Transfer Platforms and Ground Level Play Features,"Surf Ave. bet. W. 25 St. to W. 27 St., Boardwalk",Poseidon Playground,Adults Allowed,B169B-CPA-0001,03/31/2020,06/22/2020,313,B-13,40.571990966796875,-73.99221801757812,POINT (-73.99221801757812 40.571990966796875)
X,Completely Locked,06/22/2020 10:16:20 AM,X295,X295,,Active,Yes,Level 4: Accessible Playgrounds with Transfer Platforms and Ground Level Play Features,Nelson Av bet. Featherbed La and W 174 St,Half-Nelson Playground,Adults not allowed in some locations,X295-CPA-0001,03/31/2020,06/21/2020,205,X-05,40.846595764160156,-73.91946411132812,POINT (-73.91946411132812 40.846595764160156)
M,Completely Locked,06/22/2020 01:03:50 PM,M058,M058-06,,Active,Yes,Level 4: Accessible Playgrounds with Transfer Platforms and Ground Level Play Features,5 Ave Nr Madison & 124 St,Marcus Garvey Memorial Park,Unknown,M058-CPA-0003,03/31/2020,06/21/2020,111,M-11,40.80535125732422,-73.9422378540039,POINT (-73.9422378540039 40.80535125732422)
R,Not Lockable,06/22/2020 01:52:30 PM,R022,R022-04,,Active,No,Not Applicable,University Pl & Revere St,Silver Lake Park Playground,Adults not allowed in some locations,R022-CPA-0001,03/31/2020,06/22/2020,501,R-01,40.628173828125,-74.09881591796875,POINT (-74.09881591796875 40.628173828125)
B,Completely Locked,06/22/2020 03:28:45 PM,B028,B028-01,,Active,Yes,Level 4: Accessible Playgrounds with Transfer Platforms and Ground Level Play Features,Cropsey & Bay 8,Bay 8 Playground,Unknown,B028-CPA-0001,03/31/2020,06/22/2020,310,B-10,40.606788635253906,-74.01619720458984,POINT (-74.01619720458984 40.606788635253906)
Q,Partially Locked,06/22/2020 02:23:02 PM,Q098,Q098,,Active,Yes,Level 4: Accessible Playgrounds with Transfer Platforms and Ground Level Play Features,Broadway and Woodside Ave. bet. 77 St. and 79 St.,Frank D. O'Connor Playground,Adults Allowed,Q098-CPA-0001,03/31/2020,06/22/2020,404,Q-04,40.74436569213867,-73.88658905029297,POINT (-73.88658905029297 40.74436569213867)
X,Completely Locked,06/22/2020 10:33:06 AM,X197,X197,,Active,No,Not Applicable,Mosholu Parkway South bet. Bainbridge Ave. and Briggs Ave.,Mosholu Playground,Adults Allowed,X197-CPA-0002,03/31/2020,06/21/2020,207,X-07,40.87215805053711,-73.88285827636719,POINT (-73.88285827636719 40.87215805053711)
M,Completely Locked,06/22/2020 11:50:48 AM,M234,M234,,Active,Yes,Level 4: Accessible Playgrounds with Transfer Platforms and Ground Level Play Features,St Nicholas Ave. and W. 156 St.,Wright Brothers Playground,Adults Allowed,M234-CPA-0001,03/31/2020,06/21/2020,112,M-12A,40.83156967163086,-73.9415054321289,POINT (-73.9415054321289 40.83156967163086)
X,Not Lockable,06/22/2020 10:09:25 AM,X010,X010-06,,Active,Yes,Level 4: Accessible Playgrounds with Transfer Platforms and Ground Level Play Features,"Crotona E-Suburban, Charlotte",Boxcar Plgd (6),Adults Allowed,X010-CPA-0005,03/31/2020,06/21/2020,203,X-03,40.83690643310547,-73.8929443359375,POINT (-73.8929443359375 40.83690643310547)
X,Completely Locked,06/22/2020 10:05:54 AM,X021,X021,,Active,Yes,Level 4: Accessible Playgrounds with Transfer Platforms and Ground Level Play Features,Fulton Av bet. E 169 St and E 170 St,Drew Playground,Adults Allowed,X021-CPA-0001,03/31/2020,06/21/2020,203,X-03,40.83316421508789,-73.90312957763672,POINT (-73.90312957763672 40.83316421508789)
B,Completely Locked,06/24/2020 11:34:10 AM,B253,B253,,Active,Yes,Level 2: Accessible Playgrounds with Ramped Play Equipment and Universally Accessible Swings,"Adelphi St., Clermont Ave., Dekalb Ave., Willoughby Ave.",Albert J. Parham Playground,Adults Allowed,B253-CPA-0001,03/31/2020,06/23/2020,302,B-02,40.69028854370117,-73.97067260742188,POINT (-73.97067260742188 40.69028854370117)
B,Completely Locked,06/23/2020 10:01:04 AM,B217,B217,,Active,No,Not Applicable,Myrtle Ave. bet. Nostrand Ave. and Marcy Ave.,Marcy Playground,Adults Allowed,B217-CPA-0001,03/31/2020,06/22/2020,303,B-03,40.695613861083984,-73.94988250732422,POINT (-73.94988250732422 40.695613861083984)
R,Completely Locked,06/22/2020 02:03:55 PM,R063,R063,,Active,Yes,Level 2: Accessible Playgrounds with Ramped Play Equipment and Universally Accessible Swings,Parkinson Ave. at Kramer St.,Old Town Playground,Adults Allowed,R063-CPA-0001,03/31/2020,06/22/2020,502,R-02,40.595611572265625,-74.08161926269531,POINT (-74.08161926269531 40.595611572265625)
M,Completely Locked,06/22/2020 04:11:41 PM,M221,M221,,,,,W. 49 St. bet. 9 Ave. and 10 Ave.,Gutenberg Playground,,,03/31/2020,06/21/2020,104,M-04,40.763465881347656,-73.99016571044922,POINT (-73.99016571044922 40.763465881347656)
Q,Completely Locked,06/21/2020 01:04:53 PM,Q024,Q024-02,,Active,Yes,Level 4: Accessible Playgrounds with Transfer Platforms and Ground Level Play Features,164 St & Lithonia,Playground,Unknown,Q024-CPA-0001,03/31/2020,06/21/2020,407,Q-07,40.74867248535156,-73.80313873291016,POINT (-73.80313873291016 40.74867248535156)
Q,Completely Locked,06/21/2020 02:55:40 PM,Q408,Q408,,Active,Yes,Level 2: Accessible Playgrounds with Ramped Play Equipment and Universally Accessible Swings,155 Ave. bet. 83 St. and 84 St.,Harold Schneiderman Playground,Adults Allowed,Q408-CPA-0001,03/31/2020,06/21/2020,410,Q-10,40.66483688354492,-73.85064697265625,POINT (-73.85064697265625 40.66483688354492)
Q,Completely Locked,06/23/2020 10:55:47 AM,Q099,Q099-17,,Active,Yes,Level 4: Accessible Playgrounds with Transfer Platforms and Ground Level Play Features,"College Pt Blvd, Van Wyck Expwy, At Booth Memorial Ave",Lawrence Playground,Unknown,Q099-CPA-0004,03/31/2020,06/23/2020,407,Q-15,40.748374938964844,-73.83345794677734,POINT (-73.83345794677734 40.748374938964844)
X,Completely Locked,06/22/2020 10:27:41 AM,X265,X265,,Active,Yes,Level 4: Accessible Playgrounds with Transfer Platforms and Ground Level Play Features,Macombs Rd bet. W 176 St and W 175 St,Galileo Playground,Adults Allowed,X265-CPA-0001,03/31/2020,06/21/2020,205,X-05,40.84867858886719,-73.91584014892578,POINT (-73.91584014892578 40.84867858886719)
Q,Not Lockable,06/21/2020 11:39:53 AM,Q134,Q134,,Active,Yes,Level 2: Accessible Playgrounds with Ramped Play Equipment and Universally Accessible Swings,240 St. bet. Braddock Ave. and Fairbury Ave.,Breininger Park,Unknown,Q134-CPA-0001,03/31/2020,06/21/2020,413,Q-13,40.726341247558594,-73.72901153564453,POINT (-73.72901153564453 40.726341247558594)
X,Not Lockable,06/22/2020 11:18:46 AM,X039,X039-99,,Active,Yes,Level 4: Accessible Playgrounds with Transfer Platforms and Ground Level Play Features,On Beachfront-Sand Area (MPPA Section 11-12),Orchard Beach Plgd,Unknown,X039-CPA-0004,03/31/2020,06/21/2020,228,X-15A,40.863075256347656,-73.79427337646484,POINT (-73.79427337646484 40.863075256347656)
Q,Partially Locked,06/23/2020 11:05:21 AM,Q381,Q381,,Active,Yes,Level 4: Accessible Playgrounds with Transfer Platforms and Ground Level Play Features,"Francis Lewis Blvd., 201 St. bet. 42 Ave. and Station Rd.",Francis Lewis Playground,Adults Allowed,Q381-CPA-0001,03/31/2020,06/23/2020,411,Q-11,40.7606315612793,-73.78402709960938,POINT (-73.78402709960938 40.7606315612793)
B,Completely Locked,06/22/2020 04:20:06 PM,B098,B098,,Active,Yes,Level 4: Accessible Playgrounds with Transfer Platforms and Ground Level Play Features,2 Ave. bet. 55 St. and 56 St.,Martin Luther Playground,Adults Allowed,B098-CPA-0001,03/31/2020,06/22/2020,307,B-07,40.64577102661133,-74.01990509033203,POINT (-74.01990509033203 40.64577102661133)
Q,Not Lockable,06/21/2020 03:03:32 PM,Q330,Q330,,Active,Yes,Level 2: Accessible Playgrounds with Ramped Play Equipment and Universally Accessible Swings,121 Ave. bet. Lucas St. and 192 St.,Locust Manor Playground,Adults Allowed,Q330-CPA-0001,03/31/2020,06/21/2020,412,Q-12,40.68574523925781,-73.75636291503906,POINT (-73.75636291503906 40.68574523925781)
M,Not Lockable,06/22/2020 11:47:44 AM,M037,M037-01,Yes,,,,,Sunken Playground,,,03/31/2020,06/21/2020,112,M-12A,40.837894439697266,-73.93606567382812,POINT (-73.93606567382812 40.837894439697266)
B,Completely Locked,06/22/2020 12:46:35 PM,B397,B397,,Active,Yes,Level 4: Accessible Playgrounds with Transfer Platforms and Ground Level Play Features,Christopher Ave. between Sutter Ave. and Belmont Ave.,Carter G. Woodson Children's Park,Adults Allowed,B397-CPA-0001,03/31/2020,06/21/2020,316,B-16,40.66823959350586,-73.90583038330078,POINT (-73.90583038330078 40.66823959350586)
X,Completely Locked,06/22/2020 11:11:33 AM,X087,X087,,Active,Yes,Level 4: Accessible Playgrounds with Transfer Platforms and Ground Level Play Features,Britton St. bet. Olinville Ave. and Barker Ave.,Zimmerman Playground,Adults Allowed,X087-CPA-0001,03/31/2020,06/21/2020,211,X-11,40.866153717041016,-73.86873626708984,POINT (-73.86873626708984 40.866153717041016)
Q,Completely Locked,06/21/2020 03:54:38 PM,Q400,Q400,,Active,Yes,Level 2: Accessible Playgrounds with Ramped Play Equipment and Universally Accessible Swings,Springfield Blvd. bet. 53 Ave. and 56 Ave.,Oakland Gardens,Adults not allowed in some locations,Q400-CPA-0001,03/31/2020,06/21/2020,411,Q-07A,40.75315475463867,-73.75955963134766,POINT (-73.75955963134766 40.75315475463867)
B,Completely Locked,06/22/2020 03:29:41 PM,B372,B372,,Active,No,Not Applicable,"Ave. L, E. 4 St., Mcdonald Ave., Ave. M",Friends Field,Unknown,B372-CPA-0001,03/31/2020,06/22/2020,312,B-12,40.6186408996582,-73.97258758544922,POINT (-73.97258758544922 40.6186408996582)
B,Completely Locked,06/22/2020 04:19:50 PM,B223B,B223B,,Active,Yes,Level 4: Accessible Playgrounds with Transfer Platforms and Ground Level Play Features,Hicks St. bet. Woodhull St. and Rapelye St.,Dimattina Playground,Adults Allowed,B223B-CPA-0001,03/31/2020,06/22/2020,306,B-06,40.68067169189453,-74.00196075439453,POINT (-74.00196075439453 40.68067169189453)
Q,Not Lockable,06/21/2020 03:09:00 PM,Q402,Q402,,Active,Yes,Level 4: Accessible Playgrounds with Transfer Platforms and Ground Level Play Features,167 St. bet. 108 Dr. and 109 Ave.,Latimer Playground,Adults Allowed,Q402-CPA-0001,03/31/2020,06/21/2020,412,Q-12,40.696537017822266,-73.78579711914062,POINT (-73.78579711914062 40.696537017822266)
X,Completely Locked,06/22/2020 09:58:19 AM,X113,X113,,Active,Yes,Level 4: Accessible Playgrounds with Transfer Platforms and Ground Level Play Features,Spofford Av bet. Faile St and Hunts Point Av,Hunts Point Playground,Adults Allowed,X113-CPA-0001,03/31/2020,06/21/2020,202,X-02,40.814178466796875,-73.88604736328125,POINT (-73.88604736328125 40.814178466796875)
M,Completely Locked,06/22/2020 12:56:10 PM,M155,M155,,Active,Yes,Level 2: Accessible Playgrounds with Ramped Play Equipment and Universally Accessible Swings,"5 Ave., W. 130 St. To .W 131 St.",Courtney Callender Playground,Adults Allowed,M155-CPA-0001,03/31/2020,06/21/2020,110,M-10,40.810115814208984,-73.93997955322266,POINT (-73.93997955322266 40.810115814208984)
X,Partially Locked,06/22/2020 10:37:59 AM,X202,X202,,Active,Yes,Level 4: Accessible Playgrounds with Transfer Platforms and Ground Level Play Features,Marble Hill Av bet. W 230 St and W 228 St,Marble Hill Playground,Adults Allowed,X202-CPA-0001,03/31/2020,06/21/2020,208,X-08,40.8778190612793,-73.90808868408203,POINT (-73.90808868408203 40.8778190612793)
B,Completely Locked,06/22/2020 01:06:48 PM,B144,B144,,Active,No,Not Applicable,"Dean St., Bergen St. bet. Rockaway Ave.and Hopkinson Ave.",Ocean Hill Playground,Adults Allowed,B144-CPA-0001,03/31/2020,06/20/2020,316,B-16,40.67462921142578,-73.91181182861328,POINT (-73.91181182861328 40.67462921142578)
M,Partially Locked,06/22/2020 04:11:41 PM,M022,M022,,Active,No,Not Applicable,"W. 52 St. To W. 54 St., 11 Ave. To 12 Ave.",De Witt Clinton Park,Adults not allowed in some locations,M022-CPA-0001,03/31/2020,06/21/2020,104,M-04,40.767974853515625,-73.99507904052734,POINT (-73.99507904052734 40.767974853515625)
X,Completely Locked,06/22/2020 09:29:29 AM,X182,X182,,Active,Yes,Level 4: Accessible Playgrounds with Transfer Platforms and Ground Level Play Features,E. 135 St. bet. Cypress Ave. and St Ann's Ave.,Millbrook Playground,Adults Allowed,X182-CPA-0001,03/31/2020,06/21/2020,201,X-01,40.804500579833984,-73.91693878173828,POINT (-73.91693878173828 40.804500579833984)
Q,Completely Locked,06/21/2020 04:56:36 PM,Q456,Q456,,Active,Yes,Level 4: Accessible Playgrounds with Transfer Platforms and Ground Level Play Features,Cross Bay Blvd. bet. E 9 Rd. and E 10 Rd.,Gene Gray Playground,Adults not allowed in some locations,Q456-CPA-0001,03/31/2020,06/21/2020,414,Q-14,40.606201171875,-73.81915283203125,POINT (-73.81915283203125 40.606201171875)
M,Completely Locked,06/22/2020 03:31:06 PM,M140,M140-01,,Active,Yes,Level 3: Accessible Playgrounds with Universally Accessible Swings,W 148 St & Hudson River,Ten Mile River Plgd,Adults Allowed,M140-CPA-0001,03/31/2020,06/21/2020,109,M-14,40.829925537109375,-73.95223999023438,POINT (-73.95223999023438 40.829925537109375)
B,Completely Locked,06/22/2020 01:33:34 PM,B342,B342,,Active,Yes,Level 4: Accessible Playgrounds with Transfer Platforms and Ground Level Play Features,Glenwood Rd. between E. 100 St. and E. 101 St.,100% Playground,Adults not allowed in some locations,B342-CPA-0002,03/31/2020,06/22/2020,318,B-18,40.646366119384766,-73.89872741699219,POINT (-73.89872741699219 40.646366119384766)
M,Completely Locked,06/22/2020 11:19:33 AM,M010,M010-169,,Active,Yes,Level 4: Accessible Playgrounds with Transfer Platforms and Ground Level Play Features,"86 St, W/o West Drive",Spector Plgd,Unknown,M010-CPA-0011,03/31/2020,06/21/2020,164,M-13,40.78459167480469,-73.96855926513672,POINT (-73.96855926513672 40.78459167480469)
X,Completely Locked,06/22/2020 09:57:19 AM,X247,X247,,Active,Yes,Level 2: Accessible Playgrounds with Ramped Play Equipment and Universally Accessible Swings,E 156 St bet. Fox St and Southern Blvd,Fox Playground,Adults not allowed in some locations,X247-CPA-0001,03/31/2020,06/21/2020,202,X-02,40.81496810913086,-73.89859008789062,POINT (-73.89859008789062 40.81496810913086)
Q,Completely Locked,06/22/2020 06:30:59 PM,Q395,Q395,,,,,"37 St., 38 St., bet. 20 Rd. and 20 Ave.",Steinway Playground,,,03/31/2020,06/22/2020,401,Q-01,40.77642822265625,-73.9034652709961,POINT (-73.9034652709961 40.77642822265625)
B,Completely Locked,06/22/2020 03:45:07 PM,B308,B308,,,,,Ave. Y between Coyle St. and Batchelder St.,Yak Playground,,,03/31/2020,06/22/2020,315,B-15,40.592254638671875,-73.93647003173828,POINT (-73.93647003173828 40.592254638671875)
B,Completely Locked,06/22/2020 04:40:25 PM,B259,B259,,Active,Yes,Level 3: Accessible Playgrounds with Universally Accessible Swings,Lafayette Ave. bet. Waverly Ave. and Washington Ave.,Underwood Park,Adults not allowed in some locations,B259-CPA-0001,03/31/2020,06/22/2020,302,B-02,40.688358306884766,-73.96649932861328,POINT (-73.96649932861328 40.688358306884766)
Q,Partially Locked,06/19/2020 01:39:39 PM,Q362,Q362,,Active,Yes,Level 2: Accessible Playgrounds with Ramped Play Equipment and Universally Accessible Swings,"89 St., 90 St. bet. Northern Blvd. and Jackson Mill Rd.",Playground Ninety,Adults Allowed,Q362-CPA-0001,03/31/2020,06/19/2020,403,Q-03,40.757537841796875,-73.87859344482422,POINT (-73.87859344482422 40.757537841796875)
B,Partially Locked,06/22/2020 04:19:50 PM,B230,B230,,Active,Yes,Level 3: Accessible Playgrounds with Universally Accessible Swings,Wyckoff St. between Hoyt St. and Bond St.,Nicholas Naquan Heyward Jr. Park,Adults not allowed in some locations,B230-CPA-0001,03/31/2020,06/22/2020,306,B-06,40.68465805053711,-73.98826599121094,POINT (-73.98826599121094 40.68465805053711)
R,Completely Locked,06/23/2020 09:55:14 AM,R090,R090,,Active,Yes,Level 2: Accessible Playgrounds with Ramped Play Equipment and Universally Accessible Swings,Preston Ave. bet. Koch Blvd. and Osborne St.,Lieutenant John H. Martinson Playground,Adults Allowed,R090-CPA-0001,03/31/2020,06/22/2020,503,R-03,40.53689956665039,-74.1626205444336,POINT (-74.1626205444336 40.53689956665039)
B,Completely Locked,06/23/2020 10:01:04 AM,B237,B237,,Active,Yes,Level 4: Accessible Playgrounds with Transfer Platforms and Ground Level Play Features,"Bedford Ave., Hancock St., Jefferson Ave.",John Hancock Playground,Adults Allowed,B237-CPA-0001,03/31/2020,06/22/2020,303,B-03,40.682132720947266,-73.95486450195312,POINT (-73.95486450195312 40.682132720947266)
M,Completely Locked,06/22/2020 03:27:08 PM,M028,M028-03,,Active,No,Not Applicable,"Within Zone 1A, Along Hudson River At Approximately W 163 St",Discovery Playground,Adults not allowed in some locations,M028-CPA-0002,03/31/2020,,112,M-14,40.840179443359375,-73.94767761230469,POINT (-73.94767761230469 40.840179443359375)
M,Completely Locked,06/22/2020 12:53:05 PM,M211B,M211B,,Active,Yes,Level 4: Accessible Playgrounds with Transfer Platforms and Ground Level Play Features,W/s 7 Ave. at W. 130 St.,St. Nicholas Playground North,Unknown,M211B-CPA-0001,03/31/2020,06/21/2020,110,M-10,40.81216812133789,-73.94656372070312,POINT (-73.94656372070312 40.81216812133789)
B,Completely Locked,06/22/2020 01:41:39 PM,B166D,B166D-01,,Active,No,Not Applicable,Bergen Ave And Avenue W,McGuire Fields Tot Lot,Unknown,B166D-CPA-0001,03/31/2020,06/22/2020,318,B-18,40.62002182006836,-73.8991928100586,POINT (-73.8991928100586 40.62002182006836)
Q,Partially Locked,06/21/2020 04:56:36 PM,Q162J01,Q162J01,,Active,Yes,Level 4: Accessible Playgrounds with Transfer Platforms and Ground Level Play Features,Seagirt Blvd bet. B. 12 St. and B. 9 St.,Beach 9 Playground,Adults Allowed,Q162J01-CPA-0001,03/31/2020,06/21/2020,414,Q-14,40.5958137512207,-73.74459838867188,POINT (-73.74459838867188 40.5958137512207)
M,Completely Locked,06/22/2020 03:31:36 PM,M071,M071-36,,Active,Yes,Level 4: Accessible Playgrounds with Transfer Platforms and Ground Level Play Features,"W 110-111 Sts, Riverside Dr",Tot Lot One Hundred And Ten,Unknown,M071-CPA-0010,03/31/2020,06/21/2020,109,M-14,40.805145263671875,-73.96864318847656,POINT (-73.96864318847656 40.805145263671875)
B,Completely Locked,06/22/2020 04:19:50 PM,B118B,B118B,Yes,,,,,St. Mary's Park,,,03/31/2020,06/22/2020,306,B-06,40.676429748535156,-73.99722290039062,POINT (-73.99722290039062 40.676429748535156)
Q,Not Lockable,06/21/2020 03:03:32 PM,Q005,Q005-11,,Active,Yes,Level 4: Accessible Playgrounds with Transfer Platforms and Ground Level Play Features,150 St & 130 Ave,Baisley Park South,Unknown,Q005-CPA-0004,03/31/2020,06/21/2020,412,Q-12,40.669212341308594,-73.78813934326172,POINT (-73.78813934326172 40.669212341308594)
X,Completely Locked,06/22/2020 09:40:41 AM,X030,X030-02,,Active,No,Not Applicable,Northwest Corner Of Zone 2 Heritage Field,Heritage Field Playground,Adults not allowed in some locations,X030-CPA-0001,03/31/2020,06/21/2020,204,X-04,40.82774353027344,-73.92784118652344,POINT (-73.92784118652344 40.82774353027344)
M,Completely Locked,06/22/2020 01:02:37 PM,M239,M239,,Active,Yes,Level 4: Accessible Playgrounds with Transfer Platforms and Ground Level Play Features,"E. 117 St. To E. 118 St., 1 Ave. To 2 Ave.",P.S. 155 Playground,Adults Allowed,M239-CPA-0001,03/31/2020,06/21/2020,111,M-11,40.79737854003906,-73.93521881103516,POINT (-73.93521881103516 40.79737854003906)
B,Completely Locked,06/23/2020 10:05:08 AM,B200,B200,,Active,Yes,Level 2: Accessible Playgrounds with Ramped Play Equipment and Universally Accessible Swings,Stuyvesant Ave. and Fulton St.,Elizabeth Stroud Playground,Adults not allowed in some locations,B200-CPA-0001,03/31/2020,06/23/2020,303,B-03,40.67961883544922,-73.93106842041016,POINT (-73.93106842041016 40.67961883544922)
M,Completely Locked,06/22/2020 11:49:32 AM,M037,M037-08,,Active,No,Not Applicable,Edgecombe Ave. Between 155 St & 157 St,Coogan's Bluff Playground,Adults not allowed in some locations,M037-CPA-0004,03/31/2020,06/21/2020,112,M-12A,40.83163070678711,-73.94001007080078,POINT (-73.94001007080078 40.83163070678711)
M,Completely Locked,06/22/2020 05:19:55 PM,M256,M256,,Active,Yes,Level 4: Accessible Playgrounds with Transfer Platforms and Ground Level Play Features,"E. 48 St. To E. 49 St., FDR",MacArthur Playground,Adults Allowed,M256-CPA-0001,03/31/2020,06/21/2020,106,M-06,40.75217819213867,-73.96511840820312,POINT (-73.96511840820312 40.75217819213867)
Q,Partially Locked,06/22/2020 01:24:42 PM,Q128,Q128,,Active,Yes,Level 3: Accessible Playgrounds with Universally Accessible Swings,"Atlantic Ave., 95 Ave. bet. 88 St., 89 St.",London Planetree Playground,Adults Allowed,Q128-CPA-0001,03/31/2020,06/21/2020,409,Q-09,40.68569564819336,-73.85314178466797,POINT (-73.85314178466797 40.68569564819336)
X,Completely Locked,06/22/2020 11:04:43 AM,X177,X177,,Active,Yes,Level 4: Accessible Playgrounds with Transfer Platforms and Ground Level Play Features,"Castle Hill Av, Parker St",Castle Hill Playground,Adults Allowed,X177-CPA-0001,03/31/2020,06/21/2020,209,X-09,40.83890914916992,-73.85298919677734,POINT (-73.85298919677734 40.83890914916992)
X,Completely Locked,06/22/2020 10:53:01 AM,X002,X002-05,,Active,Yes,Level 4: Accessible Playgrounds with Transfer Platforms and Ground Level Play Features,"Bronxdale Ave, Bronx Pk E",Brady Plgd,Adults Allowed,X002-CPA-0002,03/31/2020,06/21/2020,227,X-14,40.85139083862305,-73.8687973022461,POINT (-73.8687973022461 40.85139083862305)
M,Completely Locked,06/22/2020 04:11:41 PM,M066,M066,,Active,Yes,Level 4: Accessible Playgrounds with Transfer Platforms and Ground Level Play Features,"W. 17 St., 8 Ave. To 9 Ave.",Dr. Gertrude B. Kelly Playground,Adults Allowed,M066-CPA-0001,03/31/2020,06/21/2020,104,M-04,40.74161911010742,-74.00190734863281,POINT (-74.00190734863281 40.74161911010742)
Q,Completely Locked,06/21/2020 01:02:32 PM,Q334,Q334,,Active,Yes,Level 4: Accessible Playgrounds with Transfer Platforms and Ground Level Play Features,166 St. bet. 21 Rd. and 21 Ave.,Playground Twenty One,Adults not allowed in some locations,Q334-CPA-0001,03/31/2020,06/21/2020,407,Q-07,40.77822494506836,-73.79805755615234,POINT (-73.79805755615234 40.77822494506836)
Q,Completely Locked,06/22/2020 06:28:24 PM,Q066F,Q066F,,Active,Yes,Level 4: Accessible Playgrounds with Transfer Platforms and Ground Level Play Features,Hoyt Ave. North bet. 29 St. and 31 St.,Hoyt Playground,Adults Allowed,Q066F-CPA-0001,03/31/2020,06/22/2020,401,Q-01,40.771820068359375,-73.91714477539062,POINT (-73.91714477539062 40.771820068359375)
X,Completely Locked,06/22/2020 10:16:37 AM,X148C5,X148C5,,Active,Yes,Level 2: Accessible Playgrounds with Ramped Play Equipment and Universally Accessible Swings,Jerome Av bet. E 174 St and the Cross Bronx Exwy Entrance Ramp,Jennie Jerome Playground,Adults not allowed in some locations,X148C5-CPA-0001,03/31/2020,06/21/2020,205,X-05,40.84552001953125,-73.9134750366211,POINT (-73.9134750366211 40.84552001953125)
M,Completely Locked,06/22/2020 11:10:18 AM,M010,M010-145,,Active,Yes,Level 1: Playgrounds for All Children,85 St & 5th Ave,Ancient Plgd,Unknown,M010-CPA-0008,03/31/2020,06/21/2020,164,M-13,40.78084945678711,-73.96175384521484,POINT (-73.96175384521484 40.78084945678711)
Q,Completely Locked,06/21/2020 06:41:49 PM,QT05,QT05,,Active,Yes,Not Applicable,60 St. bet. Borden Ave. and 55 Dr.,Copernicus Triangle,Adults not allowed in some locations,QT05-CPA-0001,03/31/2020,06/21/2020,405,Q-05,40.72599411010742,-73.90564727783203,POINT (-73.90564727783203 40.72599411010742)
M,Completely Locked,06/22/2020 11:48:46 AM,M037,M037-04,,Active,Yes,Level 4: Accessible Playgrounds with Transfer Platforms and Ground Level Play Features,W 189 St &  Amsterdam Ave,Wallenberg Plgd,Adults Allowed,M037-CPA-0002,03/31/2020,06/21/2020,112,M-12A,40.8526725769043,-73.92716979980469,POINT (-73.92716979980469 40.8526725769043)
Q,Completely Locked,06/21/2020 06:41:49 PM,Q398,Q398,,Active,Yes,Level 4: Accessible Playgrounds with Transfer Platforms and Ground Level Play Features,"Woodbine St., Madison St. bet. Woodward Ave. and Fairview Ave.",Rosemary's Playground,Adults Allowed,Q398-CPA-0001,03/31/2020,06/21/2020,405,Q-05,40.70435333251953,-73.90422821044922,POINT (-73.90422821044922 40.70435333251953)
Q,Completely Locked,06/21/2020 04:56:36 PM,Q345,Q345,,Active,Yes,Level 4: Accessible Playgrounds with Transfer Platforms and Ground Level Play Features,"Beach 12 St., Redfern Ave.",Redfern Playground,Adults Allowed,Q345-CPA-0001,03/31/2020,06/21/2020,414,Q-14,40.61096954345703,-73.74934387207031,POINT (-73.74934387207031 40.61096954345703)
X,Completely Locked,06/22/2020 10:20:47 AM,X334,X334,,Active,No,Not Applicable,"Mohegan Ave., Crotona Pkwy., E. 179 St.",Mohegan Triangle,Adults not allowed in some locations,X334-CPA-0001,03/31/2020,06/21/2020,206,X-06,40.84424591064453,-73.88477325439453,POINT (-73.88477325439453 40.84424591064453)
Q,Completely Locked,06/22/2020 01:09:47 PM,Q294,Q294,,Active,Yes,Level 2: Accessible Playgrounds with Ramped Play Equipment and Universally Accessible Swings,"73 Ave., Jewel Ave. bet. Utopia Pkwy. and 179 St.",Utopia Playground,Adults Allowed,Q294-CPA-0001,03/31/2020,06/21/2020,408,Q-08,40.73076629638672,-73.79219818115234,POINT (-73.79219818115234 40.73076629638672)
B,Completely Locked,06/22/2020 04:33:21 PM,B223H,B223H,,Active,Yes,Level 4: Accessible Playgrounds with Transfer Platforms and Ground Level Play Features,Columbia Hts. at Middagh St.,Harry Chapin Playground,Adults not allowed in some locations,B223H-CPA-0001,03/31/2020,06/22/2020,302,B-02,40.7006721496582,-73.9948959350586,POINT (-73.9948959350586 40.7006721496582)
Q,Not Lockable,06/21/2020 03:03:32 PM,Q220E,Q220E,,Active,Yes,Level 4: Accessible Playgrounds with Transfer Platforms and Ground Level Play Features,"Van Wyck Exwy. Sr. Rd. E., 140 St. bet. 120 Ave. and Rockaway Blvd.",Playground One Forty,Adults not allowed in some locations,Q220E-CPA-0001,03/31/2020,06/21/2020,412,Q-12,40.6749267578125,-73.80117797851562,POINT (-73.80117797851562 40.6749267578125)
X,Partially Locked,06/22/2020 09:36:52 AM,X045,X045-03,,Active,Yes,Level 3: Accessible Playgrounds with Universally Accessible Swings,St Ann's Ave & E 147 St,St Mary's Playground West,Adults Allowed,X045-CPA-0003,03/31/2020,06/21/2020,201,X-01,40.81280517578125,-73.91287994384766,POINT (-73.91287994384766 40.81280517578125)
B,Completely Locked,06/23/2020 10:04:47 AM,B023,B023,,Active,Yes,Level 4: Accessible Playgrounds with Transfer Platforms and Ground Level Play Features,Lafayette Ave. bet. Malcolm X Blvd. and Patch Ave.,Lafayette Playground,Adults Allowed,B023-CPA-0001,03/31/2020,06/23/2020,303,B-03,40.69260787963867,-73.9301528930664,POINT (-73.9301528930664 40.69260787963867)
Q,Completely Locked,06/22/2020 06:35:02 PM,Q434,Q434,,Active,Yes,Level 4: Accessible Playgrounds with Transfer Platforms and Ground Level Play Features,"51 Ave., 51 Rd., 72 Pl.",Long Island Mews,Unknown,Q434-CPA-0001,03/31/2020,06/22/2020,402,Q-02,40.736114501953125,-73.89002990722656,POINT (-73.89002990722656 40.736114501953125)
B,Completely Locked,06/23/2020 10:01:04 AM,B105,B105,,Active,No,Not Applicable,Taaffe Pl. bet. Park Ave. and Myrtle Ave.,Taaffe Playground,Adults Allowed,B105-CPA-0001,03/31/2020,06/22/2020,303,B-03,40.69594955444336,-73.96083068847656,POINT (-73.96083068847656 40.69594955444336)
B,Completely Locked,06/22/2020 12:40:17 PM,B227,B227,,Active,Yes,Level 4: Accessible Playgrounds with Transfer Platforms and Ground Level Play Features,Rockaway Ave. bet. Blake Ave. and Dumont Ave.,P.S. 125 Playground,Adults Allowed,B227-CPA-0001,03/31/2020,06/20/2020,316,B-16,40.665130615234375,-73.90926361083984,POINT (-73.90926361083984 40.665130615234375)
X,Completely Locked,06/22/2020 09:55:29 AM,X216,X216,,Active,Yes,Level 4: Accessible Playgrounds with Transfer Platforms and Ground Level Play Features,E 156 St bet. Tinton Av and Union Av,Abigail Playground,Adults Allowed,X216-CPA-0001,03/31/2020,06/21/2020,201,X-01,40.81739807128906,-73.90469360351562,POINT (-73.90469360351562 40.81739807128906)
M,Completely Locked,06/22/2020 03:16:30 PM,M098,M098-03,,Active,No,Not Applicable,"Washington Sq S, Sullivan St",Washington Square Park,Adults not allowed in some locations,M098-CPA-0001,03/31/2020,06/21/2020,102,M-02,40.73105239868164,-73.99893188476562,POINT (-73.99893188476562 40.73105239868164)
X,Completely Locked,06/22/2020 10:23:58 AM,X280,X280,,Active,Yes,Level 3: Accessible Playgrounds with Universally Accessible Swings,E 183 St bet. Washington Av and Park Av,Washington Park,Adults Allowed,X280-CPA-0001,03/31/2020,06/21/2020,206,X-06,40.85570526123047,-73.89344024658203,POINT (-73.89344024658203 40.85570526123047)
M,Completely Locked,06/22/2020 11:18:34 AM,M010,M010-193,,Active,Yes,Level 4: Accessible Playgrounds with Transfer Platforms and Ground Level Play Features,97 St & Central Park West,Rudin Plgd,Unknown,M010-CPA-0015,03/31/2020,06/21/2020,164,M-13,40.7918815612793,-73.96405029296875,POINT (-73.96405029296875 40.7918815612793)
Q,Completely Locked,06/23/2020 11:02:44 AM,Q120,Q120,,Active,Yes,Level 4: Accessible Playgrounds with Transfer Platforms and Ground Level Play Features,179 Pl. bet. 90 Ave. and Jamaica Ave.,Harvard Playground,Adults Allowed,Q120-CPA-0001,03/31/2020,06/23/2020,412,Q-12,40.70936965942383,-73.78167724609375,POINT (-73.78167724609375 40.70936965942383)
Q,Completely Locked,06/23/2020 11:47:49 AM,Q205B,Q205B,,Active,No,Not Applicable,"Laurel Hill Blvd., 48 Ave. bet. 63 St. and 64 St.",Nathan Weidenbaum Playground,Adults Allowed,Q205B-CPA-0001,03/31/2020,06/23/2020,402,Q-02,40.7381706237793,-73.90243530273438,POINT (-73.90243530273438 40.7381706237793)
Q,Partially Locked,06/21/2020 11:31:08 AM,Q293,Q293,,Active,Yes,Level 4: Accessible Playgrounds with Transfer Platforms and Ground Level Play Features,56 Ave. bet. 201 St. and 202 St.,Saul Weprin Playground,Adults Allowed,Q293-CPA-0002,03/31/2020,06/21/2020,411,Q-11,40.74775314331055,-73.77613067626953,POINT (-73.77613067626953 40.74775314331055)
B,Completely Locked,06/23/2020 10:01:04 AM,B215,B215,,Active,Yes,Level 4: Accessible Playgrounds with Transfer Platforms and Ground Level Play Features,"Decatur St., Macdonough St. bet. Lewis Ave. and Marcus Garvey Blvd.",Decatur Playground,Adults Allowed,B215-CPA-0001,03/31/2020,06/22/2020,303,B-03,40.681396484375,-73.93675994873047,POINT (-73.93675994873047 40.681396484375)
Q,Completely Locked,06/21/2020 10:11:32 AM,Q001,Q001-99,,Active,Yes,Level 2: Accessible Playgrounds with Ramped Play Equipment and Universally Accessible Swings,"Nr Springfield Lot, Ballfields",Alley Springfield Playground,Unknown,Q001-CPA-0003,03/31/2020,06/21/2020,411,Q-07A,40.741519927978516,-73.74881744384766,POINT (-73.74881744384766 40.741519927978516)
B,Completely Locked,06/23/2020 10:08:49 AM,B068,B068-01,,Active,Yes,Level 1: Playgrounds for All Children,Parade Pl & Crooke Ave,Detective Dillon Stewart Plgd,Unknown,B068-CPA-0001,03/31/2020,06/22/2020,314,B-14,40.65138244628906,-73.96538543701172,POINT (-73.96538543701172 40.65138244628906)
X,Completely Locked,06/22/2020 10:43:01 AM,X092,X092-26,,Active,Yes,Level 3: Accessible Playgrounds with Universally Accessible Swings,"Jerome Ave, East Gunhill Rd",Sachkerah Woods Playground,Unknown,X092-CPA-0004,03/31/2020,06/21/2020,226,X-13,40.88393783569336,-73.88159942626953,POINT (-73.88159942626953 40.88393783569336)
X,Partially Locked,06/22/2020 09:35:38 AM,X045,X045-01,,Active,Yes,Level 4: Accessible Playgrounds with Transfer Platforms and Ground Level Play Features,Jackson Ave & 144 St,St Mary's Playground East,Adults Allowed,X045-CPA-0001,03/31/2020,06/21/2020,201,X-01,40.81036376953125,-73.91049194335938,POINT (-73.91049194335938 40.81036376953125)
X,Completely Locked,06/22/2020 10:04:53 AM,X242,X242,,Active,Yes,Level 4: Accessible Playgrounds with Transfer Platforms and Ground Level Play Features,Home St bet. Boston Rd and Jackson Av,Youth Village,Adults not allowed in some locations,X242-CPA-0001,03/31/2020,06/21/2020,203,X-03,40.82867431640625,-73.90292358398438,POINT (-73.90292358398438 40.82867431640625)
M,Completely Locked,06/22/2020 05:39:13 PM,M208E,M208E,,,,,"E. 127 St., 2 Ave., and Harlem River Drive",Crack Is Wack Playground,,,03/31/2020,06/22/2020,111,M-11,40.804359436035156,-73.93177032470703,POINT (-73.93177032470703 40.804359436035156)
B,Completely Locked,06/22/2020 01:43:27 PM,B324,B324,,Active,No,Not Applicable,Ave. K between E. 58 St. and E. 59 St.,Jacob Joffe Fields,Adults not allowed in some locations,B324-CPA-0001,03/31/2020,06/22/2020,318,B-18,40.62457275390625,-73.91932678222656,POINT (-73.91932678222656 40.62457275390625)
M,Completely Locked,06/19/2020 10:10:30 AM,M241,M241,,Active,Yes,Level 4: Accessible Playgrounds with Transfer Platforms and Ground Level Play Features,Rivington St. and Attorney St. bet. Clinton St. and Ridge St.,Nathan Straus Playground,Adults Allowed,M241-CPA-0001,03/31/2020,06/19/2020,103,M-03,40.71965789794922,-73.98416900634766,POINT (-73.98416900634766 40.71965789794922)
B,Completely Locked,06/23/2020 11:14:00 AM,B300,B300,,Active,Yes,Level 4: Accessible Playgrounds with Transfer Platforms and Ground Level Play Features,"Adelphi St., Myrtle Ave., Clermont Ave.",Oracle Playground,Adults Allowed,B300-CPA-0001,03/31/2020,06/22/2020,302,B-02,40.6939811706543,-73.97168731689453,POINT (-73.97168731689453 40.6939811706543)
Q,Completely Locked,06/21/2020 01:03:44 PM,Q308,Q308,,Active,Yes,Level 4: Accessible Playgrounds with Transfer Platforms and Ground Level Play Features,Union St. bet. Barclay Ave. and Sanford Ave.,Bowne Playground,Adults Allowed,Q308-CPA-0001,03/31/2020,06/21/2020,407,Q-07,40.757999420166016,-73.8246841430664,POINT (-73.8246841430664 40.757999420166016)
M,Completely Locked,06/22/2020 03:13:55 PM,M218,M218,,Active,Yes,Level 4: Accessible Playgrounds with Transfer Platforms and Ground Level Play Features,Spring St. and Mulberry St.,DeSalvio Playground,Adults Allowed,M218-CPA-0001,03/31/2020,06/21/2020,102,M-02,40.72162628173828,-73.99622344970703,POINT (-73.99622344970703 40.72162628173828)
Q,Completely Locked,06/04/2020 04:16:17 PM,Q066D,Q066D,,,,,"Hoyt Ave., bet. 24 St. and Crescent St.",Triborough Bridge Playground D,,,03/31/2020,,401,Q-01,40.773494720458984,-73.92155456542969,POINT (-73.92155456542969 40.773494720458984)
M,Completely Locked,06/22/2020 03:28:08 PM,M071,M071-02,,Archived,No,Not Applicable,67th To 68th Sts Along Riverside Dr,Little Engine Playground,Adults not allowed in some locations,M071-CPA-0002,03/31/2020,06/21/2020,107,M-14,40.777854919433594,-73.98899841308594,POINT (-73.98899841308594 40.777854919433594)
Q,Completely Locked,06/25/2020 11:30:04 AM,Q099,Q099-16,,Active,Yes,Level 2: Accessible Playgrounds with Ramped Play Equipment and Universally Accessible Swings,W/s Of Meadow Lake & G C Pkwy,Jurassic Playground,Unknown,Q099-CPA-0003,03/31/2020,06/25/2020,481,Q-15,40.73527145385742,-73.84369659423828,POINT (-73.84369659423828 40.73527145385742)
Q,Completely Locked,06/22/2020 03:12:53 PM,Q471,Q471-01,,,,,,Hunter's Point South Playground (North),,,03/31/2020,06/22/2020,402,Q-02,40.74298858642578,-73.9604263305664,POINT (-73.9604263305664 40.74298858642578)
Q,Not Lockable,06/22/2020 04:26:53 PM,Q048,Q048-01,,Active,Yes,Level 4: Accessible Playgrounds with Transfer Platforms and Ground Level Play Features,34 Ave & Vernon Blvd,Rainey Park Playground,Adults not allowed in some locations,Q048-CPA-0001,03/31/2020,06/22/2020,401,Q-01,40.765663146972656,-73.94136810302734,POINT (-73.94136810302734 40.765663146972656)
M,Completely Locked,06/23/2020 09:15:41 AM,M283A,M283A,,Active,No,Not Applicable,bet. Hudson River and South End Ave. S/o Liberty St.,Battery Park City,Unknown,M283A-CPA-0001,03/31/2020,06/22/2020,101,M-01,40.71202087402344,-74.01724243164062,POINT (-74.01724243164062 40.71202087402344)
B,Completely Locked,06/22/2020 04:20:06 PM,B130,B130,,Active,Yes,Level 4: Accessible Playgrounds with Transfer Platforms and Ground Level Play Features,"Ft Hamilton Pkwy., Prospect Ave., Greenwood Ave.",Greenwood Playground,Adults Allowed,B130-CPA-0001,03/31/2020,06/22/2020,307,B-07,40.65071487426758,-73.97651672363281,POINT (-73.97651672363281 40.65071487426758)
M,Partially Locked,06/22/2020 05:23:42 PM,M286,M286-01,,Active,No,Not Applicable,"York Ave, E 91 St, E 92 St",DeKovats Playground,Adults not allowed in some locations,M286-CPA-0001,03/31/2020,06/21/2020,108,M-08,40.77943420410156,-73.94413757324219,POINT (-73.94413757324219 40.77943420410156)
B,Completely Locked,06/23/2020 10:04:14 AM,B263,B263,,Active,Yes,Level 4: Accessible Playgrounds with Transfer Platforms and Ground Level Play Features,Throop Ave. between Myrtle Ave. and Park Ave.,Sumner Playground,Unknown,B263-CPA-0001,03/31/2020,06/23/2020,303,B-03,40.6971549987793,-73.9430160522461,POINT (-73.9430160522461 40.6971549987793)
Q,Partially Locked,06/23/2020 09:28:13 AM,Q360N,Q360N,,Active,Yes,Level 4: Accessible Playgrounds with Transfer Platforms and Ground Level Play Features,Hoffman Dr. bet. 58 Ave. and Woodhaven Blvd.,Hoffman Park,Adults Allowed,Q360N-CPA-0001,03/31/2020,06/23/2020,404,Q-04,40.73281478881836,-73.871337890625,POINT (-73.871337890625 40.73281478881836)
X,Completely Locked,06/22/2020 09:56:08 AM,X207,X207,,Active,No,Not Applicable,Jackson Ave. bet. E. 151 St. and E. 149,Pontiac Playground,Adults Allowed,X207-CPA-0001,03/31/2020,06/21/2020,201,X-01,40.814414978027344,-73.9083480834961,POINT (-73.9083480834961 40.814414978027344)
Q,Partially Locked,06/22/2020 01:17:26 PM,Q378,Q378,,Active,Yes,Level 4: Accessible Playgrounds with Transfer Platforms and Ground Level Play Features,101 Ave. bet. 92 St. and 83 St.,Ampere Playground,Adults Allowed,Q378-CPA-0001,03/31/2020,06/21/2020,409,Q-09,40.68164825439453,-73.85678100585938,POINT (-73.85678100585938 40.68164825439453)
X,Completely Locked,06/22/2020 09:53:16 AM,X146,X146,,Active,Yes,Level 4: Accessible Playgrounds with Transfer Platforms and Ground Level Play Features,Brook Av to 3 Av bet. E 157 St and E 158 St,Flynn Playground,Adults Allowed,X146-CPA-0001,03/31/2020,06/21/2020,201,X-01,40.820987701416016,-73.91175079345703,POINT (-73.91175079345703 40.820987701416016)
Q,Not Lockable,06/21/2020 03:03:32 PM,Q023,Q023-01,,Active,Yes,Level 4: Accessible Playgrounds with Transfer Platforms and Ground Level Play Features,Jamaica Ave & 153 St,Rufus King Park Playground,Adults not allowed in some locations,Q023-CPA-0001,03/31/2020,06/21/2020,412,Q-12,40.70390319824219,-73.8033676147461,POINT (-73.8033676147461 40.70390319824219)
Q,Completely Locked,06/22/2020 10:11:32 AM,Q136,Q136,,Active,Yes,Level 4: Accessible Playgrounds with Transfer Platforms and Ground Level Play Features,115 St. bet. 14 Ave. and 14 Rd.,Playground 115,Adults not allowed in some locations,Q136-CPA-0001,03/31/2020,06/22/2020,407,Q-07,40.78519821166992,-73.85264587402344,POINT (-73.85264587402344 40.78519821166992)
Q,Partially Locked,06/21/2020 10:11:32 AM,Q001,Q001-01,,Active,No,Not Applicable,"Grand Central Pkwy (Upper Area), GCP & Douglaston Pkwy Entrance",Wild Flower Meadow Playground,Unknown,Q001-CPA-0001,03/31/2020,06/21/2020,411,Q-07A,40.74225616455078,-73.74093627929688,POINT (-73.74093627929688 40.74225616455078)
R,Completely Locked,06/22/2020 02:59:58 PM,R027A,R027A,,Active,Yes,Level 4: Accessible Playgrounds with Transfer Platforms and Ground Level Play Features,Corner Of Bartow Ave. and Page Ave.,Aesop Park,Adults Allowed,R027A-CPA-0001,03/31/2020,06/22/2020,503,R-03,40.509490966796875,-74.23008728027344,POINT (-74.23008728027344 40.509490966796875)
X,Completely Locked,06/22/2020 11:09:38 AM,X121,X121,,Active,No,Not Applicable,Bradford Ave. bet. La Salle Ave. and Waterbury Ave.,Bufano Park,Adults Allowed,X121-CPA-0001,03/31/2020,06/21/2020,210,X-10,40.83785629272461,-73.8309097290039,POINT (-73.8309097290039 40.83785629272461)
B,Completely Locked,06/22/2020 11:35:22 AM,B283,B283,,Active,Yes,Level 4: Accessible Playgrounds with Transfer Platforms and Ground Level Play Features,Belmont Ave. between Forbell St. and Drew St.,Belmont Playground,Adults Allowed,B283-CPA-0001,03/31/2020,06/20/2020,305,B-05,40.675453186035156,-73.86292266845703,POINT (-73.86292266845703 40.675453186035156)
B,Partially Locked,06/22/2020 03:29:41 PM,B151,B151,,Active,Yes,Level 2: Accessible Playgrounds with Ramped Play Equipment and Universally Accessible Swings,Dahill Rd. bet. 37 St. and 38 St.,Dome Playground,Adults Allowed,B151-CPA-0001,03/31/2020,06/22/2020,312,B-12,40.63844680786133,-73.98062896728516,POINT (-73.98062896728516 40.63844680786133)
X,Completely Locked,06/22/2020 10:28:08 AM,X283,X283,,Active,Yes,Level 2: Accessible Playgrounds with Ramped Play Equipment and Universally Accessible Swings,Billingsley Ter bet. Phelan Pl and Sedwick Av,Beanstalk Playground,Adults Allowed,X283-CPA-0001,03/31/2020,06/21/2020,205,X-05,40.8538818359375,-73.91676330566406,POINT (-73.91676330566406 40.8538818359375)
M,Completely Locked,06/22/2020 03:25:13 PM,M071,M071-31,,Active,Yes,Level 4: Accessible Playgrounds with Transfer Platforms and Ground Level Play Features,W 124 St & Riverside Dr,Claremont,Unknown,M071-CPA-0008,03/31/2020,06/21/2020,109,M-14,40.815040588378906,-73.96208190917969,POINT (-73.96208190917969 40.815040588378906)
M,Completely Locked,06/22/2020 03:15:13 PM,M295,M295,,,,,Mercer St. bet. Houston St. and W. 4 St.,Mercer Playground,,,03/31/2020,06/21/2020,102,M-02,40.72758483886719,-73.9962387084961,POINT (-73.9962387084961 40.72758483886719)
R,Completely Locked,06/22/2020 02:28:38 PM,R045,R045-01,,Active,No,Not Applicable,"Wild Ave, Pearson St",Schmul Park,Adults not allowed in some locations,R045-CPA-0001,03/31/2020,06/22/2020,502,R-02,40.59005355834961,-74.18812561035156,POINT (-74.18812561035156 40.59005355834961)
Q,Completely Locked,06/21/2020 04:56:36 PM,Q163,Q163-20,,Active,Yes,Level 2: Accessible Playgrounds with Ramped Play Equipment and Universally Accessible Swings,B 82 St & Shore Front Pkwy (W/o B 82 St),Rockaway Playground - N,Unknown,Q163-CPA-0002,03/31/2020,06/21/2020,414,Q-14,40.58539962768555,-73.80860137939453,POINT (-73.80860137939453 40.58539962768555)
Q,Completely Locked,06/22/2020 02:19:29 PM,Q415,Q415,,Active,No,Not Applicable,37 Av bet. 112 and 113 Sts,Louis Armstrong Playground,Adults Allowed,Q415-CPA-0001,03/31/2020,06/22/2020,403,Q-03,40.7547492980957,-73.85530853271484,POINT (-73.85530853271484 40.7547492980957)
R,Completely Locked,06/22/2020 01:48:04 PM,R034,R034,,Active,No,Not Applicable,"Forest Ave., Myrtle Ave., Broadway, N. Burgher Ave.",Austin J. McDonald Playground,Unknown,R034-CPA-0001,03/31/2020,06/22/2020,501,R-01,40.629390716552734,-74.1150131225586,POINT (-74.1150131225586 40.629390716552734)
X,Partially Locked,06/22/2020 10:57:36 AM,X195A,X195A,,Active,Yes,Level 2: Accessible Playgrounds with Ramped Play Equipment and Universally Accessible Swings,N/B Bruckner Blvd bet. Colgate Ave. and Close Ave.,Colgate Close,Adults Allowed,X195A-CPA-0001,03/31/2020,06/21/2020,209,X-09,40.823665618896484,-73.88146209716797,POINT (-73.88146209716797 40.823665618896484)
X,Completely Locked,06/22/2020 10:48:07 AM,X004,X004-01,,Active,No,Not Applicable,"E 227 St, Bronx River Parkway",227th Street Playground,Adults Allowed,X004-CPA-0001,03/31/2020,06/21/2020,212,X-14,40.890777587890625,-73.86420440673828,POINT (-73.86420440673828 40.890777587890625)
B,Completely Locked,06/22/2020 03:08:53 PM,B529,B529,Yes,,,,,Bushwick Inlet,,,03/31/2020,06/21/2020,301,B-01,40.7224006652832,-73.96138000488281,POINT (-73.96138000488281 40.7224006652832)
Q,Completely Locked,06/22/2020 10:14:03 AM,Q017,Q017,,Active,No,Not Applicable,46 Ave. bet. 164 St. and 165 St.,The Olde Towne of Flushing Burial Ground,Adults not allowed in some locations,Q017-CPA-0001,03/31/2020,06/21/2020,407,Q-07,40.75555419921875,-73.80218505859375,POINT (-73.80218505859375 40.75555419921875)
M,Completely Locked,06/22/2020 11:08:42 AM,M010,M010-247,,Archived,Yes,Level 1: Playgrounds for All Children,110 St & Lenox Ave,110th St & Lenox Ave Plgd,Unknown,M010-CPA-0020,03/31/2020,06/21/2020,164,M-13,40.79753112792969,-73.95183563232422,POINT (-73.95183563232422 40.79753112792969)
X,Completely Locked,06/04/2020 04:16:17 PM,X210,X210,,,,,,Governor Smith Playground,,,03/31/2020,,201,X-01,40.81947708129883,-73.92060852050781,POINT (-73.92060852050781 40.81947708129883)
R,Completely Locked,06/22/2020 05:12:07 PM,R008,R008,,Active,No,Not Applicable,"Richmond Ter. To Kill Van Kull, Faber St.",Faber Pool and Park,Adults not allowed in some locations,R008-CPA-0001,03/31/2020,06/22/2020,501,R-01,40.64155960083008,-74.1353530883789,POINT (-74.1353530883789 40.64155960083008)
B,Completely Locked,06/22/2020 04:36:40 PM,B061,B061,,Active,Yes,Level 4: Accessible Playgrounds with Transfer Platforms and Ground Level Play Features,"Jay St., Bridge St. bet. Tillary St. and Cathedral Pl.",McLaughlin Park,Adults not allowed in some locations,B061-CPA-0001,03/31/2020,06/22/2020,302,B-02,40.69662094116211,-73.98646545410156,POINT (-73.98646545410156 40.69662094116211)
M,Completely Locked,06/22/2020 11:11:32 AM,M010,M010-048,,Active,Yes,Level 4: Accessible Playgrounds with Transfer Platforms and Ground Level Play Features,67 St & 5th Ave,Billy Johnson Plgd,Unknown,M010-CPA-0002,03/31/2020,06/21/2020,164,M-13,40.76952362060547,-73.9698715209961,POINT (-73.9698715209961 40.76952362060547)
B,Completely Locked,06/22/2020 03:45:07 PM,B051,B051,,Active,No,Not Applicable,Ave. S bet. E. 14 St. and E. 15 St.,Kelly Park Playground,Adults Allowed,B051-CPA-0001,03/31/2020,06/22/2020,315,B-15,40.60369110107422,-73.95796966552734,POINT (-73.95796966552734 40.60369110107422)
M,Completely Locked,06/19/2020 10:04:27 AM,M171,M171,Yes,,,,,Cherry Clinton Playground,,,03/31/2020,06/19/2020,103,M-03,40.7113151550293,-73.98624420166016,POINT (-73.98624420166016 40.7113151550293)
B,Completely Locked,06/22/2020 01:55:05 PM,B337,B337,,Active,Yes,Level 4: Accessible Playgrounds with Transfer Platforms and Ground Level Play Features,W. Brighton Ave. between W. 2 St. and W. 3 St.,Century Playground,Adults Allowed,B337-CPA-0001,03/31/2020,06/22/2020,313,B-13,40.57674026489258,-73.97006225585938,POINT (-73.97006225585938 40.57674026489258)
B,Completely Locked,06/22/2020 03:13:12 PM,B223PE,B223PE,,Active,Yes,Level 4: Accessible Playgrounds with Transfer Platforms and Ground Level Play Features,"Borinquen Pl., Rodney St. and S. 1 St.",Rodney Playground North,Unknown,B223PE-CPA-0001,03/31/2020,06/21/2020,301,B-01,40.710880279541016,-73.95510864257812,POINT (-73.95510864257812 40.710880279541016)
Q,Completely Locked,06/21/2020 06:41:49 PM,Q360E,Q360E,,Active,No,Not Applicable,"55 Dr., 64 St., Hull Ave.",Hull Triangle,Adults Allowed,Q360E-CPA-0001,03/31/2020,06/21/2020,405,Q-05,40.72541809082031,-73.90147399902344,POINT (-73.90147399902344 40.72541809082031)
M,Partially Locked,06/22/2020 10:44:20 AM,M056,M056-03,,Active,Yes,Level 4: Accessible Playgrounds with Transfer Platforms and Ground Level Play Features,Morningside Ave & 113 St,Morningside Park,Adults not allowed in some locations,M056-CPA-0003,03/31/2020,06/21/2020,109,M-09,40.80328369140625,-73.95844268798828,POINT (-73.95844268798828 40.80328369140625)
M,Completely Locked,06/19/2020 10:08:03 AM,M105,M105-01,,Active,Yes,Level 2: Accessible Playgrounds with Ramped Play Equipment and Universally Accessible Swings,E Houston To Stanton Sts,Houston St Plgd,Adults not allowed in some locations,M105-CPA-0001,03/31/2020,06/19/2020,103,M-03,40.72275161743164,-73.99098205566406,POINT (-73.99098205566406 40.72275161743164)
B,Completely Locked,06/22/2020 12:30:41 PM,B246,B246,,Active,Yes,Level 4: Accessible Playgrounds with Transfer Platforms and Ground Level Play Features,Wortman Ave. between Jerome St. and Warwick St.,Jerome Playground,Adults Allowed,B246-CPA-0001,03/31/2020,06/20/2020,305,B-05,40.65902328491211,-73.87939453125,POINT (-73.87939453125 40.65902328491211)
B,Partially Locked,06/23/2020 10:01:04 AM,B079,B079,,Active,Yes,Level 3: Accessible Playgrounds with Universally Accessible Swings,Halsey St. bet. Howard Ave. and Saratoga Ave.,Saratoga Park,Adults not allowed in some locations,B079-CPA-0001,03/31/2020,06/22/2020,303,B-03,40.68492889404297,-73.91944885253906,POINT (-73.91944885253906 40.68492889404297)
B,Completely Locked,06/22/2020 11:24:37 AM,B163,B163,,Active,No,Not Applicable,"Atlantic Ave., Cleveland St. and Liberty Ave.",Sperandeo Brothers Playground,Adults Allowed,B163-CPA-0001,03/31/2020,06/20/2020,305,B-05,40.67776107788086,-73.88385009765625,POINT (-73.88385009765625 40.67776107788086)
Q,Partially Locked,06/23/2020 11:10:39 AM,Q318,Q318,,Active,Yes,Level 4: Accessible Playgrounds with Transfer Platforms and Ground Level Play Features,80 Ave. bet. 261 St. and 262 St.,Playground Eighty LXXX,Adults Allowed,Q318-CPA-0001,03/31/2020,06/23/2020,413,Q-13,40.744964599609375,-73.70960998535156,POINT (-73.70960998535156 40.744964599609375)
Q,Partially Locked,06/21/2020 11:14:48 AM,Q020,Q020-02,,Active,No,Not Applicable,Heath Pl & Highland Blvd,Upper Highland Playground,Unknown,Q020-CPA-0002,03/31/2020,06/21/2020,305,Q-05A,40.68284225463867,-73.89270782470703,POINT (-73.89270782470703 40.68284225463867)
B,Completely Locked,06/22/2020 01:55:05 PM,B169,B169,Yes,,,,,Beach at W 12 St,,,03/31/2020,06/22/2020,313,B-13,40.572994232177734,-73.97969818115234,POINT (-73.97969818115234 40.572994232177734)
B,Completely Locked,06/22/2020 04:20:06 PM,B210J,B210J,,Active,Yes,Level 4: Accessible Playgrounds with Transfer Platforms and Ground Level Play Features,3 Ave. bet. 47 St. and 46 St.,Pena Herrera Playground,Adults Allowed,B210J-CPA-0001,03/31/2020,06/22/2020,307,B-07,40.64939498901367,-74.01216888427734,POINT (-74.01216888427734 40.64939498901367)
Q,Completely Locked,06/23/2020 09:23:48 AM,Q439,Q439,,Active,Yes,Level 2: Accessible Playgrounds with Ramped Play Equipment and Universally Accessible Swings,98 St. bet. Northern Blvd. and 32 Ave.,Private William Gray Playground,Adults Allowed,Q439-CPA-0001,03/31/2020,06/23/2020,403,Q-03,40.757877349853516,-73.87092590332031,POINT (-73.87092590332031 40.757877349853516)
M,Partially Locked,06/22/2020 05:17:17 PM,M164,M164,,Active,Yes,Level 1: Playgrounds for All Children,"E. 23 St. To E. 25 St., FDR Drive",Asser Levy Playground,Adults Allowed,M164-CPA-0001,03/31/2020,06/21/2020,106,M-06,40.736515045166016,-73.97552490234375,POINT (-73.97552490234375 40.736515045166016)
R,Not Lockable,06/22/2020 02:52:34 PM,R079,R079-01,,Active,Yes,Level 4: Accessible Playgrounds with Transfer Platforms and Ground Level Play Features,Seguine Ave S/o Hylan Blvd,Lemon Creek Playground,Adults Allowed,R079-CPA-0001,03/31/2020,06/22/2020,503,R-03,40.512176513671875,-74.19794464111328,POINT (-74.19794464111328 40.512176513671875)
R,Completely Locked,06/22/2020 01:51:03 PM,R068,R068,,Active,Yes,Level 4: Accessible Playgrounds with Transfer Platforms and Ground Level Play Features,"Grandview Ave., at Continental Pl.",The Big Park,Unknown,R068-CPA-0001,03/31/2020,06/22/2020,501,R-01,40.630680084228516,-74.16499328613281,POINT (-74.16499328613281 40.630680084228516)
B,Completely Locked,06/22/2020 03:01:59 PM,B043,B043,,Active,Yes,Level 3: Accessible Playgrounds with Universally Accessible Swings,Franklin St. bet. Commerical St. and Dupoint St.,Greenpoint Playground,Adults Allowed,B043-CPA-0001,03/31/2020,06/21/2020,301,B-01,40.73580551147461,-73.95893859863281,POINT (-73.95893859863281 40.73580551147461)
X,Completely Locked,06/22/2020 11:19:11 AM,X253,X253,,Active,Yes,Level 4: Accessible Playgrounds with Transfer Platforms and Ground Level Play Features,City Island Ave bet. Centre St. and Winter St.,Ambrosini Field,Adults not allowed in some locations,X253-CPA-0001,03/31/2020,06/21/2020,210,X-15,40.84419250488281,-73.7847900390625,POINT (-73.7847900390625 40.84419250488281)
B,Completely Locked,06/22/2020 04:19:50 PM,B019,B019,,Active,Yes,Level 3: Accessible Playgrounds with Universally Accessible Swings,"Court St., Smith St., bet. Carroll St. and President St.",Carroll Park,Unknown,B019-CPA-0001,03/31/2020,06/22/2020,306,B-06,40.680908203125,-73.99504089355469,POINT (-73.99504089355469 40.680908203125)
B,Completely Locked,06/22/2020 03:45:07 PM,B109,B109,,Active,No,Not Applicable,"Ave. Y, Ave. X bet. E. 24 St. and Bedford Ave.",Bill Brown Playground,Adults Allowed,B109-CPA-0001,03/31/2020,06/22/2020,315,B-15,40.591400146484375,-73.94552612304688,POINT (-73.94552612304688 40.591400146484375)
Q,Completely Locked,06/21/2020 03:20:07 PM,Q108,Q108,,Active,Yes,Level 2: Accessible Playgrounds with Ramped Play Equipment and Universally Accessible Swings,Brookville Blvd. bet. 136 Ave. 137 Ave.,Laurelton Playground,Adults Allowed,Q108-CPA-0001,03/31/2020,06/21/2020,413,Q-13,40.670528411865234,-73.73616027832031,POINT (-73.73616027832031 40.670528411865234)
B,Completely Locked,06/23/2020 10:08:49 AM,B389,B389,,Active,Yes,Level 4: Accessible Playgrounds with Transfer Platforms and Ground Level Play Features,Woodruff Ave. and Ocean Ave.,Umma Park,Adults not allowed in some locations,B389-CPA-0001,03/31/2020,06/22/2020,314,B-14,40.65353012084961,-73.96188354492188,POINT (-73.96188354492188 40.65353012084961)
B,Completely Locked,06/22/2020 01:55:05 PM,B435,B435,,,,,,Tilyou Playground,,,03/31/2020,06/22/2020,313,B-13,40.577945709228516,-73.9584732055664,POINT (-73.9584732055664 40.577945709228516)
B,Not Lockable,06/22/2020 03:28:45 PM,B082,B082-02,,Active,Yes,Level 4: Accessible Playgrounds with Transfer Platforms and Ground Level Play Features,79 St & Shore Rd,79 St Plgd,Unknown,B082-CPA-0002,03/31/2020,06/22/2020,310,B-10,40.631771087646484,-74.0392074584961,POINT (-74.0392074584961 40.631771087646484)
B,Completely Locked,06/22/2020 01:46:50 PM,B057,B057-06,,,,,,Seba Playground,,,03/31/2020,06/22/2020,318,B-18,40.589229583740234,-73.92030334472656,POINT (-73.92030334472656 40.589229583740234)
M,Partially Locked,06/22/2020 10:49:20 AM,M077,M077-04,,Active,Yes,Level 4: Accessible Playgrounds with Transfer Platforms and Ground Level Play Features,W 129 St & St Nicholas Terr,St Nicholas,Adults Allowed,M077-CPA-0003,03/31/2020,06/21/2020,109,M-09,40.81366729736328,-73.95088195800781,POINT (-73.95088195800781 40.81366729736328)
B,Completely Locked,06/22/2020 01:32:24 PM,B305,B305,,Active,No,Not Applicable,E. 103 St. to E. 104 St. between Ave. J and Ave. K,P.S. 279 Playground,Adults not allowed in some locations,B305-CPA-0001,03/31/2020,06/22/2020,318,B-18,40.64462661743164,-73.89329528808594,POINT (-73.89329528808594 40.64462661743164)
B,Completely Locked,06/22/2020 04:19:50 PM,B320,B320,,Active,Yes,Level 2: Accessible Playgrounds with Ramped Play Equipment and Universally Accessible Swings,Berkeley Pl. and Lincoln Pl. between 5 Ave. and 6 Ave.,Park Slope Playground,Adults Allowed,B320-CPA-0001,03/31/2020,06/22/2020,306,B-06,40.67692184448242,-73.97879028320312,POINT (-73.97879028320312 40.67692184448242)
M,Completely Locked,06/19/2020 10:13:51 AM,M201,M201,,Active,Yes,Level 4: Accessible Playgrounds with Transfer Platforms and Ground Level Play Features,E. Houston St. and FDR Dr.,Wald Playground,Adults Allowed,M201-CPA-0001,03/31/2020,06/19/2020,103,M-03,40.71961212158203,-73.97693634033203,POINT (-73.97693634033203 40.71961212158203)
Q,Completely Locked,06/22/2020 01:29:55 PM,Q014,Q014,,Active,Yes,Level 4: Accessible Playgrounds with Transfer Platforms and Ground Level Play Features,30 Rd. bet. 45 St. and 46 St.,Astoria Heights Playground,Unknown,Q014-CPA-0001,03/31/2020,06/22/2020,401,Q-01,40.760833740234375,-73.91157531738281,POINT (-73.91157531738281 40.760833740234375)
B,Completely Locked,06/22/2020 03:35:50 PM,B267,B267,,Active,No,Not Applicable,Winthrop St. between Rogers Ave. and Bedford Ave.,Winthrop Playground,Adults Allowed,B267-CPA-0001,03/31/2020,06/22/2020,309,B-09,40.65656661987305,-73.95478820800781,POINT (-73.95478820800781 40.65656661987305)
Q,Partially Locked,06/23/2020 11:10:39 AM,Q358,Q358,,Active,No,Not Applicable,235 Ct. bet. Hillside Ave. and 87 Ave.,Detective William T. Gunn Playground,Adults Allowed,Q358-CPA-0001,03/31/2020,06/23/2020,413,Q-13,40.732425689697266,-73.73162078857422,POINT (-73.73162078857422 40.732425689697266)
B,Completely Locked,06/22/2020 04:42:03 PM,B356,B356,,Active,Yes,Level 4: Accessible Playgrounds with Transfer Platforms and Ground Level Play Features,Pacific St. between Nevins St. and 3 Ave.,North Pacific Playground,Adults not allowed in some locations,B356-CPA-0001,03/31/2020,06/22/2020,302,B-02,40.68522644042969,-73.98209381103516,POINT (-73.98209381103516 40.68522644042969)
M,Completely Locked,06/19/2020 10:13:18 AM,M088,M088-01,,Active,Yes,Level 3: Accessible Playgrounds with Universally Accessible Swings,East 9 St & Ave A,Tompkins Square Park,Adults not allowed in some locations,M088-CPA-0001,03/31/2020,06/19/2020,103,M-03,40.72678756713867,-73.98255157470703,POINT (-73.98255157470703 40.72678756713867)
X,Completely Locked,06/22/2020 11:08:41 AM,X126,X126-ZN04,,Active,No,Not Applicable,Balcom Ave Btw Schley & Miles Aves,Ferry Point Park Zone 4,Adults not allowed in some locations,X126-CPA-0001,03/31/2020,06/21/2020,210,X-10,40.819950103759766,-73.82614135742188,POINT (-73.82614135742188 40.819950103759766)
X,Completely Locked,06/22/2020 10:30:28 AM,X013,X013-02,,Active,Yes,Level 4: Accessible Playgrounds with Transfer Platforms and Ground Level Play Features,Sedgwick Ave & Fordham Rd,Devoe Park,Adults not allowed in some locations,X013-CPA-0002,03/31/2020,06/21/2020,207,X-05,40.8631591796875,-73.90780639648438,POINT (-73.90780639648438 40.8631591796875)
R,Completely Locked,06/19/2020 01:54:28 PM,R046,R046-05,,,,,,Playland Playground,,,03/31/2020,06/19/2020,595,R-02B,40.58891296386719,-74.06752014160156,POINT (-74.06752014160156 40.58891296386719)
M,Partially Locked,06/22/2020 05:21:32 PM,M045,M045,,Active,Yes,Level 3: Accessible Playgrounds with Universally Accessible Swings,"FDR Dr., E 76 St. To E 78 St.",John Jay Park,Adults not allowed in some locations,M045-CPA-0001,03/31/2020,06/21/2020,108,M-08,40.7695426940918,-73.94949340820312,POINT (-73.94949340820312 40.7695426940918)
Q,Partially Locked,06/23/2020 12:26:47 PM,Q089B,Q089B-01,,Active,Yes,Level 4: Accessible Playgrounds with Transfer Platforms and Ground Level Play Features,"20 Ave, Whitestone Exwy",Harvey Playground,Adults Allowed,Q089B-CPA-0001,03/31/2020,06/23/2020,407,Q-07,40.78263854980469,-73.82376861572266,POINT (-73.82376861572266 40.78263854980469)
Q,Completely Locked,06/22/2020 03:11:56 PM,Q044,Q044,,Active,Yes,Level 4: Accessible Playgrounds with Transfer Platforms and Ground Level Play Features,"47 Ave., Greenpoint Ave. bet. 42 St. and 43 St.",L/CPL Thomas P. Noonan Jr. Playground,Adults Allowed,Q044-CPA-0001,03/31/2020,06/22/2020,402,Q-02,40.74114990234375,-73.9222640991211,POINT (-73.9222640991211 40.74114990234375)
R,Completely Locked,07/06/2020 02:25:41 PM,R105,R105,,,,,"Elizabet.h St., Forest Ave., Broadway, Clove Lake Pl.",Prall Playground,,,03/31/2020,07/06/2020,501,R-01,40.62860107421875,-74.11813354492188,POINT (-74.11813354492188 40.62860107421875)
B,Partially Locked,06/22/2020 03:28:45 PM,B210W,B210W,,,,,,John J Carty Park,,,03/31/2020,06/22/2020,310,B-10,40.61452102661133,-74.02922821044922,POINT (-74.02922821044922 40.61452102661133)
B,Completely Locked,06/22/2020 01:55:05 PM,B275,B275,,Active,No,Not Applicable,"Shore Pkwy., Brighton 3 St., Brighton 4 St.",Grady Playground,Adults Allowed,B275-CPA-0001,03/31/2020,06/22/2020,313,B-13,40.58236312866211,-73.96452331542969,POINT (-73.96452331542969 40.58236312866211)
R,Not Lockable,06/22/2020 02:56:45 PM,R119,R119-01,,Active,No,Not Applicable,"Next To Nature Ctr At 222 Poillon Ave, Btw Amboy Rd, Hylan Blvd",Blue Heron Tot Lot,Adults not allowed in some locations,R119-CPA-0001,03/31/2020,06/22/2020,503,R-03,40.530818939208984,-74.17748260498047,POINT (-74.17748260498047 40.530818939208984)
B,Completely Locked,06/24/2020 10:51:38 AM,B380,B380,,Active,Yes,Level 4: Accessible Playgrounds with Transfer Platforms and Ground Level Play Features,"Belmont Ave., Sutter Ave., Sheridan Ave. and Grant Ave.",Robert E. Venable Park,Adults not allowed in some locations,B380-CPA-0001,03/31/2020,06/23/2020,305,B-05,40.67406463623047,-73.86511993408203,POINT (-73.86511993408203 40.67406463623047)
B,Completely Locked,06/22/2020 03:45:07 PM,B244,B244,,Active,No,Not Applicable,Mcdonald Ave. between Ave. S and Ave. T,McDonald Playground,Unknown,B244-CPA-0001,03/31/2020,06/22/2020,315,B-15,40.601314544677734,-73.9719467163086,POINT (-73.9719467163086 40.601314544677734)
B,Completely Locked,06/23/2020 10:01:04 AM,B430,B430,,Active,Yes,Level 4: Accessible Playgrounds with Transfer Platforms and Ground Level Play Features,Willoughby Ave. between Lewis Ave. and Marcus Garvey Blvd.,Lewis Playground,Adults Allowed,B430-CPA-0001,03/31/2020,06/22/2020,303,B-03,40.695457458496094,-73.93791198730469,POINT (-73.93791198730469 40.695457458496094)
M,Partially Locked,06/22/2020 05:24:24 PM,M187,M187,,,,,"2 Ave., E. 96 St. to E. 97 St.",Marx Brothers Playground,,,03/31/2020,06/21/2020,111,M-11,40.78433609008789,-73.9461669921875,POINT (-73.9461669921875 40.78433609008789)
Q,Completely Locked,06/22/2020 10:20:18 AM,Q300,Q300-05,,Active,Yes,Level 4: Accessible Playgrounds with Transfer Platforms and Ground Level Play Features,Colden & Juniper Sts,Rachel Carson Playground,Unknown,Q300-CPA-0004,03/31/2020,06/22/2020,407,Q-07,40.74924087524414,-73.82201385498047,POINT (-73.82201385498047 40.74924087524414)
R,Completely Locked,06/22/2020 04:56:22 PM,R015,R015,,Active,No,Not Applicable,"Delafield Pl., Bard Ave., and Davis Ave.",Walker Park,Adults not allowed in some locations,R015-CPA-0001,03/31/2020,06/22/2020,501,R-01,40.64366912841797,-74.1104507446289,POINT (-74.1104507446289 40.64366912841797)
M,Completely Locked,06/22/2020 01:09:00 PM,M215,M215,,Active,Yes,Level 4: Accessible Playgrounds with Transfer Platforms and Ground Level Play Features,"99 St. To 100 St., 3 Ave.",Cherry Tree Park,Adults Allowed,M215-CPA-0001,03/31/2020,06/21/2020,111,M-11,40.787227630615234,-73.94747924804688,POINT (-73.94747924804688 40.787227630615234)
M,Completely Locked,06/22/2020 11:10:37 AM,M010,M010-195,,Active,Yes,Level 1: Playgrounds for All Children,100 St & 5th Ave,Bendheim Plgd,Unknown,M010-CPA-0016,03/31/2020,06/21/2020,164,M-13,40.790348052978516,-73.95446014404297,POINT (-73.95446014404297 40.790348052978516)
M,Completely Locked,06/29/2020 12:01:29 PM,M200A,M200A,,Active,Yes,Level 4: Accessible Playgrounds with Transfer Platforms and Ground Level Play Features,"W. 108 St. to W. 109 St., Columbus Ave. and Amsterdam Ave.",Anibal Aviles Playground,Adults not allowed in some locations,M200A-CPA-0001,03/31/2020,06/29/2020,107,M-07,40.801185607910156,-73.96286010742188,POINT (-73.96286010742188 40.801185607910156)
X,Completely Locked,06/22/2020 10:03:12 AM,X014,X014,,Active,Yes,Level 4: Accessible Playgrounds with Transfer Platforms and Ground Level Play Features,E. 165 St. and Rogers Pl.,Horseshoe Playground,Adults Allowed,X014-CPA-0001,03/31/2020,06/21/2020,202,X-02,40.824066162109375,-73.897705078125,POINT (-73.897705078125 40.824066162109375)
M,Partially Locked,06/22/2020 12:58:48 PM,M141,M141,,Active,No,Not Applicable,"Harlem River Dr., W. 151 St. To W. 154 St.",Harlem Lane Playground,Adults not allowed in some locations,M141-CPA-0001,03/31/2020,06/21/2020,110,M-10,40.825096130371094,-73.9347152709961,POINT (-73.9347152709961 40.825096130371094)
B,Completely Locked,06/22/2020 01:44:50 PM,B057,B057-04,,Active,Yes,Level 4: Accessible Playgrounds with Transfer Platforms and Ground Level Play Features,S/O Ave U & E 38 St,Lenape Playground,Unknown,B057-CPA-0002,03/31/2020,06/22/2020,318,B-18,40.60630416870117,-73.92633819580078,POINT (-73.92633819580078 40.60630416870117)
X,Completely Locked,06/22/2020 10:32:41 AM,X197,X197,,Active,No,Not Applicable,Mosholu Parkway South bet. Bainbridge Ave. and Briggs Ave.,Mosholu Playground,Adults Allowed,X197-CPA-0001,03/31/2020,06/21/2020,207,X-07,40.8727912902832,-73.88296508789062,POINT (-73.88296508789062 40.8727912902832)
X,Completely Locked,06/22/2020 10:54:45 AM,X176,X176,,Active,Yes,Level 4: Accessible Playgrounds with Transfer Platforms and Ground Level Play Features,Guerlain St. bet. Taylor Ave. and Thieriot Ave.,Taylor Playground,Adults Allowed,X176-CPA-0001,03/31/2020,06/21/2020,209,X-09,40.83906173706055,-73.86621856689453,POINT (-73.86621856689453 40.83906173706055)
X,Completely Locked,06/22/2020 01:11:56 PM,X208,X208,,,,,,Haviland Playground,,,03/31/2020,06/21/2020,209,X-09,40.829044342041016,-73.8586196899414,POINT (-73.8586196899414 40.829044342041016)
X,Completely Locked,06/22/2020 10:35:54 AM,X020,X020,,Active,No,Not Applicable,Jerome Park Resevoir and Sedgwick Av bet. W,Fort Independence Playground,Adults Allowed,X020-CPA-0001,03/31/2020,06/21/2020,208,X-08,40.88164520263672,-73.89603424072266,POINT (-73.89603424072266 40.88164520263672)
B,Completely Locked,06/22/2020 01:33:06 PM,B342,B342,,Active,Yes,Level 4: Accessible Playgrounds with Transfer Platforms and Ground Level Play Features,Glenwood Rd. between E. 100 St. and E. 101 St.,100% Playground,Adults Allowed,B342-CPA-0001,03/31/2020,06/22/2020,318,B-18,40.64681625366211,-73.89938354492188,POINT (-73.89938354492188 40.64681625366211)
B,Completely Locked,06/22/2020 01:09:47 PM,B219,B219,,Active,No,Not Applicable,"Fulton St., Truxton St., bet. Eastern Pkwy. and Van Sinderen Ave.",Callahan-Kelly Playground,Adults Allowed,B219-CPA-0001,03/31/2020,06/21/2020,316,B-16,40.678314208984375,-73.90653991699219,POINT (-73.90653991699219 40.678314208984375)
B,Partially Locked,06/22/2020 03:16:36 PM,B055,B055,,Active,Yes,Level 3: Accessible Playgrounds with Universally Accessible Swings,Lorimer St. bet. Montrose Ave. and Boerum St.,Sternberg Park,Adults not allowed in some locations,B055-CPA-0001,03/31/2020,06/21/2020,301,B-01,40.70583724975586,-73.94681549072266,POINT (-73.94681549072266 40.70583724975586)
B,Completely Locked,06/23/2020 10:09:07 AM,B073,B073-10,,Active,Yes,Level 3: Accessible Playgrounds with Universally Accessible Swings,Lincoln Rd & Ocean Ave,Lincoln Rd Plgd,Unknown,B073-CPA-0005,03/31/2020,06/22/2020,355,B-19,40.660831451416016,-73.9634017944336,POINT (-73.9634017944336 40.660831451416016)
X,Completely Locked,06/22/2020 10:19:06 AM,X010A,X010A-01,,Active,Yes,Level 2: Accessible Playgrounds with Ramped Play Equipment and Universally Accessible Swings,E Tremont & Arthur Aves,Tremont Plgd (1),Adults Allowed,X010A-CPA-0001,03/31/2020,06/21/2020,206,X-06,40.84612274169922,-73.89373016357422,POINT (-73.89373016357422 40.84612274169922)
M,Completely Locked,06/19/2020 10:06:33 AM,M124,M124,,Active,Yes,Level 2: Accessible Playgrounds with Ramped Play Equipment and Universally Accessible Swings,"Houston St., E. 1 St., 1 Ave.",First Park,Adults Allowed,M124-CPA-0001,03/31/2020,06/19/2020,103,M-03,40.72333908081055,-73.98914337158203,POINT (-73.98914337158203 40.72333908081055)
X,Completely Locked,06/22/2020 11:18:28 AM,X039,X039-06K,,Active,Yes,Level 3: Accessible Playgrounds with Universally Accessible Swings,Orchard Beach  Section 6-7,Pelican Bay Plgd,Unknown,X039-CPA-0003,03/31/2020,06/21/2020,228,X-15A,40.868038177490234,-73.79344940185547,POINT (-73.79344940185547 40.868038177490234)
B,Completely Locked,06/22/2020 01:13:30 PM,B250,B250,,Active,Yes,Level 4: Accessible Playgrounds with Transfer Platforms and Ground Level Play Features,Nostrand Ave. between Foster Ave. and Farragut Pl.,Nostrand Playground,Adults not allowed in some locations,B250-CPA-0001,03/31/2020,06/22/2020,317,B-17,40.63840103149414,-73.94783020019531,POINT (-73.94783020019531 40.63840103149414)
B,Completely Locked,06/22/2020 03:45:07 PM,B239,B239,,Active,Yes,Level 2: Accessible Playgrounds with Ramped Play Equipment and Universally Accessible Swings,Ave. Z between Nostrand Ave. and E. 29 St.,Sheepshead Playground,Adults Allowed,B239-CPA-0001,03/31/2020,06/22/2020,315,B-15,40.588951110839844,-73.94004821777344,POINT (-73.94004821777344 40.588951110839844)
B,Completely Locked,06/22/2020 03:28:45 PM,B028,B028-03,,Active,Yes,Level 4: Accessible Playgrounds with Transfer Platforms and Ground Level Play Features,14 Ave & 86 St,Dyker Plgd,Unknown,B028-CPA-0002,03/31/2020,06/22/2020,310,B-10,40.612850189208984,-74.01271057128906,POINT (-74.01271057128906 40.612850189208984)
M,Partially Locked,06/22/2020 12:37:15 PM,M186,M186,,Active,No,Not Applicable,"W. 145 St. to W. 143 St., Lenox Ave., and Harlem River",Col. Young Playground,Adults Allowed,M186-CPA-0001,03/31/2020,06/21/2020,110,M-10,40.81941223144531,-73.93641662597656,POINT (-73.93641662597656 40.81941223144531)
R,Not Lockable,06/22/2020 02:57:29 PM,R089,R089,,Active,Yes,Level 2: Accessible Playgrounds with Ramped Play Equipment and Universally Accessible Swings,Greencroft Ave. bet. Ainsworth Ave. and Redgrave Ave.,Greencroft Playground,Adults Allowed,R089-CPA-0001,03/31/2020,06/22/2020,503,R-03,40.55211639404297,-74.13613891601562,POINT (-74.13613891601562 40.55211639404297)
X,Not Lockable,06/22/2020 10:41:23 AM,X055,X055,,Active,No,Not Applicable,"Manhattan College Pkwy, Dash Pl, Greysto",Brust Park,Adults not allowed in some locations,X055-CPA-0001,03/31/2020,06/21/2020,208,X-08,40.88994216918945,-73.90513610839844,POINT (-73.90513610839844 40.88994216918945)
B,Not Lockable,06/22/2020 03:35:50 PM,B357,B357,,Active,No,Not Applicable,Montgomery St. between Franklin Ave. and McKeever Pl.,Jackie Robinson Playground,Adults Allowed,B357-CPA-0001,03/31/2020,06/22/2020,309,B-09,40.66596603393555,-73.95905303955078,POINT (-73.95905303955078 40.66596603393555)
X,Not Lockable,06/22/2020 11:17:10 AM,X046,X046-01,,Active,Yes,Level 4: Accessible Playgrounds with Transfer Platforms and Ground Level Play Features,"233 St, Dereimer St & Baychester Ave",High Rock Plgd,Adults not allowed in some locations,X046-CPA-0001,03/31/2020,06/21/2020,212,X-12,40.888389587402344,-73.84085845947266,POINT (-73.84085845947266 40.888389587402344)
M,Completely Locked,06/22/2020 03:30:09 PM,M072,M072-01,,Active,Yes,Level 4: Accessible Playgrounds with Transfer Platforms and Ground Level Play Features,W 142 St & Riverside Dr,Riverbank Plgd,Unknown,M072-CPA-0001,03/31/2020,06/21/2020,109,M-14,40.825721740722656,-73.95378112792969,POINT (-73.95378112792969 40.825721740722656)
Q,Partially Locked,06/22/2020 01:11:37 PM,Q221,Q221,,Active,Yes,Level 4: Accessible Playgrounds with Transfer Platforms and Ground Level Play Features,73 Ave. bet. 195 St. and 196 Pl.,Farm Playground,Adults Allowed,Q221-CPA-0002,03/31/2020,06/21/2020,408,Q-08,40.73629379272461,-73.77762603759766,POINT (-73.77762603759766 40.73629379272461)
Q,Completely Locked,06/22/2020 06:30:28 PM,Q444,Q444,,Active,Yes,Level 2: Accessible Playgrounds with Ramped Play Equipment and Universally Accessible Swings,38 St. bet. 31 Ave. and Broadway,Sean's Place,Adults Allowed,Q444-CPA-0001,03/31/2020,06/22/2020,401,Q-01,40.76059341430664,-73.91846466064453,POINT (-73.91846466064453 40.76059341430664)
Q,Completely Locked,06/22/2020 04:27:43 PM,Q104,Q104-01,,Active,No,Not Applicable,"Vernon Blvd, 40 & 41 Aves",Vernon Playground,Adults not allowed in some locations,Q104-CPA-0001,03/31/2020,06/22/2020,401,Q-01,40.75708770751953,-73.94696044921875,POINT (-73.94696044921875 40.75708770751953)
M,Completely Locked,06/22/2020 11:12:31 AM,M010,M010-059,,Active,Yes,Level 2: Accessible Playgrounds with Ramped Play Equipment and Universally Accessible Swings,72 St & East Green,East 72nd St Plgd,Unknown,M010-CPA-0003,03/31/2020,06/21/2020,164,M-13,40.772037506103516,-73.96788024902344,POINT (-73.96788024902344 40.772037506103516)
B,Completely Locked,06/22/2020 12:38:34 PM,B270,B270,,Active,Yes,Level 4: Accessible Playgrounds with Transfer Platforms and Ground Level Play Features,"Hegeman Ave., Linden Blvd. bet. Powell St. and Mother Gaston Blvd.",Brownsville Playground,Adults Allowed,B270-CPA-0001,03/31/2020,06/20/2020,316,B-16,40.65665817260742,-73.90154266357422,POINT (-73.90154266357422 40.65665817260742)
M,Completely Locked,06/19/2020 10:04:49 AM,M019,M019,,Active,No,Not Applicable,"Cherry St, Pike St, Monroe St",Coleman Playground,Adults Allowed,M019-CPA-0001,03/31/2020,06/19/2020,103,M-03,40.71086120605469,-73.9937744140625,POINT (-73.9937744140625 40.71086120605469)
B,Completely Locked,06/22/2020 03:10:40 PM,B154,B154,,Active,No,Not Applicable,S. 3 St. bet. Berry St. and Bedford Ave.,Berry Playground,Adults Allowed,B154-CPA-0001,03/31/2020,06/21/2020,301,B-01,40.71261215209961,-73.96344757080078,POINT (-73.96344757080078 40.71261215209961)
B,Completely Locked,06/22/2020 03:23:12 PM,B310,B310,,Active,Yes,Level 3: Accessible Playgrounds with Universally Accessible Swings,Flushing Ave. bet.. Beaver St. and Garden St.,Bushwick Playground,Adults Allowed,B310-CPA-0001,03/31/2020,06/21/2020,301,B-01,40.70163345336914,-73.93914031982422,POINT (-73.93914031982422 40.70163345336914)
B,Completely Locked,06/23/2020 10:01:04 AM,B313,B313,,Active,Yes,Level 4: Accessible Playgrounds with Transfer Platforms and Ground Level Play Features,Macdonough St. between Malcolm X Blvd. and Stuyvesant Ave.,El Shabazz Playground,Adults Allowed,B313-CPA-0001,03/31/2020,06/22/2020,303,B-03,40.682857513427734,-73.93085479736328,POINT (-73.93085479736328 40.682857513427734)
B,Completely Locked,06/22/2020 03:35:31 PM,B012,B012-03,,Active,Yes,Level 2: Accessible Playgrounds with Ramped Play Equipment and Universally Accessible Swings,Brooklyn Ave & Prospect Pl,Brower Park,Adults Allowed,B012-CPA-0002,03/31/2020,06/22/2020,308,B-08,40.674163818359375,-73.94319152832031,POINT (-73.94319152832031 40.674163818359375)
B,Completely Locked,06/22/2020 12:39:48 PM,B396,B396,,Active,Yes,Level 2: Accessible Playgrounds with Ramped Play Equipment and Universally Accessible Swings,"Watkins St., Mother Gaston Blvd., Livonia Ave., Riverdale Ave.",Nehemiah Park,Adults Allowed,B396-CPA-0001,03/31/2020,06/20/2020,316,B-16,40.661895751953125,-73.9056167602539,POINT (-73.9056167602539 40.661895751953125)
B,Completely Locked,06/22/2020 03:45:07 PM,B197,B197,,Active,Yes,Level 4: Accessible Playgrounds with Transfer Platforms and Ground Level Play Features,Avenue V bet. E. 13 St. and E. 14 St.,Mellett Playground,Adults Allowed,B197-CPA-0001,03/31/2020,06/22/2020,315,B-15,40.59725570678711,-73.95733642578125,POINT (-73.95733642578125 40.59725570678711)
X,Completely Locked,06/22/2020 10:41:43 AM,X152,X152,,Active,Yes,Level 4: Accessible Playgrounds with Transfer Platforms and Ground Level Play Features,W. 254 St. bet. Riverdale Ave. and Mosholu Ave.,Vinmont Veteran Park,Adults Allowed,X152-CPA-0001,03/31/2020,06/21/2020,208,X-08,40.902061462402344,-73.90484619140625,POINT (-73.90484619140625 40.902061462402344)
R,Completely Locked,06/22/2020 04:49:43 PM,R123,R123,,Active,Yes,Level 4: Accessible Playgrounds with Transfer Platforms and Ground Level Play Features,Arnold St. to Prospect Ave. bet. Harvard Ave and Clyde Pl.,Skyline Playground,Adults not allowed in some locations,R123-CPA-0001,03/31/2020,06/22/2020,501,R-01,40.639122009277344,-74.08979797363281,POINT (-74.08979797363281 40.639122009277344)
Q,Partially Locked,06/19/2020 08:11:05 AM,Q008,Q008-01,,,,,,Brookville Playground,,,03/31/2020,06/19/2020,413,Q-13,40.663169860839844,-73.74147033691406,POINT (-73.74147033691406 40.663169860839844)
M,Partially Locked,06/22/2020 03:14:53 PM,M038,M038,,Active,Yes,Level 4: Accessible Playgrounds with Transfer Platforms and Ground Level Play Features,"Hudson St, St Luke's Pl, Clarkson St, 7 Av",James J Walker Park,Adults not allowed in some locations,M038-CPA-0001,03/31/2020,06/21/2020,102,M-02,40.72996139526367,-74.00578308105469,POINT (-74.00578308105469 40.72996139526367)
Q,Partially Locked,06/21/2020 12:55:58 PM,Q009,Q009-01,,Active,Yes,Level 4: Accessible Playgrounds with Transfer Platforms and Ground Level Play Features,"Poppenhusen Ave, opp 119 St",MacNeil Playground,Unknown,Q009-CPA-0001,03/31/2020,06/21/2020,407,Q-07,40.793338775634766,-73.85112762451172,POINT (-73.85112762451172 40.793338775634766)
B,Completely Locked,06/22/2020 04:17:56 PM,B349,B349,,Active,No,Not Applicable,Bath Ave. between 24 Ave. and Bay 37 St.,Bath Playground,Adults Allowed,B349-CPA-0001,03/31/2020,06/22/2020,311,B-11,40.59530258178711,-73.99312591552734,POINT (-73.99312591552734 40.59530258178711)
M,Completely Locked,06/19/2020 01:02:21 PM,M065,M065,,Active,Yes,Level 2: Accessible Playgrounds with Ramped Play Equipment and Universally Accessible Swings,"Columbia St, Delancey St and Bialystoker Pl",Luther Gulick Park,Adults not allowed in some locations,M065-CPA-0001,03/31/2020,,103,M-03,40.71573257446289,-73.98139953613281,POINT (-73.98139953613281 40.71573257446289)
B,Completely Locked,06/22/2020 03:35:50 PM,B121,B121,,Active,Yes,Level 2: Accessible Playgrounds with Ramped Play Equipment and Universally Accessible Swings,Sullican Pl. bet. Rogers Ave. and Nostrand Ave.,Dodger Playground,Adults not allowed in some locations,B121-CPA-0001,03/31/2020,06/22/2020,309,B-09,40.664981842041016,-73.9523696899414,POINT (-73.9523696899414 40.664981842041016)
X,Not Lockable,06/22/2020 10:52:39 AM,X002,X002-04,,Active,Yes,Level 4: Accessible Playgrounds with Transfer Platforms and Ground Level Play Features,"Lydig Ave, Bronx Pk E",Ben Abrams Playground,Adults Allowed,X002-CPA-0001,03/31/2020,06/21/2020,227,X-14,40.854488372802734,-73.87016296386719,POINT (-73.87016296386719 40.854488372802734)
B,Partially Locked,06/22/2020 03:35:50 PM,B254,B254,,Active,No,Not Applicable,"Winthrop St., Brooklyn Ave., Rutland Rd.",Wingate Park,Adults not allowed in some locations,B254-CPA-0001,03/31/2020,06/22/2020,309,B-09,40.65939712524414,-73.94497680664062,POINT (-73.94497680664062 40.65939712524414)
M,Completely Locked,06/22/2020 10:48:08 AM,M205,M205,,Active,Yes,Level 1: Playgrounds for All Children,"Morningside Ave., W. 123 St. and W. 124 St.",Playground One Twenty Five CXXV,Adults Allowed,M205-CPA-0001,03/31/2020,06/21/2020,109,M-09,40.8109245300293,-73.9556655883789,POINT (-73.9556655883789 40.8109245300293)
B,Not Lockable,06/22/2020 03:35:31 PM,BT16,BT16,,,,,,St. Mark's Playground,,,03/31/2020,06/22/2020,308,B-08,40.67467498779297,-73.940185546875,POINT (-73.940185546875 40.67467498779297)
M,Completely Locked,06/22/2020 11:04:53 AM,M264,M264,,Active,Yes,Level 2: Accessible Playgrounds with Ramped Play Equipment and Universally Accessible Swings,"W. 89 St., Amsterdam Ave. and Columbus Ave.",Playground Eighty Nine LXXXIX,Adults not allowed in some locations,M264-CPA-0001,03/31/2020,06/21/2020,107,M-07,40.7885627746582,-73.97177124023438,POINT (-73.97177124023438 40.7885627746582)
R,Completely Locked,06/22/2020 05:03:39 PM,R135,R135-01,,Active,No,Not Applicable,"Armstrong Ave, Tennyson Dr",Crescent Beach Tot Lot,Unknown,R135-CPA-0001,03/31/2020,,503,R-03,40.53581237792969,-74.14672088623047,POINT (-74.14672088623047 40.53581237792969)
Q,Completely Locked,06/22/2020 01:08:28 PM,Q354,Q354,,Active,Yes,Level 4: Accessible Playgrounds with Transfer Platforms and Ground Level Play Features,160 St. bet. 75 Ave. and 75 Rd.,Playground Seventy Five,Adults Allowed,Q354-CPA-0001,03/31/2020,06/21/2020,408,Q-08,40.726417541503906,-73.80835723876953,POINT (-73.80835723876953 40.726417541503906)
Q,Completely Locked,06/21/2020 11:14:48 AM,Q020,Q020-01,,Active,No,Not Applicable,Jamaica Ave & Elton St,Lower Highland Playground,Unknown,Q020-CPA-0001,03/31/2020,06/21/2020,305,Q-05A,40.68406677246094,-73.88558959960938,POINT (-73.88558959960938 40.68406677246094)
B,Completely Locked,06/22/2020 03:01:47 PM,B346,B346,,,,,Manhattan Ave. and Leonard St.,Ericsson Playground,,,03/31/2020,06/21/2020,301,B-01,40.720523834228516,-73.94843292236328,POINT (-73.94843292236328 40.720523834228516)
X,Partially Locked,06/22/2020 09:54:46 AM,X194,X194,,Active,Yes,Level 4: Accessible Playgrounds with Transfer Platforms and Ground Level Play Features,E 156 St bet. Jackson Av and Forest Av,Captain Rivera Playground,Adults Allowed,X194-CPA-0001,03/31/2020,06/21/2020,201,X-01,40.818138122558594,-73.90702056884766,POINT (-73.90702056884766 40.818138122558594)
Q,Partially Locked,06/23/2020 11:11:01 AM,Q322,Q322,,Active,Yes,Level 2: Accessible Playgrounds with Ramped Play Equipment and Universally Accessible Swings,Hillside Ave. bet. 207 St. and 208 St.,Bellaire Playground,Adults Allowed,Q322-CPA-0001,03/31/2020,06/23/2020,413,Q-13,40.721656799316406,-73.75813293457031,POINT (-73.75813293457031 40.721656799316406)
Q,Completely Locked,06/23/2020 10:55:47 AM,Q099,Q099-20,,Active,No,Not Applicable,Park Dr East & 73 Terrace,Albert H. Mauro Playground,Unknown,Q099-CPA-0006,03/31/2020,06/23/2020,408,Q-15,40.72260284423828,-73.82697296142578,POINT (-73.82697296142578 40.72260284423828)
Q,Partially Locked,06/19/2020 01:56:40 PM,Q391,Q391,,Active,No,Not Applicable,164 Pl. bet. Grand Central Pkwy. Sr. Rd. S. and 84 Ave.,Joseph Austin Playground,Adults Allowed,Q391-CPA-0001,03/31/2020,06/19/2020,408,Q-08,40.71551513671875,-73.80138397216797,POINT (-73.80138397216797 40.71551513671875)
Q,Completely Locked,06/21/2020 06:41:49 PM,Q423,Q423,,Active,Yes,Level 4: Accessible Playgrounds with Transfer Platforms and Ground Level Play Features,59 Dr. bet. Fresh Pond Rd. and 63 St.,Reiff Playground,Adults Allowed,Q423-CPA-0001,03/31/2020,06/21/2020,405,Q-05,40.71903991699219,-73.9017562866211,POINT (-73.9017562866211 40.71903991699219)
X,Completely Locked,06/22/2020 11:09:09 AM,X183,X183,,Active,Yes,Level 4: Accessible Playgrounds with Transfer Platforms and Ground Level Play Features,Brinsmade Ave. bet. Cross Bronx Ser. Rd. and Swinton Ave.,Bruckner Playground,Unknown,X183-CPA-0001,03/31/2020,06/21/2020,210,X-10,40.826988220214844,-73.82841491699219,POINT (-73.82841491699219 40.826988220214844)
B,Completely Locked,06/22/2020 03:18:39 PM,B142,B142,,Active,Yes,Level 2: Accessible Playgrounds with Ramped Play Equipment and Universally Accessible Swings,Bedford Ave. bet. S. 9 St. and Division Ave.,Bedford Playground,Adults Allowed,B142-CPA-0001,03/31/2020,06/21/2020,301,B-01,40.708099365234375,-73.96401977539062,POINT (-73.96401977539062 40.708099365234375)
R,Completely Locked,06/23/2020 10:35:26 AM,R110,R110,,Active,Yes,Level 4: Accessible Playgrounds with Transfer Platforms and Ground Level Play Features,Hylan Blvd. bet. Joline Ave. and Sprague Ave.,Tottenville Pool,Adults not allowed in some locations,R110-CPA-0001,03/31/2020,06/22/2020,503,R-03,40.50566864013672,-74.23587799072266,POINT (-74.23587799072266 40.50566864013672)
B,Completely Locked,06/22/2020 01:14:03 PM,B375,B375,,Active,No,Not Applicable,Farragut Rd. between E. 45 St. and E. 46 St.,Chiarantano Playground,Adults not allowed in some locations,B375-CPA-0001,03/31/2020,06/22/2020,317,B-17,40.6368293762207,-73.93334197998047,POINT (-73.93334197998047 40.6368293762207)
X,Completely Locked,06/22/2020 09:53:57 AM,X112,X112,,Active,Yes,Level 3: Accessible Playgrounds with Universally Accessible Swings,Cauldwell Ave bet. E. 161 St  and E. 163 St.,Hilton White Playground,Adults Allowed,X112-CPA-0001,03/31/2020,06/21/2020,203,X-03,40.822792053222656,-73.90738677978516,POINT (-73.90738677978516 40.822792053222656)
M,Completely Locked,06/22/2020 03:44:27 PM,M159,M159,,Active,Yes,Level 4: Accessible Playgrounds with Transfer Platforms and Ground Level Play Features,7 Ave. bet. W. 150 St. and W. 151 St.,Frederick Johnson Playground,Adults Allowed,M159-CPA-0001,03/31/2020,,110,M-10,40.82488250732422,-73.93616485595703,POINT (-73.93616485595703 40.82488250732422)
M,Completely Locked,06/22/2020 05:20:33 PM,M108Q,M108Q,,Active,Yes,Level 4: Accessible Playgrounds with Transfer Platforms and Ground Level Play Features,"FDR Dr., E. 60 St. To E. 61 St. and York Ave.",Twenty-Four Sycamores Park,Adults Allowed,M108Q-CPA-0001,03/31/2020,06/21/2020,108,M-08,40.759403228759766,-73.95880889892578,POINT (-73.95880889892578 40.759403228759766)
Q,Completely Locked,06/21/2020 06:57:14 PM,Q304,Q304,,Active,Yes,Level 3: Accessible Playgrounds with Universally Accessible Swings,Austin St. bet. 76 Ave. and 76 Dr.,Ehrenreich-Austin Playground,Adults Allowed,Q304-CPA-0001,03/31/2020,06/21/2020,406,Q-06,40.71583557128906,-73.8372802734375,POINT (-73.8372802734375 40.71583557128906)
X,Not Lockable,06/22/2020 10:00:01 AM,X029,X029,,Active,Yes,Level 4: Accessible Playgrounds with Transfer Platforms and Ground Level Play Features,Aldus St to Bruckner Blvd bet. Bryant Av and Longfellow Av,Lyons Square Playground,Adults Allowed,X029-CPA-0001,03/31/2020,06/21/2020,202,X-02,40.82251739501953,-73.88815307617188,POINT (-73.88815307617188 40.82251739501953)
Q,Completely Locked,06/22/2020 04:28:49 PM,Q436,Q436,,Active,Yes,Level 4: Accessible Playgrounds with Transfer Platforms and Ground Level Play Features,30 Ave. bet. 29 St. and 30 St.,Athens Square,Adults Allowed,Q436-CPA-0001,03/31/2020,06/22/2020,401,Q-01,40.76778030395508,-73.92276000976562,POINT (-73.92276000976562 40.76778030395508)
Q,Partially Locked,06/21/2020 10:11:32 AM,Q458,Q458-01,,Active,Yes,Not Applicable,"Murray Ave, Jarman Rd, Sylvester Ln, Abbot Rd",Fort Totten Playground,Unknown,Q458-CPA-0001,03/31/2020,06/21/2020,407,Q-07A,40.7940559387207,-73.77800750732422,POINT (-73.77800750732422 40.7940559387207)
X,Completely Locked,06/22/2020 11:14:05 AM,X232,X232,,Active,Yes,Level 3: Accessible Playgrounds with Universally Accessible Swings,Mace Ave. bet. Lodovick Ave. and Gunther Ave.,Burns Playground,Adults Allowed,X232-CPA-0001,03/31/2020,06/21/2020,211,X-11,40.8629264831543,-73.83655548095703,POINT (-73.83655548095703 40.8629264831543)
M,Completely Locked,06/22/2020 03:50:05 PM,M240,M240,,Active,Yes,Level 4: Accessible Playgrounds with Transfer Platforms and Ground Level Play Features,"Audubon Ave., W. 169 St. and W. 170 St.",Audubon Playground,Adults Allowed,M240-CPA-0001,03/31/2020,,112,M-12A,40.841732025146484,-73.9381332397461,POINT (-73.9381332397461 40.841732025146484)
M,Completely Locked,06/22/2020 11:43:48 AM,M029,M029-01,,Active,Yes,Level 4: Accessible Playgrounds with Transfer Platforms and Ground Level Play Features,"M C Plaza, Ft Washington Ave",Jacob Javits Plgd,Adults Allowed,M029-CPA-0001,03/31/2020,06/21/2020,112,M-12,40.858821868896484,-73.93461608886719,POINT (-73.93461608886719 40.858821868896484)
Q,Partially Locked,06/21/2020 03:03:32 PM,Q127,Q127,,Active,No,Not Applicable,"157 St., 155 St. bet. 108 Ave. and 109 Ave.",Marconi Park,Adults not allowed in some locations,Q127-CPA-0001,03/31/2020,06/21/2020,412,Q-12,40.693172454833984,-73.79585266113281,POINT (-73.79585266113281 40.693172454833984)
M,Completely Locked,06/19/2020 10:03:08 AM,M194,M194,,Active,No,Not Applicable,"Catherine Slip, Madison St. and South St.",Alfred E. Smith Playground,Adults Allowed,M194-CPA-0001,03/31/2020,06/19/2020,103,M-03,40.71117401123047,-73.99713897705078,POINT (-73.99713897705078 40.71117401123047)
X,Completely Locked,06/22/2020 09:36:33 AM,X045,X045-02,,Active,No,Not Applicable,St Marys St & Crimmins Ave,St Mary's Plgd South,Adults not allowed in some locations,X045-CPA-0002,03/31/2020,06/21/2020,201,X-01,40.810386657714844,-73.91390228271484,POINT (-73.91390228271484 40.810386657714844)
Q,Completely Locked,06/21/2020 01:07:46 PM,Q211,Q211,,Active,Yes,Level 4: Accessible Playgrounds with Transfer Platforms and Ground Level Play Features,Kissena Blvd. bet. Maple Ave. and Franklin Ave.,Maple Playground,Adults Allowed,Q211-CPA-0001,03/31/2020,06/21/2020,407,Q-07,40.755977630615234,-73.82626342773438,POINT (-73.82626342773438 40.755977630615234)
X,Completely Locked,06/22/2020 10:06:59 AM,X299,X299,,Active,No,Not Applicable,Claremont Pkwy bet. Park Av and Washington Av,Little Claremont Playground,Adults Allowed,X299-CPA-0001,03/31/2020,06/21/2020,203,X-03,40.838890075683594,-73.90380096435547,POINT (-73.90380096435547 40.838890075683594)
Q,Completely Locked,06/23/2020 09:26:36 AM,Q026,Q026,,Active,Yes,Level 3: Accessible Playgrounds with Universally Accessible Swings,"41 Ave., 42 Ave. bet. 103 St. and 104 St.",Park Of The Americas,Unknown,Q026-CPA-0001,03/31/2020,,404,Q-04,40.74882888793945,-73.86212158203125,POINT (-73.86212158203125 40.74882888793945)
Q,Completely Locked,06/21/2020 06:55:59 PM,Q335,Q335,,Active,Yes,Level 4: Accessible Playgrounds with Transfer Platforms and Ground Level Play Features,Booth St. bet. 68 Ave. and 68 Dr.,Russell Sage Playground,Adults Allowed,Q335-CPA-0001,03/31/2020,06/21/2020,406,Q-06,40.72414016723633,-73.85157012939453,POINT (-73.85157012939453 40.72414016723633)
M,Completely Locked,06/19/2020 10:12:12 AM,M235,M235,,Active,Yes,Level 2: Accessible Playgrounds with Ramped Play Equipment and Universally Accessible Swings,"E. Broadway, Henry St., Gouverneur St.",Sol Lain Plgd,Adults not allowed in some locations,M235-CPA-0001,03/31/2020,06/19/2020,103,M-03,40.71412658691406,-73.98413848876953,POINT (-73.98413848876953 40.71412658691406)
X,Completely Locked,06/22/2020 10:16:56 AM,X148D1,X148D1,,Active,No,Not Applicable,N/s Cross Bronx Exwy bet. Morris Av and Grand Concourse,Morris Mesa,Adults not allowed in some locations,X148D1-CPA-0001,03/31/2020,06/21/2020,205,X-05,40.84530258178711,-73.90957641601562,POINT (-73.90957641601562 40.84530258178711)
X,Completely Locked,06/22/2020 10:29:17 AM,X244,X244,,Active,No,Not Applicable,W. 181 St. bet. Grand Ave. and Davidson,Grand Playground,Adults not allowed in some locations,X244-CPA-0001,03/31/2020,06/21/2020,205,X-05,40.85584259033203,-73.90729522705078,POINT (-73.90729522705078 40.85584259033203)
Q,Partially Locked,06/21/2020 03:03:32 PM,Q427,Q427,,Active,Yes,Level 3: Accessible Playgrounds with Universally Accessible Swings,134 Rd. and 173 St.,South Rochdale Playground,Adults Allowed,Q427-CPA-0001,03/31/2020,06/21/2020,412,Q-12,40.67404556274414,-73.7689208984375,POINT (-73.7689208984375 40.67404556274414)
X,Not Lockable,06/22/2020 10:10:16 AM,X010,X010-05,,Active,Yes,Level 2: Accessible Playgrounds with Ramped Play Equipment and Universally Accessible Swings,"Crotona Pk E, E 173 St",Hill & Dale Playground,Adults Allowed,X010-CPA-0004,03/31/2020,06/21/2020,203,X-03,40.83735656738281,-73.8906478881836,POINT (-73.8906478881836 40.83735656738281)
B,Completely Locked,06/22/2020 03:45:07 PM,B209,B209,,Active,Yes,Level 3: Accessible Playgrounds with Universally Accessible Swings,"Bedford Ave., Gravesend Neck Rd., Ave. V, E. 24 St.",Galapo Playground,Adults Allowed,B209-CPA-0001,03/31/2020,06/22/2020,315,B-15,40.59797668457031,-73.94676971435547,POINT (-73.94676971435547 40.59797668457031)
B,Completely Locked,06/23/2020 10:09:07 AM,B073,B073-09,,Active,Yes,Level 2: Accessible Playgrounds with Ramped Play Equipment and Universally Accessible Swings,Ocean Ave & E Lake Dr,Imagination Plgd,Unknown,B073-CPA-0004,03/31/2020,06/22/2020,355,B-19,40.65861129760742,-73.96296691894531,POINT (-73.96296691894531 40.65861129760742)
B,Completely Locked,06/22/2020 04:19:50 PM,B095,B095,,Active,No,Not Applicable,"11 St., 12 St. bet. 2 Ave. and 3 Ave.",Ennis Playground,Adults Allowed,B095-CPA-0001,03/31/2020,06/22/2020,306,B-06,40.67073440551758,-73.99357604980469,POINT (-73.99357604980469 40.67073440551758)
X,Completely Locked,06/22/2020 10:20:30 AM,X148H1,X148H1,,,,,Fairmount Pl bet. Clinton Av and Prospect Av,Prospect Playground,,,03/31/2020,06/21/2020,206,X-06,40.84325408935547,-73.89073181152344,POINT (-73.89073181152344 40.84325408935547)
B,Completely Locked,06/22/2020 01:06:12 PM,B260,B260,,Active,Yes,Level 4: Accessible Playgrounds with Transfer Platforms and Ground Level Play Features,Mother Gaston Blvd. and Glenmore Ave.,Howard Playground,Adults Allowed,B260-CPA-0001,03/31/2020,06/20/2020,316,B-16,40.671722412109375,-73.90773010253906,POINT (-73.90773010253906 40.671722412109375)
X,Completely Locked,06/22/2020 09:46:20 AM,X034,X034-06,,Active,Yes,Level 3: Accessible Playgrounds with Universally Accessible Swings,Cromwell Ave & McClellan St,Mullaly Plgd (2),Adults not allowed in some locations,X034-CPA-0002,03/31/2020,06/21/2020,204,X-04,40.83427810668945,-73.92335510253906,POINT (-73.92335510253906 40.83427810668945)
B,Completely Locked,06/22/2020 04:15:01 PM,B099,B099,,Active,Yes,Level 3: Accessible Playgrounds with Universally Accessible Swings,"16 Ave., New Utrecht Ave. bet. 70 St. and 71 St.",Lt. Joseph Petrosino Park,Adults Allowed,B099-CPA-0001,03/31/2020,06/20/2020,311,B-11,40.619144439697266,-73.99842071533203,POINT (-73.99842071533203 40.619144439697266)
M,Partially Locked,07/07/2020 02:57:46 PM,M158,M158,,,,,"1 Ave., bet. E. 41 St. and E. 42 St.",Robert Moses Playground,,,03/31/2020,07/06/2020,106,M-06,40.74827575683594,-73.96967315673828,POINT (-73.96967315673828 40.74827575683594)
B,Completely Locked,06/22/2020 01:34:17 PM,B097,B097,,Active,Yes,Level 4: Accessible Playgrounds with Transfer Platforms and Ground Level Play Features,E. 95 St. bet. Ave. L and Ave. K,Sledge Playground,Adults Allowed,B097-CPA-0001,03/31/2020,06/22/2020,318,B-18,40.638206481933594,-73.89790344238281,POINT (-73.89790344238281 40.638206481933594)
X,Completely Locked,06/22/2020 10:15:17 AM,X271,X271,,Active,No,Not Applicable,E 170 St bet. Sheridan Av and Morris Av,Grant Park,Unknown,X271-CPA-0001,03/31/2020,,204,X-04,40.836063385009766,-73.91387176513672,POINT (-73.91387176513672 40.836063385009766)
B,Completely Locked,06/22/2020 03:35:31 PM,B232,B232,,Active,Yes,Level 4: Accessible Playgrounds with Transfer Platforms and Ground Level Play Features,Dean St. to Bergen St. between 6 Ave. and Carlton Ave.,Dean Playground,Adults Allowed,B232-CPA-0001,03/31/2020,06/22/2020,308,B-08,40.68111038208008,-73.97361755371094,POINT (-73.97361755371094 40.68111038208008)
B,Completely Locked,06/22/2020 04:19:50 PM,B361,B361,,Active,Yes,Level 4: Accessible Playgrounds with Transfer Platforms and Ground Level Play Features,Warren St. to Baltic St. between Hoyt St. and Smith St.,Boerum Park,Adults Allowed,B361-CPA-0001,03/31/2020,06/22/2020,306,B-06,40.68452835083008,-73.99018859863281,POINT (-73.99018859863281 40.68452835083008)
Q,Completely Locked,06/21/2020 04:56:36 PM,Q382,Q382,,Active,No,Not Applicable,Arverne Blvd. bet. Beach 57 St. and Beach 56 St.,Cardozo Playground,Adults Allowed,Q382-CPA-0001,03/31/2020,06/21/2020,414,Q-14,40.59375762939453,-73.78662109375,POINT (-73.78662109375 40.59375762939453)
M,Completely Locked,06/22/2020 04:37:17 PM,M213,M213,,Active,Yes,Level 4: Accessible Playgrounds with Transfer Platforms and Ground Level Play Features,"N/s E. 104 St., Madison Ave. and Park Ave.",Mae Grant Playground,Adults Allowed,M213-CPA-0001,03/31/2020,06/22/2020,111,M-11,40.7924690246582,-73.94962310791016,POINT (-73.94962310791016 40.7924690246582)
X,Completely Locked,06/22/2020 10:25:30 AM,X085,X085,,Active,Yes,Level 3: Accessible Playgrounds with Universally Accessible Swings,E. 183 St. bet. Valentine Ave. and Ryer,Slattery Playground,Unknown,X085-CPA-0001,03/31/2020,06/21/2020,205,X-05,40.85728454589844,-73.8983154296875,POINT (-73.8983154296875 40.85728454589844)
Q,Completely Locked,06/21/2020 03:03:32 PM,Q005,Q005-04,,Active,Yes,Level 2: Accessible Playgrounds with Ramped Play Equipment and Universally Accessible Swings,Lakeview Lane & 122 Ave,Lakeview Lane Playground,Unknown,Q005-CPA-0002,03/31/2020,06/21/2020,412,Q-12,40.67772674560547,-73.78236389160156,POINT (-73.78236389160156 40.67772674560547)
M,Completely Locked,06/22/2020 03:32:53 PM,M071,M071-34,,Active,Yes,Level 4: Accessible Playgrounds with Transfer Platforms and Ground Level Play Features,"W 105-106 Sts, Riverside Dr",Tot Lot One Hundred Five,Unknown,M071-CPA-0009,03/31/2020,06/21/2020,107,M-14,40.801734924316406,-73.97093963623047,POINT (-73.97093963623047 40.801734924316406)
Q,Completely Locked,06/21/2020 02:55:40 PM,Q285,Q285,,Active,Yes,Level 4: Accessible Playgrounds with Transfer Platforms and Ground Level Play Features,Centreville St. bet. 133 Ave. and 103 St.,Al Stabile Playground,Adults Allowed,Q285-CPA-0001,03/31/2020,06/21/2020,410,Q-10,40.67726516723633,-73.83540344238281,POINT (-73.83540344238281 40.67726516723633)
B,Completely Locked,06/22/2020 04:41:51 PM,B137,B137,,Active,Yes,Level 4: Accessible Playgrounds with Transfer Platforms and Ground Level Play Features,Schermerhorn St. bet. Nevins St. and 3 Ave.,Sixteen Sycamores Playground,Adults not allowed in some locations,B137-CPA-0001,03/31/2020,06/22/2020,302,B-02,40.68688201904297,-73.98130798339844,POINT (-73.98130798339844 40.68688201904297)
B,Not Lockable,06/22/2020 03:35:31 PM,B159,B159-01,,Active,Yes,Level 3: Accessible Playgrounds with Universally Accessible Swings,Eastern Pkwy Between Washington Ave & Flatbush Ave,Mt Prospect Park Playground,Adults not allowed in some locations,B159-CPA-0001,03/31/2020,06/22/2020,355,B-08,40.672088623046875,-73.9660873413086,POINT (-73.9660873413086 40.672088623046875)
B,Completely Locked,06/24/2020 02:55:26 PM,B330,B330,,Active,No,Not Applicable,Veterans Ave. between E. 66 St. and E 68 St.,Hickman Playground,Adults Allowed,B330-CPA-0001,03/31/2020,06/24/2020,318,B-18,40.62018966674805,-73.91210174560547,POINT (-73.91210174560547 40.62018966674805)
B,Completely Locked,06/22/2020 04:37:04 PM,B295,B295,,Active,Yes,Level 4: Accessible Playgrounds with Transfer Platforms and Ground Level Play Features,Flushing Ave. between N. Portland Ave. and N. Oxford St.,Oxport Playground,Adults Allowed,B295-CPA-0001,03/31/2020,06/22/2020,302,B-02,40.69780731201172,-73.97649383544922,POINT (-73.97649383544922 40.69780731201172)
M,Completely Locked,06/22/2020 12:52:14 PM,M014,M014-03,,Active,Yes,Level 2: Accessible Playgrounds with Ramped Play Equipment and Universally Accessible Swings,W 149 St & Bradhurst Ave,"Playground One Forty Nine, CIL",Adults Allowed,M014-CPA-0002,03/31/2020,06/21/2020,110,M-10,40.82603073120117,-73.94115447998047,POINT (-73.94115447998047 40.82603073120117)
M,Completely Locked,06/22/2020 11:06:04 AM,M301,M301,,Active,Yes,Level 4: Accessible Playgrounds with Transfer Platforms and Ground Level Play Features,W. 90 St. bet. Amsterdam Ave. and Columbus Ave.,St. Gregory's Playground,Adults Allowed,M301-CPA-0001,03/31/2020,06/21/2020,107,M-07,40.789546966552734,-73.97187042236328,POINT (-73.97187042236328 40.789546966552734)
R,Completely Locked,06/22/2020 02:24:28 PM,R129,R129-01,,Active,No,Not Applicable,"Brielle Ave, Rockland Ave, Walcott Ave",Greenbelt Recreation Center Playground,Unknown,R129-CPA-0001,03/31/2020,06/22/2020,502,R-02,40.592533111572266,-74.1390609741211,POINT (-74.1390609741211 40.592533111572266)
M,Completely Locked,06/22/2020 11:49:08 AM,M037,M037-05B,,Active,Yes,Level 4: Accessible Playgrounds with Transfer Platforms and Ground Level Play Features,N/o W 172 St By Pool,CPF Plgd,Adults not allowed in some locations,M037-CPA-0003,03/31/2020,06/21/2020,112,M-12A,40.84196853637695,-73.93388366699219,POINT (-73.93388366699219 40.84196853637695)
B,Completely Locked,06/22/2020 01:55:05 PM,B169A,B169A,,Active,Yes,Level 2: Accessible Playgrounds with Ramped Play Equipment and Universally Accessible Swings,Brighton 2 St. bet. Brightwater Ct. and Boardwalk E.,Brighton Playground,Adults not allowed in some locations,B169A-CPA-0001,03/31/2020,06/22/2020,313,B-13,40.57516098022461,-73.96513366699219,POINT (-73.96513366699219 40.57516098022461)
M,Completely Locked,06/22/2020 03:12:39 PM,M251,M251,,Active,Yes,Level 4: Accessible Playgrounds with Transfer Platforms and Ground Level Play Features,"Hudson St., Bleecker St. and 8 Ave.",Bleecker Playground,Adults Allowed,M251-CPA-0001,03/31/2020,06/21/2020,102,M-02,40.736331939697266,-74.00545501708984,POINT (-74.00545501708984 40.736331939697266)
X,Completely Locked,06/22/2020 11:15:32 AM,X169,X169,,Active,Yes,Level 4: Accessible Playgrounds with Transfer Platforms and Ground Level Play Features,Barnes Ave. bet. E. 216 St. and E. 215 St.,Agnes Haywood Playground,Adults Allowed,X169-CPA-0001,03/31/2020,06/21/2020,212,X-12,40.880428314208984,-73.86151885986328,POINT (-73.86151885986328 40.880428314208984)
M,Completely Locked,06/22/2020 01:03:07 PM,M058,M058-01,,Active,Yes,Level 4: Accessible Playgrounds with Transfer Platforms and Ground Level Play Features,E 121st & Madison Ave,Mt. Morris East,Unknown,M058-CPA-0001,03/31/2020,06/21/2020,111,M-11,40.80329132080078,-73.94329071044922,POINT (-73.94329071044922 40.80329132080078)
X,Completely Locked,07/06/2020 12:48:43 PM,X148C7,X148C7,,,,,S/s Cross Bronx Exwy bet. Townsend Av and Jerome Av,Jerome Playground South,,,03/31/2020,07/06/2020,204,X-04,40.84480285644531,-73.91400146484375,POINT (-73.91400146484375 40.84480285644531)
X,Completely Locked,06/22/2020 11:06:29 AM,X163,X163,,Active,Yes,Level 4: Accessible Playgrounds with Transfer Platforms and Ground Level Play Features,Morris Park Ave. bet. Haight Ave. and Tomlinson Ave.,Loreto Playground,Adults Allowed,X163-CPA-0001,03/31/2020,06/21/2020,211,X-11,40.848793029785156,-73.85220336914062,POINT (-73.85220336914062 40.848793029785156)
X,Completely Locked,06/22/2020 10:18:10 AM,X281,X281,,Active,Yes,Level 2: Accessible Playgrounds with Ramped Play Equipment and Universally Accessible Swings,W 175 St bet. Washington Av and Bathgate Av,Stop & Go Playground,Adults not allowed in some locations,X281-CPA-0001,03/31/2020,06/21/2020,206,X-06,40.84477615356445,-73.8989486694336,POINT (-73.8989486694336 40.84477615356445)
X,Completely Locked,06/22/2020 11:13:37 AM,X156,X156,,Active,Yes,Level 3: Accessible Playgrounds with Universally Accessible Swings,Adee Ave. at Tenboeck Ave.,Eastchester Playground,Adults Allowed,X156-CPA-0001,03/31/2020,06/21/2020,211,X-11,40.86979675292969,-73.85245513916016,POINT (-73.85245513916016 40.86979675292969)
M,Completely Locked,06/22/2020 11:17:06 AM,M010,M010-167,,Active,Yes,Level 4: Accessible Playgrounds with Transfer Platforms and Ground Level Play Features,84 St & Central Park West,Mariner's Gate Plgd,Unknown,M010-CPA-0010,03/31/2020,06/21/2020,164,M-13,40.784061431884766,-73.96965026855469,POINT (-73.96965026855469 40.784061431884766)
Q,Completely Locked,06/21/2020 06:56:47 PM,Q348,Q348,,Active,Yes,Level 4: Accessible Playgrounds with Transfer Platforms and Ground Level Play Features,72 Ave. bet. 112 St. and Grand Central Parkway,Willow Lake Playground,Adults Allowed,Q348-CPA-0001,03/31/2020,06/21/2020,406,Q-06,40.72248840332031,-73.83696746826172,POINT (-73.83696746826172 40.72248840332031)
Q,Completely Locked,06/22/2020 01:29:26 PM,Q066B,Q066B,,Active,Yes,Level 4: Accessible Playgrounds with Transfer Platforms and Ground Level Play Features,Hoyt Ave. bet. 21 St. and 23 St.,Triborough Bridge Playground B,Adults Allowed,Q066B-CPA-0001,03/31/2020,06/22/2020,401,Q-01,40.77450942993164,-73.92324829101562,POINT (-73.92324829101562 40.77450942993164)
B,Completely Locked,06/22/2020 04:15:01 PM,B277,B277,,Active,Yes,Level 4: Accessible Playgrounds with Transfer Platforms and Ground Level Play Features,Bath Ave. between Bay 22 St. and Bay 23 St.,Benson Playground,Adults Allowed,B277-CPA-0001,03/31/2020,06/20/2020,311,B-11,40.6021728515625,-74.00234985351562,POINT (-74.00234985351562 40.6021728515625)
R,Completely Locked,06/22/2020 01:59:07 PM,R062,R062,,Active,Yes,Level 2: Accessible Playgrounds with Ramped Play Equipment and Universally Accessible Swings,"Sand La., Major Ave. and Mcfarland Ave.",Arrochar Playground,Unknown,R062-CPA-0001,03/31/2020,06/22/2020,502,R-02,40.59770965576172,-74.07122802734375,POINT (-74.07122802734375 40.59770965576172)
Q,Completely Locked,06/21/2020 06:41:49 PM,Q101,Q101,,Active,Yes,Level 4: Accessible Playgrounds with Transfer Platforms and Ground Level Play Features,79 St. bet. 68 Rd. and 69 Ave.,Middle Village Playground,Adults Allowed,Q101-CPA-0001,03/31/2020,06/21/2020,405,Q-05,40.71028137207031,-73.87369537353516,POINT (-73.87369537353516 40.71028137207031)
Q,Partially Locked,06/22/2020 01:08:10 PM,Q329,Q329,,Active,Yes,Level 4: Accessible Playgrounds with Transfer Platforms and Ground Level Play Features,"Kissena Blvd., 155 St. bet. 65 Ave. and Melbourne Ave.",Pomonok Playground,Adults Allowed,Q329-CPA-0001,03/31/2020,06/21/2020,408,Q-08,40.73660659790039,-73.81388854980469,POINT (-73.81388854980469 40.73660659790039)
R,Not Lockable,06/22/2020 01:53:04 PM,R022,R022-05,,Active,No,Not Applicable,Center Of Zone 2 Closer To Victory Blvd,Silver Lake Park Tot Lot,Adults Allowed,R022-CPA-0002,03/31/2020,06/22/2020,501,R-01,40.62895584106445,-74.0907211303711,POINT (-74.0907211303711 40.62895584106445)
Q,Completely Locked,06/23/2020 09:24:32 AM,Q366,Q366,,Active,Yes,Level 3: Accessible Playgrounds with Universally Accessible Swings,25 Ave. bet. 76 St. and 77 St.,Louis C. Moser Playground,Adults Allowed,Q366-CPA-0001,03/31/2020,06/23/2020,403,Q-03,40.76270294189453,-73.8920669555664,POINT (-73.8920669555664 40.76270294189453)
M,Completely Locked,06/22/2020 12:57:27 PM,M355,M355,,Active,No,Not Applicable,W. 146 St. bet. Fredrick Douglass Blvd. and Adam Clayton Powell Blvd.,Robert L. Clinkscales Playground and Community Garden,Adults Allowed,M355-CPA-0001,03/31/2020,06/21/2020,110,M-10,40.822547912597656,-73.93990325927734,POINT (-73.93990325927734 40.822547912597656)
B,Completely Locked,06/22/2020 04:20:06 PM,B288,B288,,Active,Yes,Level 2: Accessible Playgrounds with Ramped Play Equipment and Universally Accessible Swings,6 Ave. between 18 St. and 19 St.,Slope Park Playground,Adults Allowed,B288-CPA-0001,03/31/2020,06/22/2020,307,B-07,40.66134262084961,-73.9894027709961,POINT (-73.9894027709961 40.66134262084961)
Q,Completely Locked,06/22/2020 10:23:18 AM,Q300,Q300-06,,Active,No,Not Applicable,Main St & 56 Ave,NYHMC Playground,Unknown,Q300-CPA-0005,03/31/2020,06/22/2020,407,Q-07,40.74846649169922,-73.82546997070312,POINT (-73.82546997070312 40.74846649169922)
Q,Partially Locked,06/21/2020 10:11:32 AM,Q001,Q001-04,,Active,Yes,Level 4: Accessible Playgrounds with Transfer Platforms and Ground Level Play Features,Horatio Pkwy & 50th Ave,Horatio Playground,Unknown,Q001-CPA-0002,03/31/2020,06/21/2020,411,Q-07A,40.758670806884766,-73.7535629272461,POINT (-73.7535629272461 40.758670806884766)
M,Completely Locked,06/22/2020 05:16:44 PM,M226,M226,,Active,Yes,Level 2: Accessible Playgrounds with Ramped Play Equipment and Universally Accessible Swings,"2 Ave., E. 19 St. To E. 20 St.",Augustus St. Gaudens Playground,Adults Allowed,M226-CPA-0001,03/31/2020,06/21/2020,106,M-06,40.73548889160156,-73.98217010498047,POINT (-73.98217010498047 40.73548889160156)
M,Completely Locked,06/22/2020 03:29:11 PM,M071,M071-04,,Active,Yes,Level 3: Accessible Playgrounds with Universally Accessible Swings,W 76 St & Riverside Dr,Neufeld Plgd,Unknown,M071-CPA-0004,03/31/2020,06/21/2020,107,M-14,40.783470153808594,-73.98494720458984,POINT (-73.98494720458984 40.783470153808594)
Q,Completely Locked,06/21/2020 04:56:36 PM,Q403,Q403,,Active,Yes,Level 3: Accessible Playgrounds with Universally Accessible Swings,"B 80 St., B 79 St., Rockaway Beach Blvd., Beach Channel Dr.",Beach Channel Playground,Adults Allowed,Q403-CPA-0001,03/31/2020,06/21/2020,414,Q-14,40.58896255493164,-73.80547332763672,POINT (-73.80547332763672 40.58896255493164)
B,Completely Locked,06/22/2020 04:40:11 PM,B301,B301,,Active,Yes,Level 2: Accessible Playgrounds with Ramped Play Equipment and Universally Accessible Swings,Greene Ave. bet. Waverly Ave. and Washington Ave.,Greene Playground,Adults Allowed,B301-CPA-0001,03/31/2020,06/22/2020,302,B-02,40.686363220214844,-73.96575927734375,POINT (-73.96575927734375 40.686363220214844)
X,Completely Locked,06/22/2020 10:44:19 AM,X104,X104-03,,Active,Yes,Level 4: Accessible Playgrounds with Transfer Platforms and Ground Level Play Features,Reservoir Oval West,Williamsbridge Oval,Adults not allowed in some locations,X104-CPA-0003,03/31/2020,06/21/2020,207,X-07,40.878604888916016,-73.87714385986328,POINT (-73.87714385986328 40.878604888916016)
Q,Completely Locked,06/21/2020 06:55:59 PM,Q357B01,Q357B01,,,,,"Horace Harding Exwy. Sr. Rd. S., 62 Ave. bet. 102 St. and Yellowstone Blvd.",Barrier Playground,,,03/31/2020,06/21/2020,406,Q-06,40.736270904541016,-73.85493469238281,POINT (-73.85493469238281 40.736270904541016)
X,Completely Locked,06/22/2020 10:26:17 AM,X292,X292,,Active,Yes,Level 2: Accessible Playgrounds with Ramped Play Equipment and Universally Accessible Swings,E. 181 St. bet. Morris Ave. and Creston,Morris Garden,Unknown,X292-CPA-0001,03/31/2020,06/21/2020,205,X-05,40.85463333129883,-73.9037857055664,POINT (-73.9037857055664 40.85463333129883)
X,Completely Locked,06/22/2020 11:01:41 AM,X203,X203,,Active,Yes,Level 4: Accessible Playgrounds with Transfer Platforms and Ground Level Play Features,Randall Ave. bet. Olmstead Ave. and Castle Hill Ave.,Randall Playground,Adults Allowed,X203-CPA-0001,03/31/2020,06/21/2020,209,X-09,40.819156646728516,-73.84949493408203,POINT (-73.84949493408203 40.819156646728516)
